ExternalID,SurveyNumber,QuestionID,Questions,QuestionType,Answer,Answer_normalized,sentiment,entities,topic_label,topic_id
,S25120024,296,بشكل عام، ما مدى رضاك عن خدماتنا؟,EMOJIS,1,1,neutral,[],", , , , , , , , , ",22
29614249387192449,S25120024,296,بشكل عام، ما مدى رضاك عن خدماتنا؟,EMOJIS,2,2,neutral,[],", , , , , , , , , ",22
48164499414409065,S25120024,296,بشكل عام، ما مدى رضاك عن خدماتنا؟,EMOJIS,3,3,neutral,[],", , , , , , , , , ",16
14679313066594349,S25120024,296,بشكل عام، ما مدى رضاك عن خدماتنا؟,EMOJIS,4,4,neutral,[],", , , , , , , , , ",16
58260897809422701,S25120024,296,بشكل عام، ما مدى رضاك عن خدماتنا؟,EMOJIS,5,5,neutral,[],", , , , , , , , , ",16
44710991658674595,S25120024,297,ما مدى رضاك عن أداء مندوب المبيعات الذي قام بخدمتك؟,EMOJIS,1,1,neutral,[],", , , , , , , , , ",22
43769892783859097,S25120024,297,ما مدى رضاك عن أداء مندوب المبيعات الذي قام بخدمتك؟,EMOJIS,2,2,neutral,[],", , , , , , , , , ",22
2061902787314123,S25120024,297,ما مدى رضاك عن أداء مندوب المبيعات الذي قام بخدمتك؟,EMOJIS,3-Acceptable/مقبول,3-مقبول,neutral,[],"موظف متميز, مقبول, تعمل ممتاز, ممتاز, تعمل, مندوب رائع, متميز, جيد, موظف, الموظف",21
57578038032338429,S25120024,297,ما مدى رضاك عن أداء مندوب المبيعات الذي قام بخدمتك؟,EMOJIS,4,4,neutral,[],", , , , , , , , , ",16
54188713562213306,S25120024,297,ما مدى رضاك عن أداء مندوب المبيعات الذي قام بخدمتك؟,EMOJIS,5,5,neutral,[],", , , , , , , , , ",16
20578119168627418,S25120024,298,ما مدى رضاك عن سرعة ودقة تنفيذ طلبك في الوقت المحدد؟,EMOJIS,1,1,neutral,[],", , , , , , , , , ",22
,S25120024,298,ما مدى رضاك عن سرعة ودقة تنفيذ طلبك في الوقت المحدد؟,EMOJIS,2,2,neutral,[],", , , , , , , , , ",22
32088748682648188,S25120024,298,ما مدى رضاك عن سرعة ودقة تنفيذ طلبك في الوقت المحدد؟,EMOJIS,3,3,neutral,[],", , , , , , , , , ",16
57578038032338429,S25120024,298,ما مدى رضاك عن سرعة ودقة تنفيذ طلبك في الوقت المحدد؟,EMOJIS,4,4,neutral,[],", , , , , , , , , ",16
14443230733048737,S25120024,298,ما مدى رضاك عن سرعة ودقة تنفيذ طلبك في الوقت المحدد؟,EMOJIS,5,5,neutral,[],", , , , , , , , , ",16
19039455404477539,S25120024,299,ما مدى احتمالية أن توصي بشركة قنوات كمورد لزميل أو شريك تجاري؟,MULTIPLE_CHOICE,,,neutral,[],غير محدد,-1
32430502547732697,S25120024,300,رأيك يهمنا، فضلاً شاركنا تعليق او مقترح يساعد في تحسين التجربة,TEXT_INPUT,يوجد بعض التاخير من المندوب في تسليم الشرائح كما يوجد صعوبه في التواصل هذى الملاحظه بخصخصوص فرع الصفاء رقم التاجر  خر رقمين ٧٢,يوجد بعض التاخير المندوب في تسليم الشرائح كما يوجد صعوبه في التواصل هذي الملاحظه بخصخصوص فرع الصفاء رقم التاجر خر رقمين ٧٢,negative,[],متنوع,-1
50383743425360150,S25120024,300,رأيك يهمنا، فضلاً شاركنا تعليق او مقترح يساعد في تحسين التجربة,TEXT_INPUT,يوجد اتفاقية تركيب لوحة ولم استلم المبالغ,يوجد اتفاقيه تركيب لوحه ولم استلم المبالغ,neutral,[],"نقل, الرقم, ولم, الاتصال, ارجو, اطالب, نقل الملكيه, خدمه نقل, زياره, عرض",30
28440410924405915,S25120024,300,رأيك يهمنا، فضلاً شاركنا تعليق او مقترح يساعد في تحسين التجربة,TEXT_INPUT,يفضل اظافة خاصية esim نظرا لكثرة السؤال عليها وشكرا,يفضل اظافه خاصيه نظرا لكثره السؤال عليها وشكرا,neutral,[],"خاصيه, ننتظر, عليها, عدم توفير, توفير شرائح, ملاحظه, عدم, مميز, حتي, وشكرا",60
53065367723418554,S25120024,300,رأيك يهمنا، فضلاً شاركنا تعليق او مقترح يساعد في تحسين التجربة,TEXT_INPUT,يعطيه العافيه الموظف سريع بالانجاز شكراااا,يعطيه العافيه الموظف سريع بالانجاز شكراااا,positive,[],متنوع,-1
50333109973859891,S25120024,300,رأيك يهمنا، فضلاً شاركنا تعليق او مقترح يساعد في تحسين التجربة,TEXT_INPUT,يعطيكم العافيه على سرعة الاستجابه,يعطيكم العافيه علي سرعه الاستجابه,positive,[],"علي سرعه, الاستجابه, سرعه الاستجابه, سرعه, تركي علي, نشكر, والمتابعه شكرا, الاستجابه والمتابعه, الاستجابه شكرا, والمتابعه",4
19755897620831819,S25120024,300,رأيك يهمنا، فضلاً شاركنا تعليق او مقترح يساعد في تحسين التجربة,TEXT_INPUT,يعطيك الف الف عافيه,يعطيك الف الف عافيه,positive,[],"الف, الف الف, الف شكرا, يعطيك, شكرا الله, الله يعطيك, يعطيك العافيه, يجزاك, الله يجزاك, يجزاك خير",37
48852333289812141,S25120024,300,رأيك يهمنا، فضلاً شاركنا تعليق او مقترح يساعد في تحسين التجربة,TEXT_INPUT,يعطيك العافيه الاخ تركي,يعطيك العافيه الاخ تركي,positive,[],"يعطيك العافيه, يعطيك, العافيه, الاخ تركي, الاخ, ناصر, الله يعطيك, تركي, الله, ",62
49204346235323202,S25120024,300,رأيك يهمنا، فضلاً شاركنا تعليق او مقترح يساعد في تحسين التجربة,TEXT_INPUT,يعطيك العافيه,يعطيك العافيه,positive,[],"العافيه الله, العافيه, يعطيكم العافيه, يعطيكم, يعطيك العافيه, يعطيك, الله, , , ",73
20356979723716562,S25120024,300,رأيك يهمنا، فضلاً شاركنا تعليق او مقترح يساعد في تحسين التجربة,TEXT_INPUT,يعطيك العافية يابو ناصر ,يعطيك العافيه يابو ناصر,positive,[],"يعطيك العافيه, يعطيك, العافيه, الاخ تركي, الاخ, ناصر, الله يعطيك, تركي, الله, ",62
52927157933182483,S25120024,300,رأيك يهمنا، فضلاً شاركنا تعليق او مقترح يساعد في تحسين التجربة,TEXT_INPUT,يستاهل اعلى درجات التقييم الأستاذ تركي خير من يمثل شركة stc اسأل الله له التوفيق والسداد ,يستاهل اعلي درجات التقييم الاستاذ تركي خير يمثل شركه اسال الله له التوفيق والسداد,positive,[],"الاستاذ, اشكره, التوفيق, جدا التعامل, يستاهل اعلي, يمثل, وانجاز, قصر, التقييم, اعلي",24
58628333493793570,S25120024,300,رأيك يهمنا، فضلاً شاركنا تعليق او مقترح يساعد في تحسين التجربة,TEXT_INPUT,ياليت انتمكم تشوفوم حل البصمة اةوجھ ان بع,ياليت انتمكم تشوفوم حل البصمه اهوجھ ان بع,negative,[],"الاقامه, ماتنزل, للان, شهر, الموظف سيء, تعامل الموظف, منافذ, الشرائح, الفرع, متوفره",58
56714507466625945,S25120024,300,رأيك يهمنا، فضلاً شاركنا تعليق او مقترح يساعد في تحسين التجربة,TEXT_INPUT,ونعم الرجل ,ونعم الرجل,positive,[],متنوع,-1
48008130506838072,S25120024,300,رأيك يهمنا، فضلاً شاركنا تعليق او مقترح يساعد في تحسين التجربة,TEXT_INPUT,ونعم استاذ تركي ,ونعم استاذ تركي,positive,[],"استاذ, تركي شكرا, عبدالرحمن شكرا, شكرا عبدالرحمن, عبدالرحمن, شكرا, شكرا منصور, منصور شكرا, شكرا شكرا, شكرا للاخ",13
13383838505541255,S25120024,300,رأيك يهمنا، فضلاً شاركنا تعليق او مقترح يساعد في تحسين التجربة,TEXT_INPUT,ولا نزال بتعب مستمر مع المندوب ناصر الشمري بسبب الشرايح والعذر عدم وجود شرايح في المستودعات ,ولا نزال بتعب مستمر مع المندوب ناصر الشمري بسبب الشرايح والعذر عدم وجود شرايح في المستودعات,negative,[],"كويك بلس, بلس, كويك, تطبيق, الشرايح, عدم, مثل, وقت, كثير, التجار",1
15564874867034255,S25120024,300,رأيك يهمنا، فضلاً شاركنا تعليق او مقترح يساعد في تحسين التجربة,TEXT_INPUT,وفق الله الجميع ,وفق الله الجميع,positive,[],متنوع,-1
13034942760983746,S25120024,300,رأيك يهمنا، فضلاً شاركنا تعليق او مقترح يساعد في تحسين التجربة,TEXT_INPUT,وضع ميزات لشركائكم حسب الاهميه والتفعيل ,وضع ميزات لشركائكم حسب الاهميه والتفعيل,neutral,[],"تواصل الشركه, تطوير, عمل, حسب, السوق, قنوات وتوفير, كافيه, وضع, الاسعار, وتوفير",44
22478177669847479,S25120024,300,رأيك يهمنا، فضلاً شاركنا تعليق او مقترح يساعد في تحسين التجربة,TEXT_INPUT,ودنا بشورات ولبس STSوخصم للعميل في اول اشتراك لكي يشد العميل في Sts,ودنا بشورات ولبس وخصم للعميل في اول اشتراك لكي يشد العميل في,neutral,[],متنوع,-1
34580503313506430,S25120024,300,رأيك يهمنا، فضلاً شاركنا تعليق او مقترح يساعد في تحسين التجربة,TEXT_INPUT,والله خدمة طيبه,والله خدمه طيبه,positive,[],"خدمه, مميزه, خدمه مميزه, ممتازه, خدمه جدا, جدا ممتازه, سريعه, سيئه, خدمات, خدماتكم",8
15742371655550992,S25120024,300,رأيك يهمنا، فضلاً شاركنا تعليق او مقترح يساعد في تحسين التجربة,TEXT_INPUT,والله افضل مندوب مر علينا من يوم مافكيت المكتب ,والله افضل مندوب مر علينا يوم مافكيت المكتب,positive,[],"افضل, افضل مندوب, مندوب, وافضل مندوب, وافضل, افضل موظف, علينا, افضل شركه, افضل الشركات, وانجاز",7
2061902787314123,S25120024,300,رأيك يهمنا، فضلاً شاركنا تعليق او مقترح يساعد في تحسين التجربة,TEXT_INPUT,نواجه نقصًا حادًا في تزويدنا بشرائح الاتصال، حيث لا يتناسب العدد المورّد مع حجم مبيعاتنا وتعدد فروعنا. هذا القصور يؤثر بشكل مباشر على عملياتنا التجارية ويعيق تلبية طلبات عملائنا. نطالب بزيادة الكميات المورّدة بشكل عاجل لضمان استمرارية العمل وعدم تعطل المبيعات.,نواجه نقصًا حادًا في تزويدنا بشرائح الاتصال، حيث لا يتناسب العدد المورّد مع حجم مبيعاتنا وتعدد فروعنا هذا القصور يؤثر بشكل مباشر علي عملياتنا التجاريه ويعيق تلبيه طلبات عملائنا نطالب بزياده الكميات المورّده بشكل عاجل لضمان استمراريه العمل وعدم تعطل المبيعات,negative,[],"تم, وعدم, ولا, قنوات, بشكل, بسبب, الاتصالات, الشركات, ان, وهذا",3
46948458479015314,S25120024,300,رأيك يهمنا، فضلاً شاركنا تعليق او مقترح يساعد في تحسين التجربة,TEXT_INPUT,نواجه بعض الصعوبات الرجاء العمل على حلها في أسرع وقت ممكن ,نواجه بعض الصعوبات الرجاء العمل علي حلها في اسرع وقت ممكن,neutral,[],"كويك بلس, بلس, كويك, تطبيق, الشرايح, عدم, مثل, وقت, كثير, التجار",1
36302515904204777,S25120024,300,رأيك يهمنا، فضلاً شاركنا تعليق او مقترح يساعد في تحسين التجربة,TEXT_INPUT,نمبر ون,نمبر ون,neutral,[],"خدمه, مميزه, خدمه مميزه, ممتازه, خدمه جدا, جدا ممتازه, سريعه, سيئه, خدمات, خدماتكم",8
14160814135564855,S25120024,300,رأيك يهمنا، فضلاً شاركنا تعليق او مقترح يساعد في تحسين التجربة,TEXT_INPUT,نفس المشكله في كل مره عدد الشرايح قليل جدا ,نفس المشكله في كل مره عدد الشرايح قليل جدا,negative,[],متنوع,-1
12395673358287744,S25120024,300,رأيك يهمنا، فضلاً شاركنا تعليق او مقترح يساعد في تحسين التجربة,TEXT_INPUT,نعيش مع شركة قنوات معاناة كبيره بسبب شح في المخزون من الشرائح مما جعل التجار يقدمون عليها باقي الشركات في التسويق للعملاء وهذا بلا شك يؤثر سلباً على اداء الشركة,نعيش مع شركه قنوات معاناه كبيره بسبب شح في المخزون الشرائح مما جعل التجار يقدمون عليها باقي الشركات في التسويق للعملاء وهذا بلا شك يؤثر سلباً علي اداء الشركه,negative,[],"تم, وعدم, ولا, قنوات, بشكل, بسبب, الاتصالات, الشركات, ان, وهذا",3
27377878104667014,S25120024,300,رأيك يهمنا، فضلاً شاركنا تعليق او مقترح يساعد في تحسين التجربة,TEXT_INPUT,نعم يوجد لدي مشاكل,نعم يوجد لدي مشاكل,negative,[],"لدي مشاكل, يوجد لدي, ملاحظه, اي, لدي, مشاكل, لايوجد, يوجد, , ",64
10778654627001017,S25120024,300,رأيك يهمنا، فضلاً شاركنا تعليق او مقترح يساعد في تحسين التجربة,TEXT_INPUT,نعاني نحن التجار من عدم توفير المخزون الكافي من شرايح الخخام وكذلك عدم اصلاح الاخطاء الفنية في تطبيق كويك بلس,نعاني نحن التجار عدم توفير المخزون الكافي شرايح الخخام وكذلك عدم اصلاح الاخطاء الفنيه في تطبيق كويك بلس,negative,[],"كويك بلس, بلس, كويك, تطبيق, الشرايح, عدم, مثل, وقت, كثير, التجار",1
21204603676514220,S25120024,300,رأيك يهمنا، فضلاً شاركنا تعليق او مقترح يساعد في تحسين التجربة,TEXT_INPUT,نعاني نحن التجار من شح مخزون الشرائح الى دجة اننا نجلس بالايام بدون شرايح وكذلك كثرة الاعطال في تطبيق كويك بلس,نعاني نحن التجار شح مخزون الشرائح الي دجه اننا نجلس بالايام بدون شرايح وكذلك كثره الاعطال في تطبيق كويك بلس,negative,[],"كويك بلس, بلس, كويك, تطبيق, الشرايح, عدم, مثل, وقت, كثير, التجار",1
16308803299267764,S25120024,300,رأيك يهمنا، فضلاً شاركنا تعليق او مقترح يساعد في تحسين التجربة,TEXT_INPUT,نعاني من عدم توفر الشرايح بشكميات كافيه واحياناً يتعطل العمل بسبب عدم وجودها,نعاني عدم توفر الشرايح بشكميات كافيه واحياناً يتعطل العمل بسبب عدم وجودها,negative,[],"كويك بلس, بلس, كويك, تطبيق, الشرايح, عدم, مثل, وقت, كثير, التجار",1
51610575677121440,S25120024,300,رأيك يهمنا، فضلاً شاركنا تعليق او مقترح يساعد في تحسين التجربة,TEXT_INPUT,نظام توزيع الشرايح سيء جدا اغلب الوقت منقطعه علينا بحجة المستودع فاضي ,نظام توزيع الشرايح سيء جدا اغلب الوقت منقطعه علينا بحجه المستودع فاضي,negative,[],"كويك بلس, بلس, كويك, تطبيق, الشرايح, عدم, مثل, وقت, كثير, التجار",1
59061218899209707,S25120024,300,رأيك يهمنا، فضلاً شاركنا تعليق او مقترح يساعد في تحسين التجربة,TEXT_INPUT,نطلب زيادة عدد الشرائح بكميات كبيرة ,نطلب زياده عدد الشرائح بكميات كبيره,neutral,[],متنوع,-1
30266249798947497,S25120024,300,رأيك يهمنا، فضلاً شاركنا تعليق او مقترح يساعد في تحسين التجربة,TEXT_INPUT,نضام التفعيل.  كثير المشاكل  كثره التوقف في النظام عند التفعيل,نضام التفعيل كثير المشاكل كثره التوقف في النظام عند التفعيل,negative,[],"كويك بلس, بلس, كويك, تطبيق, الشرايح, عدم, مثل, وقت, كثير, التجار",1
10857524491432423,S25120024,300,رأيك يهمنا، فضلاً شاركنا تعليق او مقترح يساعد في تحسين التجربة,TEXT_INPUT,نشكركم على الدعم لنا كموزع معتمد ,نشكركم علي الدعم لنا كموزع معتمد,positive,[],"شكرا علي, المميزه, شكرا, الخدمه, حسن, لكم, علي, الراقي, وشكرا, شكرا لكم",0
20711600780290678,S25120024,300,رأيك يهمنا، فضلاً شاركنا تعليق او مقترح يساعد في تحسين التجربة,TEXT_INPUT,نشكركم على الخدمه المميزه ,نشكركم علي الخدمه المميزه,positive,[],"شكرا علي, المميزه, شكرا, الخدمه, حسن, لكم, علي, الراقي, وشكرا, شكرا لكم",0
49716329236930565,S25120024,300,رأيك يهمنا، فضلاً شاركنا تعليق او مقترح يساعد في تحسين التجربة,TEXT_INPUT,نشكرا ,نشكرا,positive,[],متنوع,-1
1906979342530946,S25120024,300,رأيك يهمنا، فضلاً شاركنا تعليق او مقترح يساعد في تحسين التجربة,TEXT_INPUT,نشكر لكم حسن التعاون ,نشكر لكم حسن التعاون,positive,[],"شكرا علي, المميزه, شكرا, الخدمه, حسن, لكم, علي, الراقي, وشكرا, شكرا لكم",0
53700732687154511,S25120024,300,رأيك يهمنا، فضلاً شاركنا تعليق او مقترح يساعد في تحسين التجربة,TEXT_INPUT,نشكر عبدالرحمن علا حسن تعمل,نشكر عبدالرحمن علا حسن تعمل,positive,[],"شكرا علي, المميزه, شكرا, الخدمه, حسن, لكم, علي, الراقي, وشكرا, شكرا لكم",0
36226118592587130,S25120024,300,رأيك يهمنا، فضلاً شاركنا تعليق او مقترح يساعد في تحسين التجربة,TEXT_INPUT,نشكر تركي عبدالله على المتابعة المستمره,نشكر تركي عبدالله علي المتابعه المستمره,positive,[],"والمتابعه المستمره, المستمره, المستمره نشكر, والمتابعه, الاستجابه والمتابعه, تركي علي, اشكركم علي, والتواصل, الاستجابه, نشكر",33
48833449281999755,S25120024,300,رأيك يهمنا، فضلاً شاركنا تعليق او مقترح يساعد في تحسين التجربة,TEXT_INPUT,نشكر الموظف على التعاون وسرعة الخدمة ,نشكر الموظف علي التعاون وسرعه الخدمه,positive,[],متنوع,-1
19768644333459386,S25120024,300,رأيك يهمنا، فضلاً شاركنا تعليق او مقترح يساعد في تحسين التجربة,TEXT_INPUT,نشكر الموضف تركي عبدالله على سرعة استجابته وحسن تعامله وتجاوبه معنا في اي وق ,نشكر الموضف تركي عبدالله علي سرعه استجابته وحسن تعامله وتجاوبه معنا في اي وق,positive,[],"تعامله, حسن تعامله, اشكر الموظف, اشكر, استجابته, الموظف رضا, علي حسن, الشمري علي, رضا الشمري, الموظف",9
56376204277848316,S25120024,300,رأيك يهمنا، فضلاً شاركنا تعليق او مقترح يساعد في تحسين التجربة,TEXT_INPUT,نشكر المندوب تركي على سرعة الاستجابة والمتابعه,نشكر المندوب تركي علي سرعه الاستجابه والمتابعه,positive,[],"علي سرعه, الاستجابه, سرعه الاستجابه, سرعه, تركي علي, نشكر, والمتابعه شكرا, الاستجابه والمتابعه, الاستجابه شكرا, والمتابعه",4
36747317882808552,S25120024,300,رأيك يهمنا، فضلاً شاركنا تعليق او مقترح يساعد في تحسين التجربة,TEXT_INPUT,نشكر المندوب تركي عبدالله على المتابعة حتى في الويكند,نشكر المندوب تركي عبدالله علي المتابعه حتي في الويكند,positive,[],"علي سرعه, الاستجابه, سرعه الاستجابه, سرعه, تركي علي, نشكر, والمتابعه شكرا, الاستجابه والمتابعه, الاستجابه شكرا, والمتابعه",4
19769651777035665,S25120024,300,رأيك يهمنا، فضلاً شاركنا تعليق او مقترح يساعد في تحسين التجربة,TEXT_INPUT,نشكر المندوب تركي عبدالله على المتابعة المستمره ,نشكر المندوب تركي عبدالله علي المتابعه المستمره,positive,[],متنوع,-1
21628194559035540,S25120024,300,رأيك يهمنا، فضلاً شاركنا تعليق او مقترح يساعد في تحسين التجربة,TEXT_INPUT,نشكر المندوب الغامدي ,نشكر المندوب الغامدي,positive,[],"اشكرك, نشكر المندوب, الغامدي, المندوب, نشكر, شكرا, , , , ",69
47908487878856694,S25120024,300,رأيك يهمنا، فضلاً شاركنا تعليق او مقترح يساعد في تحسين التجربة,TEXT_INPUT,نشكر المشرف تركي على سىدرعة,نشكر المشرف تركي علي سيدرعه,positive,[],"علي سرعه, الاستجابه, سرعه الاستجابه, سرعه, تركي علي, نشكر, والمتابعه شكرا, الاستجابه والمتابعه, الاستجابه شكرا, والمتابعه",4
47908487878856694,S25120024,300,رأيك يهمنا، فضلاً شاركنا تعليق او مقترح يساعد في تحسين التجربة,TEXT_INPUT,نشكر المشرف تركي على سرعة الاستجابه,نشكر المشرف تركي علي سرعه الاستجابه,positive,[],"علي سرعه, الاستجابه, سرعه الاستجابه, سرعه, تركي علي, نشكر, والمتابعه شكرا, الاستجابه والمتابعه, الاستجابه شكرا, والمتابعه",4
17954178895438930,S25120024,300,رأيك يهمنا، فضلاً شاركنا تعليق او مقترح يساعد في تحسين التجربة,TEXT_INPUT,نشكر الاستاذ تركي على سرعة الاستجابة والمتابعة المستمرة,نشكر الاستاذ تركي علي سرعه الاستجابه والمتابعه المستمره,positive,[],"والمتابعه المستمره, المستمره, المستمره نشكر, والمتابعه, الاستجابه والمتابعه, تركي علي, اشكركم علي, والتواصل, الاستجابه, نشكر",33
51799587326449392,S25120024,300,رأيك يهمنا، فضلاً شاركنا تعليق او مقترح يساعد في تحسين التجربة,TEXT_INPUT,نشكر الاستاذ تركي على سرعة الاستجابة,نشكر الاستاذ تركي علي سرعه الاستجابه,positive,[],"علي سرعه, الاستجابه, سرعه الاستجابه, سرعه, تركي علي, نشكر, والمتابعه شكرا, الاستجابه والمتابعه, الاستجابه شكرا, والمتابعه",4
752799364917899,S25120024,300,رأيك يهمنا، فضلاً شاركنا تعليق او مقترح يساعد في تحسين التجربة,TEXT_INPUT,نشكر الاستاذ تركي ال حمزه على حسن التعامل والتوضيح والمتابعه,نشكر الاستاذ تركي ال حمزه علي حسن التعامل والتوضيح والمتابعه,positive,[],"حسن التعامل, للاستاذ, للاستاذ تركي, حمزه, تركي حمزه, والاهتمام, الف شكر, والمتابعه, علي المتابعه, المتابعه",18
20269244689786271,S25120024,300,رأيك يهمنا، فضلاً شاركنا تعليق او مقترح يساعد في تحسين التجربة,TEXT_INPUT,نشكر الاخ مبارك بن ناصر ونتمنا له التوفيق والنجاح ونشكر إدارة stc ,نشكر الاخ مبارك بن ناصر ونتمنا له التوفيق والنجاح ونشكر اداره,positive,[],متنوع,-1
52484409103008292,S25120024,300,رأيك يهمنا، فضلاً شاركنا تعليق او مقترح يساعد في تحسين التجربة,TEXT_INPUT,نشكر الاخ تركي على سرعة الاسجتابه في الجعبة,نشكر الاخ تركي علي سرعه الاسجتابه في الجعبه,positive,[],"علي سرعه, الاستجابه, سرعه الاستجابه, سرعه, تركي علي, نشكر, والمتابعه شكرا, الاستجابه والمتابعه, الاستجابه شكرا, والمتابعه",4
47471364512576462,S25120024,300,رأيك يهمنا، فضلاً شاركنا تعليق او مقترح يساعد في تحسين التجربة,TEXT_INPUT,نشكر الاخ تركي على سرعت الاستجابه,نشكر الاخ تركي علي سرعت الاستجابه,positive,[],"علي سرعه, الاستجابه, سرعه الاستجابه, سرعه, تركي علي, نشكر, والمتابعه شكرا, الاستجابه والمتابعه, الاستجابه شكرا, والمتابعه",4
54121670936998451,S25120024,300,رأيك يهمنا، فضلاً شاركنا تعليق او مقترح يساعد في تحسين التجربة,TEXT_INPUT,نشكر الاخ تركي على سرعة الاستجابه,نشكر الاخ تركي علي سرعه الاستجابه,positive,[],"علي سرعه, الاستجابه, سرعه الاستجابه, سرعه, تركي علي, نشكر, والمتابعه شكرا, الاستجابه والمتابعه, الاستجابه شكرا, والمتابعه",4
45667444556733941,S25120024,300,رأيك يهمنا، فضلاً شاركنا تعليق او مقترح يساعد في تحسين التجربة,TEXT_INPUT,نشكر الاخ تركي على حسن المعاملة وسرعة الاستحابة,نشكر الاخ تركي علي حسن المعامله وسرعه الاستحابه,positive,[],متنوع,-1
45567068165326724,S25120024,300,رأيك يهمنا، فضلاً شاركنا تعليق او مقترح يساعد في تحسين التجربة,TEXT_INPUT,نشكر الاخ تركي على حسن المعاملة,نشكر الاخ تركي علي حسن المعامله,positive,[],"المعامله, حسن المعامله, الاخ, الاخ تركي, نشكر الاخ, عل, شكرا الاخ, وليد, وحسن, حسن",46
35688385318882936,S25120024,300,رأيك يهمنا، فضلاً شاركنا تعليق او مقترح يساعد في تحسين التجربة,TEXT_INPUT,نشكر الاخ تركي على الزيارة والمتابعه المستمره ,نشكر الاخ تركي علي الزياره والمتابعه المستمره,positive,[],"والمتابعه المستمره, المستمره, المستمره نشكر, والمتابعه, الاستجابه والمتابعه, تركي علي, اشكركم علي, والتواصل, الاستجابه, نشكر",33
36730574798093468,S25120024,300,رأيك يهمنا، فضلاً شاركنا تعليق او مقترح يساعد في تحسين التجربة,TEXT_INPUT,نشكر الأخ تركي على تعاونه الجميل وسرعة الرد والابتسامة الدائمة وسرعة الإنجاز ,نشكر الاخ تركي علي تعاونه الجميل وسرعه الرد والابتسامه الدائمه وسرعه الانجاز,positive,[],متنوع,-1
58369404351993551,S25120024,300,رأيك يهمنا، فضلاً شاركنا تعليق او مقترح يساعد في تحسين التجربة,TEXT_INPUT,نشكر الأخ تركي على المتابعة الدايمة,نشكر الاخ تركي علي المتابعه الدايمه,positive,[],متنوع,-1
952474951489509,S25120024,300,رأيك يهمنا، فضلاً شاركنا تعليق او مقترح يساعد في تحسين التجربة,TEXT_INPUT,نشكر الأخ تركي عبدالله علَى حسن التعامل,نشكر الاخ تركي عبدالله علَي حسن التعامل,positive,[],"المعامله, حسن المعامله, الاخ, الاخ تركي, نشكر الاخ, عل, شكرا الاخ, وليد, وحسن, حسن",46
39706001044163677,S25120024,300,رأيك يهمنا، فضلاً شاركنا تعليق او مقترح يساعد في تحسين التجربة,TEXT_INPUT,نريد عمولة الشحنه الاولى للشرائح الفاضيه,نريد عموله الشحنه الاولي للشرائح الفاضيه,negative,[],متنوع,-1
58274903331899903,S25120024,300,رأيك يهمنا، فضلاً شاركنا تعليق او مقترح يساعد في تحسين التجربة,TEXT_INPUT,نرغب زيادة الطلب الشريحة لنا بكميات كبيرة عندنا شغل وعملاء ,نرغب زياده الطلب الشريحه لنا بكميات كبيره عندنا شغل وعملاء,neutral,[],"عندنا, زياده, الطلب, بكميات, بكميات كبيره, اللي, فرع, عندنا مشكله, كبيره, مشكله",47
52267958750652348,S25120024,300,رأيك يهمنا، فضلاً شاركنا تعليق او مقترح يساعد في تحسين التجربة,TEXT_INPUT,نرجو توفر الشرايح عند التاجر,نرجو توفر الشرايح عند التاجر,neutral,[],"توفر, الشرائح, توفر الشرايح, عدم توفر, تاخير, اضافه, كثرت, الشرايح, تسليم الشرائح, صرف",11
43126928647424223,S25120024,300,رأيك يهمنا، فضلاً شاركنا تعليق او مقترح يساعد في تحسين التجربة,TEXT_INPUT,نحتاج رقم لدعم الفني,نحتاج رقم لدعم الفني,neutral,[],"رقم, الرجاء, توفير, التاجر, الرجاء توفير, معي, تواصل, التواصل, الشركه, نحتاج",6
1642995323710697,S25120024,300,رأيك يهمنا، فضلاً شاركنا تعليق او مقترح يساعد في تحسين التجربة,TEXT_INPUT,نحتاج خدمة نقل الملكيه من زياره او جواز الئ اثامه,نحتاج خدمه نقل الملكيه زياره او جواز الئ اثامه,negative,[],"نقل, الرقم, ولم, الاتصال, ارجو, اطالب, نقل الملكيه, خدمه نقل, زياره, عرض",30
39792842449645952,S25120024,300,رأيك يهمنا، فضلاً شاركنا تعليق او مقترح يساعد في تحسين التجربة,TEXT_INPUT,نبغا عمولة الشحنه الاولى للشرائح الفاضيه ,نبغا عموله الشحنه الاولي للشرائح الفاضيه,negative,[],متنوع,-1
40352113756928803,S25120024,300,رأيك يهمنا، فضلاً شاركنا تعليق او مقترح يساعد في تحسين التجربة,TEXT_INPUT,نامل منكم تطوير تطبيق كويك بلس ومعالجة المشاكل التقنيه اللتي نعاني منها مثل عدم قراءة البصمة الا بعد عدة محاولات  ,نامل منكم تطوير تطبيق كويك بلس ومعالجه المشاكل التقنيه اللتي نعاني منها مثل عدم قراءه البصمه الا بعد عده محاولات,neutral,[],"كويك بلس, بلس, كويك, تطبيق, الشرايح, عدم, مثل, وقت, كثير, التجار",1
35869059899097142,S25120024,300,رأيك يهمنا، فضلاً شاركنا تعليق او مقترح يساعد في تحسين التجربة,TEXT_INPUT,نامل تحسين منافذ اشارة GPS ضعيفة بطئ البرنامج ,نامل تحسين منافذ اشاره ضعيفه بطئ البرنامج,negative,[],متنوع,-1
35970414801025553,S25120024,300,رأيك يهمنا، فضلاً شاركنا تعليق او مقترح يساعد في تحسين التجربة,TEXT_INPUT,نأمل صرف العمولات المتأخرة,نامل صرف العمولات المتاخره,negative,[],متنوع,-1
54040031762782437,S25120024,300,رأيك يهمنا، فضلاً شاركنا تعليق او مقترح يساعد في تحسين التجربة,TEXT_INPUT,ميه ميه,ميه ميه,negative,[],"ممتازه, , , , , , , , , ",74
31620667193532680,S25120024,300,رأيك يهمنا، فضلاً شاركنا تعليق او مقترح يساعد في تحسين التجربة,TEXT_INPUT,موظف ممتاز,موظف ممتاز,positive,[],"موظف متميز, مقبول, تعمل ممتاز, ممتاز, تعمل, مندوب رائع, متميز, جيد, موظف, الموظف",21
34415429503238982,S25120024,300,رأيك يهمنا، فضلاً شاركنا تعليق او مقترح يساعد في تحسين التجربة,TEXT_INPUT,موظف متميز ,موظف متميز,positive,[],"موظف متميز, مقبول, تعمل ممتاز, ممتاز, تعمل, مندوب رائع, متميز, جيد, موظف, الموظف",21
57236208804364856,S25120024,300,رأيك يهمنا، فضلاً شاركنا تعليق او مقترح يساعد في تحسين التجربة,TEXT_INPUT,موظف قمة في الأخلاق و التعامل,موظف قمه في الاخلاق و التعامل,positive,[],"والتعاون, جدا راقي, الاخلاق, راقي, موظف, التعامل, الموظف, جدا, , ",63
44188493477760470,S25120024,300,رأيك يهمنا، فضلاً شاركنا تعليق او مقترح يساعد في تحسين التجربة,TEXT_INPUT,موظف سريع ومميز ,موظف سريع ومميز,positive,[],متنوع,-1
42263061084629334,S25120024,300,رأيك يهمنا، فضلاً شاركنا تعليق او مقترح يساعد في تحسين التجربة,TEXT_INPUT,موظف رائع ومييز في الدقه والانجاز ,موظف رائع ومييز في الدقه والانجاز,positive,[],"محترم, وسريع, رجل محترم, الممتاز, محترم وسريع, وخلوق, وسرعه بالانجاز, والاخلاق, البيع, واخلاقه",29
44794906780552026,S25120024,300,رأيك يهمنا، فضلاً شاركنا تعليق او مقترح يساعد في تحسين التجربة,TEXT_INPUT,موظف جدا متعاون وسريع الاستجابه شكرا لخخدمته الموظف سلطان رابح ,موظف جدا متعاون وسريع الاستجابه شكرا لخخدمته الموظف سلطان رابح,positive,[],"وسريع, محترم, ومتعاون, ويستحق, موظف مثالي, والمندوب, مثالي, ومحترم, متعاون, ممتاز",2
55147998758605212,S25120024,300,رأيك يهمنا، فضلاً شاركنا تعليق او مقترح يساعد في تحسين التجربة,TEXT_INPUT,موزع يتميز بالدقه والاخلاق والتعامل الممتاز,موزع يتميز بالدقه والاخلاق والتعامل الممتاز,positive,[],"محترم, وسريع, رجل محترم, الممتاز, محترم وسريع, وخلوق, وسرعه بالانجاز, والاخلاق, البيع, واخلاقه",29
3734956051691107,S25120024,300,رأيك يهمنا، فضلاً شاركنا تعليق او مقترح يساعد في تحسين التجربة,TEXT_INPUT,موزع ذو خبره ومحترم وننصح به,موزع ذو خبره ومحترم وننصح به,neutral,[],"وسريع, محترم, ومتعاون, ويستحق, موظف مثالي, والمندوب, مثالي, ومحترم, متعاون, ممتاز",2
29836447898442703,S25120024,300,رأيك يهمنا، فضلاً شاركنا تعليق او مقترح يساعد في تحسين التجربة,TEXT_INPUT,مندوب وشركة فايف ستار,مندوب وشركه فايف ستار,neutral,[],"افضل, افضل مندوب, مندوب, وافضل مندوب, وافضل, افضل موظف, علينا, افضل شركه, افضل الشركات, وانجاز",7
59053857925606777,S25120024,300,رأيك يهمنا، فضلاً شاركنا تعليق او مقترح يساعد في تحسين التجربة,TEXT_INPUT,مندوب وبرنامج رائع جدا ,مندوب وبرنامج رائع جدا,positive,[],"التعامل ممتاز, رائع جدا, محل, جدا ممتاز, مميز, ممتاز جدا, ممتاز, رائع, جدا, التعامل",50
1297903103316212,S25120024,300,رأيك يهمنا، فضلاً شاركنا تعليق او مقترح يساعد في تحسين التجربة,TEXT_INPUT,مندوب محترم وسريع الرد ومتجاوب وعلى دراية بجميع التفاصيل,مندوب محترم وسريع الرد ومتجاوب وعلي درايه بجميع التفاصيل,positive,[],"وسريع, محترم, ومتعاون, ويستحق, موظف مثالي, والمندوب, مثالي, ومحترم, متعاون, ممتاز",2
49375919120653571,S25120024,300,رأيك يهمنا، فضلاً شاركنا تعليق او مقترح يساعد في تحسين التجربة,TEXT_INPUT,مندوب مامثله احد تعامله واخلاقه,مندوب مامثله احد تعامله واخلاقه,positive,[],متنوع,-1
30005684326588631,S25120024,300,رأيك يهمنا، فضلاً شاركنا تعليق او مقترح يساعد في تحسين التجربة,TEXT_INPUT,مندوب رائع وخلوق شكراً لكم,مندوب رائع وخلوق شكراً لكم,positive,[],"مندوب رائع, رائع, جدا رائع, تعامل جيد, وخلوق, بالتعامل, تعامله جدا, تعامل راقي, جيد, تعامل",35
4379325494709021,S25120024,300,رأيك يهمنا، فضلاً شاركنا تعليق او مقترح يساعد في تحسين التجربة,TEXT_INPUT,مندوب رائع بالتعامل,مندوب رائع بالتعامل,positive,[],"مندوب رائع, رائع, جدا رائع, تعامل جيد, وخلوق, بالتعامل, تعامله جدا, تعامل راقي, جيد, تعامل",35
54034276647476152,S25120024,300,رأيك يهمنا، فضلاً شاركنا تعليق او مقترح يساعد في تحسين التجربة,TEXT_INPUT,مندوب رائع,مندوب رائع,positive,[],"موظف متميز, مقبول, تعمل ممتاز, ممتاز, تعمل, مندوب رائع, متميز, جيد, موظف, الموظف",21
24808888757340523,S25120024,300,رأيك يهمنا، فضلاً شاركنا تعليق او مقترح يساعد في تحسين التجربة,TEXT_INPUT,مندوب خلوق واحترام وسرعه في توصيل الشرائح يستاهل كل خير يعلم الله,مندوب خلوق واحترام وسرعه في توصيل الشرائح يستاهل كل خير يعلم الله,positive,[],متنوع,-1
32166802375444497,S25120024,300,رأيك يهمنا، فضلاً شاركنا تعليق او مقترح يساعد في تحسين التجربة,TEXT_INPUT,مندوب المبيعات غير متعاون ,مندوب المبيعات غير متعاون,negative,[],"متعاون, الموظف متعاون, متعاون جدا, المندوب, سريع, جدا جدا, تعامل, المندوب تعامله, بقوه, دائما",5
48068575521369502,S25120024,300,رأيك يهمنا، فضلاً شاركنا تعليق او مقترح يساعد في تحسين التجربة,TEXT_INPUT,مندوب المبيعات اخلاقه عاليه ودايماً اتصل عليه عليه استفسر يرد علي على طول ,مندوب المبيعات اخلاقه عاليه ودايماً اتصل عليه عليه استفسر يرد علي علي طول,positive,[],"عليه, اخلاقه عاليه, يحيي, نايف سعد, سعد, سعد العتيبي, موظفين, مسفر, لو, الموظف نايف",48
39344288411733649,S25120024,300,رأيك يهمنا، فضلاً شاركنا تعليق او مقترح يساعد في تحسين التجربة,TEXT_INPUT,مندوب  ومشرف متعاون شكرا لهم,مندوب ومشرف متعاون شكرا لهم,positive,[],متنوع,-1
,S25120024,300,رأيك يهمنا، فضلاً شاركنا تعليق او مقترح يساعد في تحسين التجربة,TEXT_INPUT,منافذتعبتنا جدا صعب كل 4 ساعات نشغل النفاذ في صيام وفي موظفين ينامون فنضيع الزباين وقت نومهم,منافذتعبتنا جدا صعب كل 4 ساعات نشغل النفاذ في صيام وفي موظفين ينامون فنضيع الزباين وقت نومهم,negative,[],"كويك بلس, بلس, كويك, تطبيق, الشرايح, عدم, مثل, وقت, كثير, التجار",1
41668151378743564,S25120024,300,رأيك يهمنا، فضلاً شاركنا تعليق او مقترح يساعد في تحسين التجربة,TEXT_INPUT,من افضل واطيب مندوب في اس تي سي ,افضل واطيب مندوب في اس تي سي,positive,[],"افضل, افضل مندوب, مندوب, وافضل مندوب, وافضل, افضل موظف, علينا, افضل شركه, افضل الشركات, وانجاز",7
30256024886742225,S25120024,300,رأيك يهمنا، فضلاً شاركنا تعليق او مقترح يساعد في تحسين التجربة,TEXT_INPUT,من افضل الموظفين 🤍,افضل الموظفين,positive,[],"افضل, افضل خدمه, افضل المناديب, وافضل مندوب, وافضل, موظف, المناديب, افضل موظف, مندوب, افضل مندوب",20
15923711952260159,S25120024,300,رأيك يهمنا، فضلاً شاركنا تعليق او مقترح يساعد في تحسين التجربة,TEXT_INPUT,من افضل الموزعين سلطان رابح البدراني,افضل الموزعين سلطان رابح البدراني,positive,[],"الاستاذ محمد, يحي, يحي الرشيدي, موظف متميز, سلطان رابح, تركي المعاوي, رجل راقي, رابح, الشهراني, موظف مثالي",49
22401761059531676,S25120024,300,رأيك يهمنا، فضلاً شاركنا تعليق او مقترح يساعد في تحسين التجربة,TEXT_INPUT,من افضل المناديب سرعه تنفيذ تعامل جيد,افضل المناديب سرعه تنفيذ تعامل جيد,positive,[],متنوع,-1
14534117704300203,S25120024,300,رأيك يهمنا، فضلاً شاركنا تعليق او مقترح يساعد في تحسين التجربة,TEXT_INPUT,من افضل المناديب تعامل ,افضل المناديب تعامل,positive,[],"افضل, افضل خدمه, افضل المناديب, وافضل مندوب, وافضل, موظف, المناديب, افضل موظف, مندوب, افضل مندوب",20
24807663776995760,S25120024,300,رأيك يهمنا، فضلاً شاركنا تعليق او مقترح يساعد في تحسين التجربة,TEXT_INPUT,من افضل المتاجر ,افضل المتاجر,neutral,[],"افضل, افضل خدمه, افضل المناديب, وافضل مندوب, وافضل, موظف, المناديب, افضل موظف, مندوب, افضل مندوب",20
36990005584316568,S25120024,300,رأيك يهمنا، فضلاً شاركنا تعليق او مقترح يساعد في تحسين التجربة,TEXT_INPUT,من افضل الشركات الي تعاملت معه وافضل من مندوب ,افضل الشركات الي تعاملت معه وافضل مندوب,positive,[],"افضل, افضل مندوب, مندوب, وافضل مندوب, وافضل, افضل موظف, علينا, افضل شركه, افضل الشركات, وانجاز",7
52393282140986085,S25120024,300,رأيك يهمنا، فضلاً شاركنا تعليق او مقترح يساعد في تحسين التجربة,TEXT_INPUT,من أفضل من تعاملنا معهم,افضل تعاملنا معهم,positive,[],متنوع,-1
50418281019178448,S25120024,300,رأيك يهمنا، فضلاً شاركنا تعليق او مقترح يساعد في تحسين التجربة,TEXT_INPUT,من أفضل المناديب من ناحية التعامل و التجواب ,افضل المناديب ناحيه التعامل و التجواب,neutral,[],متنوع,-1
16345061485613592,S25120024,300,رأيك يهمنا، فضلاً شاركنا تعليق او مقترح يساعد في تحسين التجربة,TEXT_INPUT,مممتازين جداً في التعامل اخص بالشكر الاستاذ رايد واللستاذ محمد,مممتازين جداً في التعامل اخص بالشكر الاستاذ رايد واللستاذ محمد,positive,[],"الاستاذ, اشكره, التوفيق, جدا التعامل, يستاهل اعلي, يمثل, وانجاز, قصر, التقييم, اعلي",24
49288943855012474,S25120024,300,رأيك يهمنا، فضلاً شاركنا تعليق او مقترح يساعد في تحسين التجربة,TEXT_INPUT,ممتازه ,ممتازه,positive,[],"ممتازه, , , , , , , , , ",74
3584495182415206,S25120024,300,رأيك يهمنا، فضلاً شاركنا تعليق او مقترح يساعد في تحسين التجربة,TEXT_INPUT,ممتازجدا,ممتازجدا,positive,[],"بقوه, ممتاز, , , , , , , , ",68
20291326867428222,S25120024,300,رأيك يهمنا، فضلاً شاركنا تعليق او مقترح يساعد في تحسين التجربة,TEXT_INPUT,ممتازة جدا ,ممتازه جدا,positive,[],"رائعه, جدا جدا, جدا, ممتازه, شركه, , , , , ",67
14139616501698795,S25120024,300,رأيك يهمنا، فضلاً شاركنا تعليق او مقترح يساعد في تحسين التجربة,TEXT_INPUT,ممتاز ومجتهد ,ممتاز ومجتهد,positive,[],"التعامل ممتاز, رائع جدا, محل, جدا ممتاز, مميز, ممتاز جدا, ممتاز, رائع, جدا, التعامل",50
24898127357545710,S25120024,300,رأيك يهمنا، فضلاً شاركنا تعليق او مقترح يساعد في تحسين التجربة,TEXT_INPUT,ممتاز وفن التعامل وشرح العروض ,ممتاز وفن التعامل وشرح العروض,positive,[],"ممتاز وفن, وفن, وفن التعامل, التعامل, التعامل ممتاز, جدا التعامل, ممتاز, فن, فن التعامل, جدا جدا",40
4343577760283925,S25120024,300,رأيك يهمنا، فضلاً شاركنا تعليق او مقترح يساعد في تحسين التجربة,TEXT_INPUT,ممتاز وفن التعامل وسرعه الانجاز ,ممتاز وفن التعامل وسرعه الانجاز,positive,[],"الانجاز, وسرعه الانجاز, وفن التعامل, وفن, التعامل, وسرعه, وسرعه بالانجاز, الانجاز ممتاز, فن التعامل, ممتاز وفن",39
32172015695006216,S25120024,300,رأيك يهمنا، فضلاً شاركنا تعليق او مقترح يساعد في تحسين التجربة,TEXT_INPUT,ممتاز وفن التعامل ,ممتاز وفن التعامل,positive,[],"ممتاز وفن, وفن, وفن التعامل, التعامل, التعامل ممتاز, جدا التعامل, ممتاز, فن, فن التعامل, جدا جدا",40
15055279420738807,S25120024,300,رأيك يهمنا، فضلاً شاركنا تعليق او مقترح يساعد في تحسين التجربة,TEXT_INPUT,ممتاز في التعامل وسرعه الانجاز ,ممتاز في التعامل وسرعه الانجاز,positive,[],"الانجاز, وسرعه الانجاز, وفن التعامل, وفن, التعامل, وسرعه, وسرعه بالانجاز, الانجاز ممتاز, فن التعامل, ممتاز وفن",39
29303140733552971,S25120024,300,رأيك يهمنا، فضلاً شاركنا تعليق او مقترح يساعد في تحسين التجربة,TEXT_INPUT,ممتاز فن التعامل وشكرا على الانجاز ,ممتاز فن التعامل وشكرا علي الانجاز,positive,[],"شكرا علي, المميزه, شكرا, الخدمه, حسن, لكم, علي, الراقي, وشكرا, شكرا لكم",0
11219114061065783,S25120024,300,رأيك يهمنا، فضلاً شاركنا تعليق او مقترح يساعد في تحسين التجربة,TEXT_INPUT,ممتاز حداً,ممتاز حداً,positive,[],"بقوه, ممتاز, , , , , , , , ",68
50231626676209724,S25120024,300,رأيك يهمنا، فضلاً شاركنا تعليق او مقترح يساعد في تحسين التجربة,TEXT_INPUT,ممتاز جدا وشكرا على تعاونه,ممتاز جدا وشكرا علي تعاونه,positive,[],"شكرا علي, المميزه, شكرا, الخدمه, حسن, لكم, علي, الراقي, وشكرا, شكرا لكم",0
55941849084298198,S25120024,300,رأيك يهمنا، فضلاً شاركنا تعليق او مقترح يساعد في تحسين التجربة,TEXT_INPUT,ممتاز جدا جدا ,ممتاز جدا جدا,positive,[],"ممتاز جدا, جدا تعامل, عمل, ممتاز, رائع, جدا ممتاز, رائع جدا, جدا, طيب, تعامل",19
50414120749492166,S25120024,300,رأيك يهمنا، فضلاً شاركنا تعليق او مقترح يساعد في تحسين التجربة,TEXT_INPUT,ممتاز جدا,ممتاز جدا,positive,[],"ممتاز جدا, جدا تعامل, عمل, ممتاز, رائع, جدا ممتاز, رائع جدا, جدا, طيب, تعامل",19
13178438320281355,S25120024,300,رأيك يهمنا، فضلاً شاركنا تعليق او مقترح يساعد في تحسين التجربة,TEXT_INPUT,ممتاز بقوه,ممتاز بقوه,positive,[],"بقوه, ممتاز, , , , , , , , ",68
13600430070289521,S25120024,300,رأيك يهمنا، فضلاً شاركنا تعليق او مقترح يساعد في تحسين التجربة,TEXT_INPUT,ممتاز المندوب جدا في التعامل ,ممتاز المندوب جدا في التعامل,positive,[],"ممتاز وفن, وفن, وفن التعامل, التعامل, التعامل ممتاز, جدا التعامل, ممتاز, فن, فن التعامل, جدا جدا",40
18033939640806671,S25120024,300,رأيك يهمنا، فضلاً شاركنا تعليق او مقترح يساعد في تحسين التجربة,TEXT_INPUT,ممتاز الاستلذ خالد,ممتاز الاستلذ خالد,positive,[],"شي, تمام, جيده, الخدمات, خالد, ممتاز, , , , ",56
31640753287155438,S25120024,300,رأيك يهمنا، فضلاً شاركنا تعليق او مقترح يساعد في تحسين التجربة,TEXT_INPUT,ممتاز ,ممتاز,positive,[],متنوع,-1
27808541393143271,S25120024,300,رأيك يهمنا، فضلاً شاركنا تعليق او مقترح يساعد في تحسين التجربة,TEXT_INPUT,ملبي جميع طلباتنا وزياده الله يوفقه,ملبي جميع طلباتنا وزياده الله يوفقه,positive,[],متنوع,-1
32158125026791212,S25120024,300,رأيك يهمنا، فضلاً شاركنا تعليق او مقترح يساعد في تحسين التجربة,TEXT_INPUT,معامله ممتاززززه 👍🏼👍🏼👍🏼,معامله ممتاززززه,positive,[],متنوع,-1
30945937422031539,S25120024,300,رأيك يهمنا، فضلاً شاركنا تعليق او مقترح يساعد في تحسين التجربة,TEXT_INPUT,مشكور مشكور على المتابعة المستمره ,مشكور مشكور علي المتابعه المستمره,positive,[],"المستمره, المتابعه المستمره, الشكر موصول, علي المتابعه, المتابعه, موصول, للاخ تركي, المستمره الشكر, للاخ, موصول للاخ",26
30605896061347373,S25120024,300,رأيك يهمنا، فضلاً شاركنا تعليق او مقترح يساعد في تحسين التجربة,TEXT_INPUT,مشكلتنا في عدم توفر الشرايح ,مشكلتنا في عدم توفر الشرايح,negative,[],"توفر, الشرائح, توفر الشرايح, عدم توفر, تاخير, اضافه, كثرت, الشرايح, تسليم الشرائح, صرف",11
52227623938680674,S25120024,300,رأيك يهمنا، فضلاً شاركنا تعليق او مقترح يساعد في تحسين التجربة,TEXT_INPUT,مشكلة الاعطال فقط وياليت تشال العموله ليتوحد سعر البيع,مشكله الاعطال فقط وياليت تشال العموله ليتوحد سعر البيع,negative,[],"الاقامه, ماتنزل, للان, شهر, الموظف سيء, تعامل الموظف, منافذ, الشرائح, الفرع, متوفره",58
35717317169893150,S25120024,300,رأيك يهمنا، فضلاً شاركنا تعليق او مقترح يساعد في تحسين التجربة,TEXT_INPUT,مشاكل في نظام متكررة خصوصا مشكلة الموظف بعيد عن الفرع ,مشاكل في نظام متكرره خصوصا مشكله الموظف بعيد عن الفرع,negative,[],"كويك بلس, بلس, كويك, تطبيق, الشرايح, عدم, مثل, وقت, كثير, التجار",1
4273046469896180,S25120024,300,رأيك يهمنا، فضلاً شاركنا تعليق او مقترح يساعد في تحسين التجربة,TEXT_INPUT,مشاكل بالتفعيل مستمره وانقطاعات من مزود بأوقات متفرقه مما اثر علينا بشكل سلبي الخدمه,مشاكل بالتفعيل مستمره وانقطاعات مزود باوقات متفرقه مما اثر علينا بشكل سلبي الخدمه,negative,[],"كويك بلس, بلس, كويك, تطبيق, الشرايح, عدم, مثل, وقت, كثير, التجار",1
60771653698903402,S25120024,300,رأيك يهمنا، فضلاً شاركنا تعليق او مقترح يساعد في تحسين التجربة,TEXT_INPUT,مشاء الله كل شيء طيب ورجال طيب ما يقصر في النصايح وكل شيء ودايما موجود في اي وقت احتاجه ,مشاء الله كل شيء طيب ورجال طيب ما يقصر في النصايح وكل شيء ودايما موجود في اي وقت احتاجه,positive,[],"شيء, علي طول, طول, طيب, ومحترم, معي, جدا تعامل, طول افضل, الاخ محمد, تركي مندوب",28
60438437442924153,S25120024,300,رأيك يهمنا، فضلاً شاركنا تعليق او مقترح يساعد في تحسين التجربة,TEXT_INPUT,مسفر هتيله وابراهيم مهري خيرة من يمثل اس تي سي,مسفر هتيله وابراهيم مهري خيره يمثل اس تي سي,negative,[],"الله يسعده, يسعده, ابو, الله, الله يعطيه, سبب, الاخ محمد, معكم, وهو, وشكرا لكم",17
13829512218067878,S25120024,300,رأيك يهمنا، فضلاً شاركنا تعليق او مقترح يساعد في تحسين التجربة,TEXT_INPUT,مسفر من افضل المندوبسن لدى stc ويحث على زيادة الانتاجية,مسفر افضل المندوبسن لدي ويحث علي زياده الانتاجيه,positive,[],"عليه, اخلاقه عاليه, يحيي, نايف سعد, سعد, سعد العتيبي, موظفين, مسفر, لو, الموظف نايف",48
55171279666847177,S25120024,300,رأيك يهمنا، فضلاً شاركنا تعليق او مقترح يساعد في تحسين التجربة,TEXT_INPUT,مريحنا كثير الله يسعده ويوفقه ويرزقه من حيث لا يحتسب,مريحنا كثير الله يسعده ويوفقه ويرزقه حيث لا يحتسب,positive,[],"بيض, الله, ونعم, والله, يسعده, الله يعطيه, ونعم الرجل, الجاسر, الرجل, الاخلاق",25
59038991060836795,S25120024,300,رأيك يهمنا، فضلاً شاركنا تعليق او مقترح يساعد في تحسين التجربة,TEXT_INPUT,مرره شكرا,مرره شكرا,positive,[],"الف شكرا, الف, الف الف, شكرا, , , , , , ",75
30257584448299430,S25120024,300,رأيك يهمنا، فضلاً شاركنا تعليق او مقترح يساعد في تحسين التجربة,TEXT_INPUT,مررره شكرا لك ي اخ عبدالله,مررره شكرا لك ي اخ عبدالله,positive,[],"للاخ تركي, للاخ, موصول للاخ, موصول, شكر, اخ, شكرا لك, لك, تركي الف, العمل",27
50669150211038853,S25120024,300,رأيك يهمنا، فضلاً شاركنا تعليق او مقترح يساعد في تحسين التجربة,TEXT_INPUT,محل وموسسة محمد عبدالله العنزي للاتصالات محقدم خدمة مميزز منذ سنوات طويله وارصي بالتعامل معه بشده في محافظة رفحاء,محل وموسسه محمد عبدالله العنزي للاتصالات محقدم خدمه مميزز منذ سنوات طويله وارصي بالتعامل معه بشده في محافظه رفحاء,positive,[],"محمد, للاتصالات, العنزي, شركه قنوات, بن, محافظه, دائما, بشده, الاتصالات علي, طويله",70
19375199319044714,S25120024,300,رأيك يهمنا، فضلاً شاركنا تعليق او مقترح يساعد في تحسين التجربة,TEXT_INPUT,محل مميز وكفوووو,محل مميز وكفوووو,positive,[],"التعامل ممتاز, رائع جدا, محل, جدا ممتاز, مميز, ممتاز جدا, ممتاز, رائع, جدا, التعامل",50
25770215354099020,S25120024,300,رأيك يهمنا، فضلاً شاركنا تعليق او مقترح يساعد في تحسين التجربة,TEXT_INPUT,محظوظين أنتم ب ابو أحمد,محظوظين انتم ب ابو احمد,positive,[],"الله يسعده, يسعده, ابو, الله, الله يعطيه, سبب, الاخ محمد, معكم, وهو, وشكرا لكم",17
19423515921359886,S25120024,300,رأيك يهمنا، فضلاً شاركنا تعليق او مقترح يساعد في تحسين التجربة,TEXT_INPUT,محترم وخلوق وسرعه في التوصيل,محترم وخلوق وسرعه في التوصيل,positive,[],"محترم, وسريع, رجل محترم, الممتاز, محترم وسريع, وخلوق, وسرعه بالانجاز, والاخلاق, البيع, واخلاقه",29
40918749617366650,S25120024,300,رأيك يهمنا، فضلاً شاركنا تعليق او مقترح يساعد في تحسين التجربة,TEXT_INPUT,متفاعل جدا,متفاعل جدا,positive,[],"متجاوب, متجاوب سريع, متفاعل, بسبب, معنا, سريع, المندوب, جدا, الموظف, علي",15
54637641912017372,S25120024,300,رأيك يهمنا، فضلاً شاركنا تعليق او مقترح يساعد في تحسين التجربة,TEXT_INPUT,متعاون ويساعد في حل المشاكل,متعاون ويساعد في حل المشاكل,positive,[],"متعاون, الموظف متعاون, متعاون جدا, المندوب, سريع, جدا جدا, تعامل, المندوب تعامله, بقوه, دائما",5
59041843757797344,S25120024,300,رأيك يهمنا، فضلاً شاركنا تعليق او مقترح يساعد في تحسين التجربة,TEXT_INPUT,متعاون جدا اشكره من كل اعماق قلبي علي كل ما يقدمه ,متعاون جدا اشكره كل اعماق قلبي علي كل ما يقدمه,positive,[],"الاستاذ, اشكره, التوفيق, جدا التعامل, يستاهل اعلي, يمثل, وانجاز, قصر, التقييم, اعلي",24
51525587893128568,S25120024,300,رأيك يهمنا، فضلاً شاركنا تعليق او مقترح يساعد في تحسين التجربة,TEXT_INPUT,متعاون جدا ,متعاون جدا,positive,[],"متعاون, الموظف متعاون, متعاون جدا, المندوب, سريع, جدا جدا, تعامل, المندوب تعامله, بقوه, دائما",5
31197490523887266,S25120024,300,رأيك يهمنا، فضلاً شاركنا تعليق او مقترح يساعد في تحسين التجربة,TEXT_INPUT,متعاون جدآ وشكري لكم ,متعاون جدا وشكري لكم,positive,[],متنوع,-1
167362114736659,S25120024,300,رأيك يهمنا، فضلاً شاركنا تعليق او مقترح يساعد في تحسين التجربة,TEXT_INPUT,متعاون,متعاون,positive,[],"متعاون, الموظف متعاون, متعاون جدا, المندوب, سريع, جدا جدا, تعامل, المندوب تعامله, بقوه, دائما",5
2760565137922665,S25120024,300,رأيك يهمنا، فضلاً شاركنا تعليق او مقترح يساعد في تحسين التجربة,TEXT_INPUT,متعامل,متعامل,neutral,[],"متجاوب, متجاوب سريع, متفاعل, بسبب, معنا, سريع, المندوب, جدا, الموظف, علي",15
48858459771049523,S25120024,300,رأيك يهمنا، فضلاً شاركنا تعليق او مقترح يساعد في تحسين التجربة,TEXT_INPUT,متجاوب جدا,متجاوب جدا,positive,[],"متجاوب, متجاوب سريع, متفاعل, بسبب, معنا, سريع, المندوب, جدا, الموظف, علي",15
13399554500079190,S25120024,300,رأيك يهمنا، فضلاً شاركنا تعليق او مقترح يساعد في تحسين التجربة,TEXT_INPUT,متجاوب,متجاوب,positive,[],"متجاوب, متجاوب سريع, متفاعل, بسبب, معنا, سريع, المندوب, جدا, الموظف, علي",15
,S25120024,300,رأيك يهمنا، فضلاً شاركنا تعليق او مقترح يساعد في تحسين التجربة,TEXT_INPUT,متاز,متاز,positive,[],متنوع,-1
50406815031833552,S25120024,300,رأيك يهمنا، فضلاً شاركنا تعليق او مقترح يساعد في تحسين التجربة,TEXT_INPUT,مامنكم فايده,مامنكم فايده,negative,[],"لدي مشاكل, يوجد لدي, ملاحظه, اي, لدي, مشاكل, لايوجد, يوجد, , ",64
39196988599905697,S25120024,300,رأيك يهمنا، فضلاً شاركنا تعليق او مقترح يساعد في تحسين التجربة,TEXT_INPUT,ماشالله سرعة الخدمة و الإشراف شكرا لكم ,ماشالله سرعه الخدمه و الاشراف شكرا لكم,positive,[],متنوع,-1
30169085327962893,S25120024,300,رأيك يهمنا، فضلاً شاركنا تعليق او مقترح يساعد في تحسين التجربة,TEXT_INPUT,ماشالله تبارك الله مندوب متعاون ومتجاوب وحاضر في كل وقت ,ماشالله تبارك الله مندوب متعاون ومتجاوب وحاضر في كل وقت,positive,[],"وسريع, محترم, ومتعاون, ويستحق, موظف مثالي, والمندوب, مثالي, ومحترم, متعاون, ممتاز",2
37005621104050835,S25120024,300,رأيك يهمنا، فضلاً شاركنا تعليق او مقترح يساعد في تحسين التجربة,TEXT_INPUT,ماشاء الله سرعه في التواصل والتوصيل,ماشاء الله سرعه في التواصل والتوصيل,positive,[],"الطلب, فهد, الرحمن, اشكر اخوي, اشكره, مشاء, سرعه التواصل, واللنجاز, عبد الرحمن, مشاء الله",55
16097402053853006,S25120024,300,رأيك يهمنا، فضلاً شاركنا تعليق او مقترح يساعد في تحسين التجربة,TEXT_INPUT,‏ماذا يحدث في هذه الشركة من سنوات طويلة ونحن نعمل مع شركة قنوات ‏إدارة الأمثلة لها تستجيب بمجرد اتصال أو رسالة والآن ننتظر أكثر من 10 أيام ولا يستجيب أحد فارجو منكم النظر,ماذا يحدث في هذه الشركه سنوات طويله ونحن نعمل مع شركه قنوات اداره الامثله لها تستجيب بمجرد اتصال او رساله والان ننتظر اكثر 10 ايام ولا يستجيب احد فارجو منكم النظر,negative,[],"تم, وعدم, ولا, قنوات, بشكل, بسبب, الاتصالات, الشركات, ان, وهذا",3
56125052309490479,S25120024,300,رأيك يهمنا، فضلاً شاركنا تعليق او مقترح يساعد في تحسين التجربة,TEXT_INPUT,لي يومين ماتنزل الشرائح ع منافذ ,لي يومين ماتنزل الشرائح ع منافذ,negative,[],"شكرا لكم, لكم, ولكن يوجد, يوجد ملاحظه, لكم ولكن, خدمات, رائعه, مميزه, ملاحظه, خدمه مميزه",42
28689596068361915,S25120024,300,رأيك يهمنا، فضلاً شاركنا تعليق او مقترح يساعد في تحسين التجربة,TEXT_INPUT,لي مايقارب الشهر والنصف احاول انهاء الاجراءات وكانت بطيئة للغايه جدا والتواصل مع الموظف المختص بالطائف اصعب ولايوجد تعاون وعندما احال الامر للمندوب لتوصيل الشرايح ومنتجات stc  للان لم يتواصل معنا احد .. وعن الاسم اللذي زودنا به الموظف المختص نتواصل معه وابلغنا يوم الاحد انه سيحضر اليوم التالي ثم لم يحضر ولايتجاوب معنا ولا على رسائلنا ,لي مايقارب الشهر والنصف احاول انهاء الاجراءات وكانت بطيئه للغايه جدا والتواصل مع الموظف المختص بالطائف اصعب ولايوجد تعاون وعندما احال الامر للمندوب لتوصيل الشرايح ومنتجات للان لم يتواصل معنا احد وعن الاسم اللذي زودنا به الموظف المختص نتواصل معه وابلغنا يوم الاحد انه سيحضر اليوم التالي ثم لم يحضر ولايتجاوب معنا ولا علي رسائلنا,negative,[],"تم, وعدم, ولا, قنوات, بشكل, بسبب, الاتصالات, الشركات, ان, وهذا",3
46278050251683713,S25120024,300,رأيك يهمنا، فضلاً شاركنا تعليق او مقترح يساعد في تحسين التجربة,TEXT_INPUT,لي اكثر من اسبوعين اطلب شرائح وفي الاخير يعطيني 30 شريحة ,لي اكثر اسبوعين اطلب شرائح وفي الاخير يعطيني 30 شريحه,neutral,[],"شرائح, اطلب, اكثر, ولم, الاخير, جديده, ثلاثه, ولم يتم, ولايوجد, طلب",31
25559777219972013,S25120024,300,رأيك يهمنا، فضلاً شاركنا تعليق او مقترح يساعد في تحسين التجربة,TEXT_INPUT,لو تشوفون وضع اليوزر كل شري نرفع طلب تنشيط اليوزر,لو تشوفون وضع اليوزر كل شري نرفع طلب تنشيط اليوزر,neutral,[],متنوع,-1
1375414260750112,S25120024,300,رأيك يهمنا، فضلاً شاركنا تعليق او مقترح يساعد في تحسين التجربة,TEXT_INPUT,لنظام مشاكله كثير عكس باقي الشركات الاخرى,لنظام مشاكله كثير عكس باقي الشركات الاخري,negative,[],"كويك بلس, بلس, كويك, تطبيق, الشرايح, عدم, مثل, وقت, كثير, التجار",1
34583181136171304,S25120024,300,رأيك يهمنا، فضلاً شاركنا تعليق او مقترح يساعد في تحسين التجربة,TEXT_INPUT,لن تتطور قنوات مالم يوجد منافس لها داخل شركة اس تي سي,لن تتطور قنوات مالم يوجد منافس لها داخل شركه اس تي سي,positive,[],"تم, وعدم, ولا, قنوات, بشكل, بسبب, الاتصالات, الشركات, ان, وهذا",3
43756144018639551,S25120024,300,رأيك يهمنا، فضلاً شاركنا تعليق او مقترح يساعد في تحسين التجربة,TEXT_INPUT,لماذا لايوجد مسابقات او عمولة إضافية منذ 6 اشهر,لماذا لايوجد مسابقات او عموله اضافيه منذ 6 اشهر,negative,[],متنوع,-1
23708507105658160,S25120024,300,رأيك يهمنا، فضلاً شاركنا تعليق او مقترح يساعد في تحسين التجربة,TEXT_INPUT,لم يتم تسليم الشرائح,لم يتم تسليم الشرائح,negative,[],"توفر, الشرائح, توفر الشرايح, عدم توفر, تاخير, اضافه, كثرت, الشرايح, تسليم الشرائح, صرف",11
26294194634418246,S25120024,300,رأيك يهمنا، فضلاً شاركنا تعليق او مقترح يساعد في تحسين التجربة,TEXT_INPUT,للأمانه موظف مثالي ويستحق كل الشكر ,للامانه موظف مثالي ويستحق كل الشكر,positive,[],"وسريع, محترم, ومتعاون, ويستحق, موظف مثالي, والمندوب, مثالي, ومحترم, متعاون, ممتاز",2
1473545316222154,S25120024,300,رأيك يهمنا، فضلاً شاركنا تعليق او مقترح يساعد في تحسين التجربة,TEXT_INPUT,للأمانه موظف مثالي ومتفاني في عمله,للامانه موظف مثالي ومتفاني في عمله,positive,[],"وسريع, محترم, ومتعاون, ويستحق, موظف مثالي, والمندوب, مثالي, ومحترم, متعاون, ممتاز",2
55587819333278411,S25120024,300,رأيك يهمنا، فضلاً شاركنا تعليق او مقترح يساعد في تحسين التجربة,TEXT_INPUT,لقد وصلتني منكم شرايح ولكن لم يستطيع مندوب,لقد وصلتني منكم شرايح ولكن لم يستطيع مندوب,neutral,[],"شرائح, اطلب, اكثر, ولم, الاخير, جديده, ثلاثه, ولم يتم, ولايوجد, طلب",31
60948014998042038,S25120024,300,رأيك يهمنا، فضلاً شاركنا تعليق او مقترح يساعد في تحسين التجربة,TEXT_INPUT,لديكم مشكلة في التواصل بين الشريك التجاري والشركة,لديكم مشكله في التواصل بين الشريك التجاري والشركه,neutral,[],"كويك بلس, بلس, كويك, تطبيق, الشرايح, عدم, مثل, وقت, كثير, التجار",1
13510891456582055,S25120024,300,رأيك يهمنا، فضلاً شاركنا تعليق او مقترح يساعد في تحسين التجربة,TEXT_INPUT,لايوجد ملاحضاتوسرعه في الطلب مشاء الله ,لايوجد ملاحضاتوسرعه في الطلب مشاء الله,negative,[],"الطلب, فهد, الرحمن, اشكر اخوي, اشكره, مشاء, سرعه التواصل, واللنجاز, عبد الرحمن, مشاء الله",55
16087118871819782,S25120024,300,رأيك يهمنا، فضلاً شاركنا تعليق او مقترح يساعد في تحسين التجربة,TEXT_INPUT,لايوجد شيء ,لايوجد شيء,negative,[],"لايوجد, شيء, يوجد, , , , , , , ",72
57205037496013261,S25120024,300,رأيك يهمنا، فضلاً شاركنا تعليق او مقترح يساعد في تحسين التجربة,TEXT_INPUT,لايوجد شرايح من النندمناديب,لايوجد شرايح النندمناديب,negative,[],"شرايح, لايوجد, مره, نقص, بطيئه, قصر, متوفره, عندي, الاستحابه, اطلب",12
,S25120024,300,رأيك يهمنا، فضلاً شاركنا تعليق او مقترح يساعد في تحسين التجربة,TEXT_INPUT,لايوجد شرايح stc مشكله ,لايوجد شرايح مشكله,negative,[],"شرايح, لايوجد, مره, نقص, بطيئه, قصر, متوفره, عندي, الاستحابه, اطلب",12
29057908104404808,S25120024,300,رأيك يهمنا، فضلاً شاركنا تعليق او مقترح يساعد في تحسين التجربة,TEXT_INPUT,لايوجد حاليا,لايوجد حاليا,neutral,[],"لايوجد, شيء, يوجد, , , , , , , ",72
51768427408377823,S25120024,300,رأيك يهمنا، فضلاً شاركنا تعليق او مقترح يساعد في تحسين التجربة,TEXT_INPUT,لايوجد اي ملاحظه,لايوجد اي ملاحظه,negative,[],"لدي مشاكل, يوجد لدي, ملاحظه, اي, لدي, مشاكل, لايوجد, يوجد, , ",64
55512782604491748,S25120024,300,رأيك يهمنا، فضلاً شاركنا تعليق او مقترح يساعد في تحسين التجربة,TEXT_INPUT,لايوجد,لايوجد,negative,[],"شك, سيئه, عرض, جيده, جميل, جيد, لايوجد, افضل, شكرا, ",10
53534365534261739,S25120024,300,رأيك يهمنا، فضلاً شاركنا تعليق او مقترح يساعد في تحسين التجربة,TEXT_INPUT,لامثيل له,لامثيل له,negative,[],"الله يسعده, يسعده, ابو, الله, الله يعطيه, سبب, الاخ محمد, معكم, وهو, وشكرا لكم",17
27473580689626003,S25120024,300,رأيك يهمنا، فضلاً شاركنا تعليق او مقترح يساعد في تحسين التجربة,TEXT_INPUT,لازلنا نعاني من عدم وفرة المخزون من الشرايح وكذلك اخطاء تطبيق كويك بلس,لازلنا نعاني عدم وفره المخزون الشرايح وكذلك اخطاء تطبيق كويك بلس,negative,[],"كويك بلس, بلس, كويك, تطبيق, الشرايح, عدم, مثل, وقت, كثير, التجار",1
22972687950227100,S25120024,300,رأيك يهمنا، فضلاً شاركنا تعليق او مقترح يساعد في تحسين التجربة,TEXT_INPUT,لازالت معاناتنا مستمره مع شركة قنوات وتوفير الشرايح وكذاك الدعم الفني ,لازالت معاناتنا مستمره مع شركه قنوات وتوفير الشرايح وكذاك الدعم الفني,negative,[],"كويك بلس, بلس, كويك, تطبيق, الشرايح, عدم, مثل, وقت, كثير, التجار",1
18501724460175850,S25120024,300,رأيك يهمنا، فضلاً شاركنا تعليق او مقترح يساعد في تحسين التجربة,TEXT_INPUT,لا يوجد,لا يوجد,neutral,[],"لايوجد, شيء, يوجد, , , , , , , ",72
13345311028014435,S25120024,300,رأيك يهمنا، فضلاً شاركنا تعليق او مقترح يساعد في تحسين التجربة,TEXT_INPUT,كنتم من افضل الشركات والان التطبيق اعطال بشكل شبه يومي والشرايح يصرف لنا بالقطارة مما جعلنا نضع سوا الخيار الاخير للعملاء ونحاول نقنعهم في باقي الشركات بسبب اننا لانضمن ان يصرف لنا شرايح في حال نفاذها ,كنتم افضل الشركات والان التطبيق اعطال بشكل شبه يومي والشرايح يصرف لنا بالقطاره مما جعلنا نضع سوا الخيار الاخير للعملاء ونحاول نقنعهم في باقي الشركات بسبب اننا لانضمن ان يصرف لنا شرايح في حال نفاذها,negative,[],"تم, وعدم, ولا, قنوات, بشكل, بسبب, الاتصالات, الشركات, ان, وهذا",3
60866404015340171,S25120024,300,رأيك يهمنا، فضلاً شاركنا تعليق او مقترح يساعد في تحسين التجربة,TEXT_INPUT,كنتم في السابق الأفضل بلا منازع في تقديم خدماتكم بجودة وكفاءة عالية، ولكن للأسف، مع مرور الوقت تراجعت مستويات الأداء بشكل ملحوظ، وأصبحتم الآن من بين الأسوأ في تلبية احتياجات العملاء وتقديم الدعم المطلوب.,كنتم في السابق الافضل بلا منازع في تقديم خدماتكم بجوده وكفاءه عاليه، ولكن للاسف، مع مرور الوقت تراجعت مستويات الاداء بشكل ملحوظ، واصبحتم الان بين الاسوا في تلبيه احتياجات العملاء وتقديم الدعم المطلوب,negative,[],"تم, وعدم, ولا, قنوات, بشكل, بسبب, الاتصالات, الشركات, ان, وهذا",3
32237213701822733,S25120024,300,رأيك يهمنا، فضلاً شاركنا تعليق او مقترح يساعد في تحسين التجربة,TEXT_INPUT,كلمات الشكر لاتفي بمايقدمه رضا الشمري من حسن تعامل الله يجزاك خير ,كلمات الشكر لاتفي بمايقدمه رضا الشمري حسن تعامل الله يجزاك خير,positive,[],متنوع,-1
27920545410669827,S25120024,300,رأيك يهمنا، فضلاً شاركنا تعليق او مقترح يساعد في تحسين التجربة,TEXT_INPUT,‏كل شي ممتاز,كل شي ممتاز,positive,[],"شي, تمام, جيده, الخدمات, خالد, ممتاز, , , , ",56
16659820709505332,S25120024,300,رأيك يهمنا، فضلاً شاركنا تعليق او مقترح يساعد في تحسين التجربة,TEXT_INPUT,كل شي تمام,كل شي تمام,positive,[],"شي, تمام, جيده, الخدمات, خالد, ممتاز, , , , ",56
15226869903645151,S25120024,300,رأيك يهمنا، فضلاً شاركنا تعليق او مقترح يساعد في تحسين التجربة,TEXT_INPUT,كل الشكرا للمندوب فيصل ,كل الشكرا للمندوب فيصل,positive,[],"للمندوب, شكرا للمندوب, شكر للمندوب, للمندوب علي, الشكر, علي شكرا, وشكر, سرعه الانجاز, رضاء محمد, وشكر خاص",14
60751185487679686,S25120024,300,رأيك يهمنا، فضلاً شاركنا تعليق او مقترح يساعد في تحسين التجربة,TEXT_INPUT,كل الشكر لمندوب رضا,كل الشكر لمندوب رضا,positive,[],"للمندوب, شكرا للمندوب, شكر للمندوب, للمندوب علي, الشكر, علي شكرا, وشكر, سرعه الانجاز, رضاء محمد, وشكر خاص",14
45915611449801728,S25120024,300,رأيك يهمنا، فضلاً شاركنا تعليق او مقترح يساعد في تحسين التجربة,TEXT_INPUT,كل الشكر لمسؤول المبيعات ياسر المحيميد,كل الشكر لمسؤول المبيعات ياسر المحيميد,positive,[],"للمندوب, شكرا للمندوب, شكر للمندوب, للمندوب علي, الشكر, علي شكرا, وشكر, سرعه الانجاز, رضاء محمد, وشكر خاص",14
16004566765968499,S25120024,300,رأيك يهمنا، فضلاً شاركنا تعليق او مقترح يساعد في تحسين التجربة,TEXT_INPUT,كل الشكر للموظف مزيد على حسن تعامله ,كل الشكر للموظف مزيد علي حسن تعامله,positive,[],"للموظف, الدائمه, القلب للموظف, الرائع, علي تعامله, علي رحابه, رحابه صدره, شكرا للموظف, صدره, شكرا القلب",54
15824186043628060,S25120024,300,رأيك يهمنا، فضلاً شاركنا تعليق او مقترح يساعد في تحسين التجربة,TEXT_INPUT,كل الشكر للمندوب جدآ متفاعل وعملي وسريع الخدمة لنا ,كل الشكر للمندوب جدا متفاعل وعملي وسريع الخدمه لنا,positive,[],"وسريع, محترم, ومتعاون, ويستحق, موظف مثالي, والمندوب, مثالي, ومحترم, متعاون, ممتاز",2
43668635506343635,S25120024,300,رأيك يهمنا، فضلاً شاركنا تعليق او مقترح يساعد في تحسين التجربة,TEXT_INPUT,كل الشكر,كل الشكر,positive,[],"عبدالمجيد, العبدلي, الشكر, شكرا, , , , , , ",71
22760213862868993,S25120024,300,رأيك يهمنا، فضلاً شاركنا تعليق او مقترح يساعد في تحسين التجربة,TEXT_INPUT,كل الخدمات جيده,كل الخدمات جيده,positive,[],"شي, تمام, جيده, الخدمات, خالد, ممتاز, , , , ",56
22502085760057363,S25120024,300,رأيك يهمنا، فضلاً شاركنا تعليق او مقترح يساعد في تحسين التجربة,TEXT_INPUT,كفيتو ووفيتو ,كفيتو ووفيتو,positive,[],"شكرا علي, المميزه, شكرا, الخدمه, حسن, لكم, علي, الراقي, وشكرا, شكرا لكم",0
26719672483360709,S25120024,300,رأيك يهمنا، فضلاً شاركنا تعليق او مقترح يساعد في تحسين التجربة,TEXT_INPUT,كفو,كفو,positive,[],"تم, تم التواصل, التواصل, , , , , , , ",51
46846198134018139,S25120024,300,رأيك يهمنا، فضلاً شاركنا تعليق او مقترح يساعد في تحسين التجربة,TEXT_INPUT,كثرت تعليق اليوزر وقله في توفير الشرائح ,كثرت تعليق اليوزر وقله في توفير الشرائح,negative,[],متنوع,-1
48576263681396623,S25120024,300,رأيك يهمنا، فضلاً شاركنا تعليق او مقترح يساعد في تحسين التجربة,TEXT_INPUT,كثرة تعليق اليوزر وغير متوفرة الشرائح ,كثره تعليق اليوزر وغير متوفره الشرائح,negative,[],متنوع,-1
56454827091326015,S25120024,300,رأيك يهمنا، فضلاً شاركنا تعليق او مقترح يساعد في تحسين التجربة,TEXT_INPUT,كثرت الأعطال في الستسم ,كثرت الاعطال في الستسم,negative,[],"توفر, الشرائح, توفر الشرايح, عدم توفر, تاخير, اضافه, كثرت, الشرايح, تسليم الشرائح, صرف",11
24819926131693519,S25120024,300,رأيك يهمنا، فضلاً شاركنا تعليق او مقترح يساعد في تحسين التجربة,TEXT_INPUT,كاول يوم تعامل معه جميل جدا متساعد متفهم يحاول تسهيل احتاجتنا,كاول يوم تعامل معه جميل جدا متساعد متفهم يحاول تسهيل احتاجتنا,positive,[],"وسريع, محترم, ومتعاون, ويستحق, موظف مثالي, والمندوب, مثالي, ومحترم, متعاون, ممتاز",2
50063231142085878,S25120024,300,رأيك يهمنا، فضلاً شاركنا تعليق او مقترح يساعد في تحسين التجربة,TEXT_INPUT,كان اسرع من ماهو متوقع ,كان اسرع ماهو متوقع,positive,[],متنوع,-1
54370788641893578,S25120024,300,رأيك يهمنا، فضلاً شاركنا تعليق او مقترح يساعد في تحسين التجربة,TEXT_INPUT,قمه في الأدب والاحترام والتعاون ,قمه في الادب والاحترام والتعاون,positive,[],"والتعاون, جدا راقي, الاخلاق, راقي, موظف, التعامل, الموظف, جدا, , ",63
46848052428588825,S25120024,300,رأيك يهمنا، فضلاً شاركنا تعليق او مقترح يساعد في تحسين التجربة,TEXT_INPUT,قلة في الشرايح وعدم توفيرها بشكل دايم,قله في الشرايح وعدم توفيرها بشكل دايم,negative,[],متنوع,-1
11190990621135544,S25120024,300,رأيك يهمنا، فضلاً شاركنا تعليق او مقترح يساعد في تحسين التجربة,TEXT_INPUT,قصر الثريا,قصر الثريا,neutral,[],"شرايح, لايوجد, مره, نقص, بطيئه, قصر, متوفره, عندي, الاستحابه, اطلب",12
30607239823476934,S25120024,300,رأيك يهمنا، فضلاً شاركنا تعليق او مقترح يساعد في تحسين التجربة,TEXT_INPUT,قسم بالله أفضل موظف,قسم بالله افضل موظف,positive,[],متنوع,-1
37010049919910489,S25120024,300,رأيك يهمنا، فضلاً شاركنا تعليق او مقترح يساعد في تحسين التجربة,TEXT_INPUT,فيه مشاكل نواجهها في استخراج الشرايح احيان من اليوزر واحيان منكنافذ,فيه مشاكل نواجهها في استخراج الشرايح احيان اليوزر واحيان منكنافذ,negative,[],"كويك بلس, بلس, كويك, تطبيق, الشرايح, عدم, مثل, وقت, كثير, التجار",1
12748608340265986,S25120024,300,رأيك يهمنا، فضلاً شاركنا تعليق او مقترح يساعد في تحسين التجربة,TEXT_INPUT,فيصل خبراني افضل مندوب في جزا,فيصل خبراني افضل مندوب في جزا,positive,[],"افضل, افضل مندوب, مندوب, وافضل مندوب, وافضل, افضل موظف, علينا, افضل شركه, افضل الشركات, وانجاز",7
42206898460777241,S25120024,300,رأيك يهمنا، فضلاً شاركنا تعليق او مقترح يساعد في تحسين التجربة,TEXT_INPUT,فيصل العمري شكراً جزيلاً على ماتقدمه,فيصل العمري شكراً جزيلاً علي ماتقدمه,positive,[],متنوع,-1
29915602227226512,S25120024,300,رأيك يهمنا، فضلاً شاركنا تعليق او مقترح يساعد في تحسين التجربة,TEXT_INPUT,في تاخير,في تاخير,negative,[],"توفر, الشرائح, توفر الشرايح, عدم توفر, تاخير, اضافه, كثرت, الشرايح, تسليم الشرائح, صرف",11
14025557352434435,S25120024,300,رأيك يهمنا، فضلاً شاركنا تعليق او مقترح يساعد في تحسين التجربة,TEXT_INPUT,فنوات من اسوأ الشركات اللتي في السوق وهذا يؤسفنا نتعامل مع جميع ا,فنوات اسوا الشركات اللتي في السوق وهذا يؤسفنا نتعامل مع جميع ا,negative,[],"تم, وعدم, ولا, قنوات, بشكل, بسبب, الاتصالات, الشركات, ان, وهذا",3
13518816578678860,S25120024,300,رأيك يهمنا، فضلاً شاركنا تعليق او مقترح يساعد في تحسين التجربة,TEXT_INPUT,فن التعامل وصرعه الانجاز ,فن التعامل وصرعه الانجاز,positive,[],"الانجاز, وسرعه الانجاز, وفن التعامل, وفن, التعامل, وسرعه, وسرعه بالانجاز, الانجاز ممتاز, فن التعامل, ممتاز وفن",39
2770337413279530,S25120024,300,رأيك يهمنا، فضلاً شاركنا تعليق او مقترح يساعد في تحسين التجربة,TEXT_INPUT,فن التعامل ,فن التعامل,neutral,[],"ممتاز وفن, وفن, وفن التعامل, التعامل, التعامل ممتاز, جدا التعامل, ممتاز, فن, فن التعامل, جدا جدا",40
29391631592282706,S25120024,300,رأيك يهمنا، فضلاً شاركنا تعليق او مقترح يساعد في تحسين التجربة,TEXT_INPUT,غير محترفين,غير محترفين,neutral,[],"ممتاز جدا, جدا تعامل, عمل, ممتاز, رائع, جدا ممتاز, رائع جدا, جدا, طيب, تعامل",19
59147004862307694,S25120024,300,رأيك يهمنا، فضلاً شاركنا تعليق او مقترح يساعد في تحسين التجربة,TEXT_INPUT,غير متجاوبين معنا,غير متجاوبين معنا,negative,[],"متجاوب, متجاوب سريع, متفاعل, بسبب, معنا, سريع, المندوب, جدا, الموظف, علي",15
45810139557439921,S25120024,300,رأيك يهمنا، فضلاً شاركنا تعليق او مقترح يساعد في تحسين التجربة,TEXT_INPUT,غير متجاوب المندوب,غير متجاوب المندوب,negative,[],"متجاوب, متجاوب سريع, متفاعل, بسبب, معنا, سريع, المندوب, جدا, الموظف, علي",15
59488450209680066,S25120024,300,رأيك يهمنا، فضلاً شاركنا تعليق او مقترح يساعد في تحسين التجربة,TEXT_INPUT,غير متجاوب ,غير متجاوب,negative,[],"متجاوب, متجاوب سريع, متفاعل, بسبب, معنا, سريع, المندوب, جدا, الموظف, علي",15
24377498264647910,S25120024,300,رأيك يهمنا، فضلاً شاركنا تعليق او مقترح يساعد في تحسين التجربة,TEXT_INPUT,عيباد الله شهود في الروضه الموضفين عيد القحطاني يجيك على طول ومحترم جدا,عيباد الله شهود في الروضه الموضفين عيد القحطاني يجيك علي طول ومحترم جدا,positive,[],"شيء, علي طول, طول, طيب, ومحترم, معي, جدا تعامل, طول افضل, الاخ محمد, تركي مندوب",28
35611055608189736,S25120024,300,رأيك يهمنا، فضلاً شاركنا تعليق او مقترح يساعد في تحسين التجربة,TEXT_INPUT,عندي نقص بشرايح ,عندي نقص بشرايح,negative,[],"شرايح, لايوجد, مره, نقص, بطيئه, قصر, متوفره, عندي, الاستحابه, اطلب",12
14980618866041079,S25120024,300,رأيك يهمنا، فضلاً شاركنا تعليق او مقترح يساعد في تحسين التجربة,TEXT_INPUT,عندنا مشكله مع المندوب ناصر الشمري عدم التجاوب معانا وعدم توفير شرائح وعدم اخبارنا عن المسابقات من ما يسبب لنا قله في المبيعات مع العلم انه يتم توفير مايقارب ٢٥٠ شريحه لمحل واحد في المنطقه بسبب المعرفه بينهم ونحن لا يتجاوب معنا اتمنى من مدير المنطقة زيارة المحلات لمعرفة المشاكل مع هذا المندوب ,عندنا مشكله مع المندوب ناصر الشمري عدم التجاوب معانا وعدم توفير شرائح وعدم اخبارنا عن المسابقات ما يسبب لنا قله في المبيعات مع العلم انه يتم توفير مايقارب ٢٥٠ شريحه لمحل واحد في المنطقه بسبب المعرفه بينهم ونحن لا يتجاوب معنا اتمني مدير المنطقه زياره المحلات لمعرفه المشاكل مع هذا المندوب,negative,[],"تم, وعدم, ولا, قنوات, بشكل, بسبب, الاتصالات, الشركات, ان, وهذا",3
20727649595725546,S25120024,300,رأيك يهمنا، فضلاً شاركنا تعليق او مقترح يساعد في تحسين التجربة,TEXT_INPUT,عندنا مشكله اذا عندك اكثر من فرع,عندنا مشكله اذا عندك اكثر فرع,negative,[],"عندنا, زياده, الطلب, بكميات, بكميات كبيره, اللي, فرع, عندنا مشكله, كبيره, مشكله",47
51700709911994923,S25120024,300,رأيك يهمنا، فضلاً شاركنا تعليق او مقترح يساعد في تحسين التجربة,TEXT_INPUT,عمل رائع ,عمل رائع,positive,[],"ممتاز جدا, جدا تعامل, عمل, ممتاز, رائع, جدا ممتاز, رائع جدا, جدا, طيب, تعامل",19
50043395032432104,S25120024,300,رأيك يهمنا، فضلاً شاركنا تعليق او مقترح يساعد في تحسين التجربة,TEXT_INPUT,عرض,عرض,neutral,[],"شك, سيئه, عرض, جيده, جميل, جيد, لايوجد, افضل, شكرا, ",10
41425745097900233,S25120024,300,رأيك يهمنا، فضلاً شاركنا تعليق او مقترح يساعد في تحسين التجربة,TEXT_INPUT,عدم وجود مسابقات ,عدم وجود مسابقات,negative,[],"وجود مسابقات, الخدمات, عدم وجود, الاسعار, مسابقات, عدم, عدم توفر, وجود, توفر, شرائح",57
57297626246079762,S25120024,300,رأيك يهمنا، فضلاً شاركنا تعليق او مقترح يساعد في تحسين التجربة,TEXT_INPUT,عدم توفير شرائح ننتظر بالأسبوع حتى تجينا ,عدم توفير شرائح ننتظر بالاسبوع حتي تجينا,negative,[],"خاصيه, ننتظر, عليها, عدم توفير, توفير شرائح, ملاحظه, عدم, مميز, حتي, وشكرا",60
25259437444622011,S25120024,300,رأيك يهمنا، فضلاً شاركنا تعليق او مقترح يساعد في تحسين التجربة,TEXT_INPUT,عدم توفير شرائح حسب احتيجاتنا  ,عدم توفير شرائح حسب احتيجاتنا,negative,[],متنوع,-1
22480597697924189,S25120024,300,رأيك يهمنا، فضلاً شاركنا تعليق او مقترح يساعد في تحسين التجربة,TEXT_INPUT,عدم توفر شرائح ,عدم توفر شرائح,negative,[],"وجود مسابقات, الخدمات, عدم وجود, الاسعار, مسابقات, عدم, عدم توفر, وجود, توفر, شرائح",57
30338039521140350,S25120024,300,رأيك يهمنا، فضلاً شاركنا تعليق او مقترح يساعد في تحسين التجربة,TEXT_INPUT,عدم توفر الشرائح دائماااا ,عدم توفر الشرائح دائماااا,negative,[],"توفر, الشرائح, توفر الشرايح, عدم توفر, تاخير, اضافه, كثرت, الشرايح, تسليم الشرائح, صرف",11
15417226999570466,S25120024,300,رأيك يهمنا، فضلاً شاركنا تعليق او مقترح يساعد في تحسين التجربة,TEXT_INPUT,عدم توافر الشرائح لنا بكمية مطلوبه,عدم توافر الشرائح لنا بكميه مطلوبه,negative,[],"سويا, توفير الشرايح, لكي, والنجاح, العمل, توفير, عدم, الشرايح, الشرائح, ",76
19249828141707422,S25120024,300,رأيك يهمنا، فضلاً شاركنا تعليق او مقترح يساعد في تحسين التجربة,TEXT_INPUT,عدم الراد وتاخير في توصيل المعلومات,عدم الراد وتاخير في توصيل المعلومات,negative,[],"تاخير, تجاوب, توصيل, وعدم, الوصول, كثير المشاكل, المعلومات, عدم التجاوب, كافي, للشرائح",32
25436636379066711,S25120024,300,رأيك يهمنا، فضلاً شاركنا تعليق او مقترح يساعد في تحسين التجربة,TEXT_INPUT,عدم التعاون من قبل ناصر الشمري مندوب المبيعات بعدم توفير الشرايح والتعذر بعدم توفر الشرايح في المستودع,عدم التعاون قبل ناصر الشمري مندوب المبيعات بعدم توفير الشرايح والتعذر بعدم توفر الشرايح في المستودع,negative,[],"كويك بلس, بلس, كويك, تطبيق, الشرايح, عدم, مثل, وقت, كثير, التجار",1
28540915192449579,S25120024,300,رأيك يهمنا، فضلاً شاركنا تعليق او مقترح يساعد في تحسين التجربة,TEXT_INPUT,عدم التعاون من قبل المندوب ناصر الشمري تم رفع الطلب الشرائح وبعد خمس ايام تم التوفير عدد ٥٠ شريحه وعدم إبلاغنا عن المسابقات والعروض وهذه المشكله في جميع المحلات عدا محل واحد يتم التوفير الشرايح بشكل سريع وبكميات عاليه بسبب المعرف بينهم ,عدم التعاون قبل المندوب ناصر الشمري تم رفع الطلب الشرائح وبعد خمس ايام تم التوفير عدد ٥٠ شريحه وعدم ابلاغنا عن المسابقات والعروض وهذه المشكله في جميع المحلات عدا محل واحد يتم التوفير الشرايح بشكل سريع وبكميات عاليه بسبب المعرف بينهم,negative,[],"تم, وعدم, ولا, قنوات, بشكل, بسبب, الاتصالات, الشركات, ان, وهذا",3
11211805309505576,S25120024,300,رأيك يهمنا، فضلاً شاركنا تعليق او مقترح يساعد في تحسين التجربة,TEXT_INPUT,عدم التجاوب في كثير من المشاكل  تسببت لي بالخسائر ,عدم التجاوب في كثير المشاكل تسببت لي بالخسائر,negative,[],"تاخير, تجاوب, توصيل, وعدم, الوصول, كثير المشاكل, المعلومات, عدم التجاوب, كافي, للشرائح",32
60751767973958639,S25120024,300,رأيك يهمنا، فضلاً شاركنا تعليق او مقترح يساعد في تحسين التجربة,TEXT_INPUT,عبدالمجيد العبدلي كل الشكر ,عبدالمجيد العبدلي كل الشكر,positive,[],"عبدالمجيد, العبدلي, الشكر, شكرا, , , , , , ",71
23964965257212254,S25120024,300,رأيك يهمنا، فضلاً شاركنا تعليق او مقترح يساعد في تحسين التجربة,TEXT_INPUT,عبدالكريم مندوب مثالي ,عبدالكريم مندوب مثالي,positive,[],"مبدع, مندوب مبدع, تركي مندوب, عبدالكريم, مثالي, مندوب, تركي, , , ",77
15208206759283687,S25120024,300,رأيك يهمنا، فضلاً شاركنا تعليق او مقترح يساعد في تحسين التجربة,TEXT_INPUT,عبدالكريم متميز بسرعه الاداء والتجاوب  وتوفير حلول للمشاكل,عبدالكريم متميز بسرعه الاداء والتجاوب وتوفير حلول للمشاكل,positive,[],متنوع,-1
55445159740703777,S25120024,300,رأيك يهمنا، فضلاً شاركنا تعليق او مقترح يساعد في تحسين التجربة,TEXT_INPUT,طيبين,طيبين,positive,[],"ممتاز جدا, جدا تعامل, عمل, ممتاز, رائع, جدا ممتاز, رائع جدا, جدا, طيب, تعامل",19
29614249387192449,S25120024,300,رأيك يهمنا، فضلاً شاركنا تعليق او مقترح يساعد في تحسين التجربة,TEXT_INPUT,طوروا من خدماتكم وعالجوا اخطاء تطبيق كويك بلس وامنوا التجار بالمخزون المافي من الشرائح الخام,طوروا خدماتكم وعالجوا اخطاء تطبيق كويك بلس وامنوا التجار بالمخزون المافي الشرائح الخام,neutral,[],"كويك بلس, بلس, كويك, تطبيق, الشرايح, عدم, مثل, وقت, كثير, التجار",1
,S25120024,300,رأيك يهمنا، فضلاً شاركنا تعليق او مقترح يساعد في تحسين التجربة,TEXT_INPUT,طلبت عن طريق اليوزر شرائح المندوب رفض يعطيني ,طلبت عن طريق اليوزر شرائح المندوب رفض يعطيني,neutral,[],"شرائح, اطلب, اكثر, ولم, الاخير, جديده, ثلاثه, ولم يتم, ولايوجد, طلب",31
58015457894038358,S25120024,300,رأيك يهمنا، فضلاً شاركنا تعليق او مقترح يساعد في تحسين التجربة,TEXT_INPUT,طلبت شرائح وخلال 5 دقائق والمندوب عندي شكرا لكم,طلبت شرائح وخلال 5 دقائق والمندوب عندي شكرا لكم,neutral,[],"شرائح, اطلب, اكثر, ولم, الاخير, جديده, ثلاثه, ولم يتم, ولايوجد, طلب",31
46444256636537828,S25120024,300,رأيك يهمنا، فضلاً شاركنا تعليق او مقترح يساعد في تحسين التجربة,TEXT_INPUT,طلال اجمل المناديب -دليلك الأفضل للاتصالات ,طلال اجمل المناديب -دليلك الافضل للاتصالات,positive,[],"افضل, افضل مندوب, مندوب, وافضل مندوب, وافضل, افضل موظف, علينا, افضل شركه, افضل الشركات, وانجاز",7
,S25120024,300,رأيك يهمنا، فضلاً شاركنا تعليق او مقترح يساعد في تحسين التجربة,TEXT_INPUT,طريقة التواصل مع الشركة أصعب من الوصول لأمير منطقة وهذا مخجل في وقت انفتاح  ,طريقه التواصل مع الشركه اصعب الوصول لامير منطقه وهذا مخجل في وقت انفتاح,negative,[],"كويك بلس, بلس, كويك, تطبيق, الشرايح, عدم, مثل, وقت, كثير, التجار",1
52473682083209137,S25120024,300,رأيك يهمنا، فضلاً شاركنا تعليق او مقترح يساعد في تحسين التجربة,TEXT_INPUT,صلاحيات نقل ملكية وصلاحيات الغاء الرقم نهائي ليت,صلاحيات نقل ملكيه وصلاحيات الغاء الرقم نهائي ليت,neutral,[],"نقل, الرقم, ولم, الاتصال, ارجو, اطالب, نقل الملكيه, خدمه نقل, زياره, عرض",30
58974676072700902,S25120024,300,رأيك يهمنا، فضلاً شاركنا تعليق او مقترح يساعد في تحسين التجربة,TEXT_INPUT,شهادة لله المندوب  علي افضل مندوب مر علينا,شهاده لله المندوب علي افضل مندوب مر علينا,positive,[],"افضل, افضل مندوب, مندوب, وافضل مندوب, وافضل, افضل موظف, علينا, افضل شركه, افضل الشركات, وانجاز",7
35867736201425613,S25120024,300,رأيك يهمنا، فضلاً شاركنا تعليق او مقترح يساعد في تحسين التجربة,TEXT_INPUT,شكرالكم على هالخدمات وسهولتها ,شكرالكم علي هالخدمات وسهولتها,positive,[],"شكرا علي, المميزه, شكرا, الخدمه, حسن, لكم, علي, الراقي, وشكرا, شكرا لكم",0
35618811421772972,S25120024,300,رأيك يهمنا، فضلاً شاركنا تعليق او مقترح يساعد في تحسين التجربة,TEXT_INPUT,شكراالاخ تركي,شكراالاخ تركي,positive,[],"استاذ, تركي شكرا, عبدالرحمن شكرا, شكرا عبدالرحمن, عبدالرحمن, شكرا, شكرا منصور, منصور شكرا, شكرا شكرا, شكرا للاخ",13
32145855788667529,S25120024,300,رأيك يهمنا، فضلاً شاركنا تعليق او مقترح يساعد في تحسين التجربة,TEXT_INPUT,شكراً يحيى الرشيدي ,شكراً يحيي الرشيدي,neutral,[],"يحيي, الرشيدي, شكرا, , , , , , , ",78
19084544609767077,S25120024,300,رأيك يهمنا، فضلاً شاركنا تعليق او مقترح يساعد في تحسين التجربة,TEXT_INPUT,شكرا يا افضل مطور ,شكرا يا افضل مطور,positive,[],"الله يوفقك, شكرا افضل, يوفقك, يا, افضل, افضل مندوب, مندوب, الله, شكرا, تركي",66
34664657480949950,S25120024,300,رأيك يهمنا، فضلاً شاركنا تعليق او مقترح يساعد في تحسين التجربة,TEXT_INPUT,شكرا منصور ,شكرا منصور,positive,[],متنوع,-1
17986788530683320,S25120024,300,رأيك يهمنا، فضلاً شاركنا تعليق او مقترح يساعد في تحسين التجربة,TEXT_INPUT,شكرا من كل اعماق قلبي لي محمد فقيهي ,شكرا كل اعماق قلبي لي محمد فقيهي,positive,[],"الاستاذ, اشكره, التوفيق, جدا التعامل, يستاهل اعلي, يمثل, وانجاز, قصر, التقييم, اعلي",24
28790898973075814,S25120024,300,رأيك يهمنا، فضلاً شاركنا تعليق او مقترح يساعد في تحسين التجربة,TEXT_INPUT,شكرا من القلب للموظف رضا الشمري على رحابة صدرهوتعامله الراقي وسرعة الاستجابة,شكرا القلب للموظف رضا الشمري علي رحابه صدرهوتعامله الراقي وسرعه الاستجابه,positive,[],"رحابه, رضا الشمري, رضا, الشمري, الشمري علي, رحابه صدره, تجاوبه, علي رحابه, يحي, للموظف رضا",52
30336618605957289,S25120024,300,رأيك يهمنا، فضلاً شاركنا تعليق او مقترح يساعد في تحسين التجربة,TEXT_INPUT,شكرا من القلب للموظف المحترم رضا الشمري على رحابة صدره ,شكرا القلب للموظف المحترم رضا الشمري علي رحابه صدره,positive,[],"للموظف, الدائمه, القلب للموظف, الرائع, علي تعامله, علي رحابه, رحابه صدره, شكرا للموظف, صدره, شكرا القلب",54
13750731596590362,S25120024,300,رأيك يهمنا، فضلاً شاركنا تعليق او مقترح يساعد في تحسين التجربة,TEXT_INPUT,شكرا من القلب ,شكرا القلب,positive,[],"شكرا لك, القلب, شكرا القلب, لك, شكرا, , , , , ",43
35956033604092940,S25120024,300,رأيك يهمنا، فضلاً شاركنا تعليق او مقترح يساعد في تحسين التجربة,TEXT_INPUT,شكراً من الاعماق,شكراً الاعماق,positive,[],"عبدالمجيد, العبدلي, الشكر, شكرا, , , , , , ",71
56889539524338665,S25120024,300,رأيك يهمنا، فضلاً شاركنا تعليق او مقترح يساعد في تحسين التجربة,TEXT_INPUT,شكراً مسعد,شكراً مسعد,neutral,[],"يحيي, الرشيدي, شكرا, , , , , , , ",78
32065640383631810,S25120024,300,رأيك يهمنا، فضلاً شاركنا تعليق او مقترح يساعد في تحسين التجربة,TEXT_INPUT,شكرا لمندوبكم ,شكرا لمندوبكم,positive,[],"للمندوب, شكرا للمندوب, شكر للمندوب, للمندوب علي, الشكر, علي شكرا, وشكر, سرعه الانجاز, رضاء محمد, وشكر خاص",14
19768034593393071,S25120024,300,رأيك يهمنا، فضلاً شاركنا تعليق او مقترح يساعد في تحسين التجربة,TEXT_INPUT,شكرا للموظف على تعامله الرائع جدا,شكرا للموظف علي تعامله الرائع جدا,positive,[],"للموظف, الدائمه, القلب للموظف, الرائع, علي تعامله, علي رحابه, رحابه صدره, شكرا للموظف, صدره, شكرا القلب",54
20383613880742865,S25120024,300,رأيك يهمنا، فضلاً شاركنا تعليق او مقترح يساعد في تحسين التجربة,TEXT_INPUT,شكرا للموظف عبدالرحمن ثانيا لايوجد لدى الموظف مخزون كافي للشرايح فضلا ادعموهم بالشرايح,شكرا للموظف عبدالرحمن ثانيا لايوجد لدي الموظف مخزون كافي للشرايح فضلا ادعموهم بالشرايح,positive,[],متنوع,-1
54131630332196039,S25120024,300,رأيك يهمنا، فضلاً شاركنا تعليق او مقترح يساعد في تحسين التجربة,TEXT_INPUT,شكراً للموظف عبدالرحمن الهذيل ,شكراً للموظف عبدالرحمن الهذيل,neutral,[],"للموظف عبدالرحمن, الهذيل, عبدالرحمن الهذيل, الهذيل شكرا, عبدالرحمن, للموظف, عبد الرحمن, شكر للموظف, الرحمن, الهذيل شكر",53
53698496735088805,S25120024,300,رأيك يهمنا، فضلاً شاركنا تعليق او مقترح يساعد في تحسين التجربة,TEXT_INPUT,شكرا للموظف عبدالرحمن الهذيل ,شكرا للموظف عبدالرحمن الهذيل,positive,[],"للموظف عبدالرحمن, الهذيل, عبدالرحمن الهذيل, الهذيل شكرا, عبدالرحمن, للموظف, عبد الرحمن, شكر للموظف, الرحمن, الهذيل شكر",53
28014311276118935,S25120024,300,رأيك يهمنا، فضلاً شاركنا تعليق او مقترح يساعد في تحسين التجربة,TEXT_INPUT,شكرا للموظف عبدالرحمن,شكرا للموظف عبدالرحمن,positive,[],"شكرا للموظف, للموظف, للموظف تركي, عبدالرحمن شكرا, تركي شكرا, العتيبي شكرا, للموظف راكان, للموظف عبدالرحمن, راكان العتيبي, راكان",59
4033052176112586,S25120024,300,رأيك يهمنا، فضلاً شاركنا تعليق او مقترح يساعد في تحسين التجربة,TEXT_INPUT,شكرا للموظف رضا الشمري على سرعة الاجابة ,شكرا للموظف رضا الشمري علي سرعه الاجابه,positive,[],"شكرا للموظف, للموظف راكان, العتيبي علي, للموظف, شكرا شكرا, راكان, العتيبي, الاستجابه شكرا, علي سرعه, راكان العتيبي",34
15314412669067292,S25120024,300,رأيك يهمنا، فضلاً شاركنا تعليق او مقترح يساعد في تحسين التجربة,TEXT_INPUT,شكرا للموظف راكان مانع العتيبي على سرعة الاستجابة ,شكرا للموظف راكان مانع العتيبي علي سرعه الاستجابه,positive,[],"شكرا للموظف, للموظف راكان, العتيبي علي, للموظف, شكرا شكرا, راكان, العتيبي, الاستجابه شكرا, علي سرعه, راكان العتيبي",34
27318705284704754,S25120024,300,رأيك يهمنا، فضلاً شاركنا تعليق او مقترح يساعد في تحسين التجربة,TEXT_INPUT,شكرا للموظف راكان العتيبي على سرعة الاستجابه ,شكرا للموظف راكان العتيبي علي سرعه الاستجابه,positive,[],"شكرا للموظف, للموظف راكان, العتيبي علي, للموظف, شكرا شكرا, راكان, العتيبي, الاستجابه شكرا, علي سرعه, راكان العتيبي",34
60683042551849444,S25120024,300,رأيك يهمنا، فضلاً شاركنا تعليق او مقترح يساعد في تحسين التجربة,TEXT_INPUT,شكرا للموظف راكان العتيبي على حسن السدتعامل ,شكرا للموظف راكان العتيبي علي حسن السدتعامل,positive,[],"شكرا للموظف, للموظف راكان, العتيبي علي, للموظف, شكرا شكرا, راكان, العتيبي, الاستجابه شكرا, علي سرعه, راكان العتيبي",34
34142956421972879,S25120024,300,رأيك يهمنا، فضلاً شاركنا تعليق او مقترح يساعد في تحسين التجربة,TEXT_INPUT,شكرا للموظف راكان العتيبي,شكرا للموظف راكان العتيبي,positive,[],"شكرا للموظف, للموظف, للموظف تركي, عبدالرحمن شكرا, تركي شكرا, العتيبي شكرا, للموظف راكان, للموظف عبدالرحمن, راكان العتيبي, راكان",59
35372419420253893,S25120024,300,رأيك يهمنا، فضلاً شاركنا تعليق او مقترح يساعد في تحسين التجربة,TEXT_INPUT,شكرا للموظف تركي,شكرا للموظف تركي,positive,[],"شكرا للموظف, للموظف, للموظف تركي, عبدالرحمن شكرا, تركي شكرا, العتيبي شكرا, للموظف راكان, للموظف عبدالرحمن, راكان العتيبي, راكان",59
34214994985753391,S25120024,300,رأيك يهمنا، فضلاً شاركنا تعليق او مقترح يساعد في تحسين التجربة,TEXT_INPUT,شكرا للموظف,شكرا للموظف,positive,[],"شكرا للموظف, للموظف, للموظف تركي, عبدالرحمن شكرا, تركي شكرا, العتيبي شكرا, للموظف راكان, للموظف عبدالرحمن, راكان العتيبي, راكان",59
40383022022142887,S25120024,300,رأيك يهمنا، فضلاً شاركنا تعليق او مقترح يساعد في تحسين التجربة,TEXT_INPUT,شكرا للمندوب وبارك الله فيه مايقصر  علينا ,شكرا للمندوب وبارك الله فيه مايقصر علينا,positive,[],"بيض, الله, ونعم, والله, يسعده, الله يعطيه, ونعم الرجل, الجاسر, الرجل, الاخلاق",25
25154474289667770,S25120024,300,رأيك يهمنا، فضلاً شاركنا تعليق او مقترح يساعد في تحسين التجربة,TEXT_INPUT,شكرا للمندوب على سرعة الإنجاز ,شكرا للمندوب علي سرعه الانجاز,positive,[],"للمندوب, شكرا للمندوب, شكر للمندوب, للمندوب علي, الشكر, علي شكرا, وشكر, سرعه الانجاز, رضاء محمد, وشكر خاص",14
15652088061090213,S25120024,300,رأيك يهمنا، فضلاً شاركنا تعليق او مقترح يساعد في تحسين التجربة,TEXT_INPUT,شكرا للمندوب علي ,شكرا للمندوب علي,positive,[],"للمندوب, شكرا للمندوب, شكر للمندوب, للمندوب علي, الشكر, علي شكرا, وشكر, سرعه الانجاز, رضاء محمد, وشكر خاص",14
41931499616382551,S25120024,300,رأيك يهمنا، فضلاً شاركنا تعليق او مقترح يساعد في تحسين التجربة,TEXT_INPUT,شكرا للمندوب سريع ومتجاوب,شكرا للمندوب سريع ومتجاوب,positive,[],"وسريع, محترم, ومتعاون, ويستحق, موظف مثالي, والمندوب, مثالي, ومحترم, متعاون, ممتاز",2
13055760591512270,S25120024,300,رأيك يهمنا، فضلاً شاركنا تعليق او مقترح يساعد في تحسين التجربة,TEXT_INPUT,شكرا للمندوب ,شكرا للمندوب,positive,[],"للمندوب, شكرا للمندوب, شكر للمندوب, للمندوب علي, الشكر, علي شكرا, وشكر, سرعه الانجاز, رضاء محمد, وشكر خاص",14
13623706786272621,S25120024,300,رأيك يهمنا، فضلاً شاركنا تعليق او مقترح يساعد في تحسين التجربة,TEXT_INPUT,شكراً للخ تركي على سرعة الاستجابة والمتابعة,شكراً للخ تركي علي سرعه الاستجابه والمتابعه,positive,[],"علي سرعه, الاستجابه, سرعه الاستجابه, سرعه, تركي علي, نشكر, والمتابعه شكرا, الاستجابه والمتابعه, الاستجابه شكرا, والمتابعه",4
30254073134040646,S25120024,300,رأيك يهمنا، فضلاً شاركنا تعليق او مقترح يساعد في تحسين التجربة,TEXT_INPUT,شكرا للاخ علي ,شكرا للاخ علي,positive,[],متنوع,-1
13191417776868522,S25120024,300,رأيك يهمنا، فضلاً شاركنا تعليق او مقترح يساعد في تحسين التجربة,TEXT_INPUT,شكرا للاخ تركي ,شكرا للاخ تركي,positive,[],"استاذ, تركي شكرا, عبدالرحمن شكرا, شكرا عبدالرحمن, عبدالرحمن, شكرا, شكرا منصور, منصور شكرا, شكرا شكرا, شكرا للاخ",13
57675691966778705,S25120024,300,رأيك يهمنا، فضلاً شاركنا تعليق او مقترح يساعد في تحسين التجربة,TEXT_INPUT,شكراً للأخ عبدالإله الهذيل ,شكراً للاخ عبدالاله الهذيل,positive,[],"الهذيل, عبدالرحمن الهذيل, شكرا عبدالرحمن, الهذيل شكرا, عبدالرحمن, الهذيل شكر, الموظف عبدالرحمن, شكرا للاخ, رائع جدا, رائع",38
29301312722863331,S25120024,300,رأيك يهمنا، فضلاً شاركنا تعليق او مقترح يساعد في تحسين التجربة,TEXT_INPUT,شكرا لكم ولكن يوجد ملاحظه  التاخير بمعالجه المشاكل التي تواجه التاجر مثل استخراج شرايح ودايما والبرامج معلقه ,شكرا لكم ولكن يوجد ملاحظه التاخير بمعالجه المشاكل التي تواجه التاجر مثل استخراج شرايح ودايما والبرامج معلقه,negative,[],"كويك بلس, بلس, كويك, تطبيق, الشرايح, عدم, مثل, وقت, كثير, التجار",1
29301312722863331,S25120024,300,رأيك يهمنا، فضلاً شاركنا تعليق او مقترح يساعد في تحسين التجربة,TEXT_INPUT,شكرا لكم ولكن يوجد ملاحظه ,شكرا لكم ولكن يوجد ملاحظه,neutral,[],"للشرائح, العموله, الان, عموله, هناك, سعر, فقط, جميل, البيع, صرف",23
3435466882313201,S25120024,300,رأيك يهمنا، فضلاً شاركنا تعليق او مقترح يساعد في تحسين التجربة,TEXT_INPUT,شكرا لكم وشكر خاص للمندوب,شكرا لكم وشكر خاص للمندوب,positive,[],"للمندوب, شكرا للمندوب, شكر للمندوب, للمندوب علي, الشكر, علي شكرا, وشكر, سرعه الانجاز, رضاء محمد, وشكر خاص",14
24470935936158696,S25120024,300,رأيك يهمنا، فضلاً شاركنا تعليق او مقترح يساعد في تحسين التجربة,TEXT_INPUT,شكرا لكم على الخدمه المميزة ,شكرا لكم علي الخدمه المميزه,positive,[],"شكرا علي, المميزه, شكرا, الخدمه, حسن, لكم, علي, الراقي, وشكرا, شكرا لكم",0
22485088239731534,S25120024,300,رأيك يهمنا، فضلاً شاركنا تعليق او مقترح يساعد في تحسين التجربة,TEXT_INPUT,شكرا لكم تجاوب و تعاون من المشرف ,شكرا لكم تجاوب و تعاون المشرف,positive,[],"شكرا علي, المميزه, شكرا, الخدمه, حسن, لكم, علي, الراقي, وشكرا, شكرا لكم",0
14455061888343214,S25120024,300,رأيك يهمنا، فضلاً شاركنا تعليق او مقترح يساعد في تحسين التجربة,TEXT_INPUT,شكراً لكم,شكراً لكم,positive,[],"للشرائح, العموله, الان, عموله, هناك, سعر, فقط, جميل, البيع, صرف",23
18540798623357639,S25120024,300,رأيك يهمنا، فضلاً شاركنا تعليق او مقترح يساعد في تحسين التجربة,TEXT_INPUT,شكرا لكم ,شكرا لكم,positive,[],متنوع,-1
53441810792277668,S25120024,300,رأيك يهمنا، فضلاً شاركنا تعليق او مقترح يساعد في تحسين التجربة,TEXT_INPUT,شكرا لك ,شكرا لك,positive,[],"شكرا لك, القلب, شكرا القلب, لك, شكرا, , , , , ",43
57160413465172382,S25120024,300,رأيك يهمنا، فضلاً شاركنا تعليق او مقترح يساعد في تحسين التجربة,TEXT_INPUT,شكرا لسرعة التجاوب والتعاملزااراقي ,شكرا لسرعه التجاوب والتعاملزااراقي,positive,[],"شكرا علي, المميزه, شكرا, الخدمه, حسن, لكم, علي, الراقي, وشكرا, شكرا لكم",0
13623058159588943,S25120024,300,رأيك يهمنا، فضلاً شاركنا تعليق او مقترح يساعد في تحسين التجربة,TEXT_INPUT,شكرا لخدمتك لنا ,شكرا لخدمتك لنا,positive,[],"شكرا علي, المميزه, شكرا, الخدمه, حسن, لكم, علي, الراقي, وشكرا, شكرا لكم",0
,S25120024,300,رأيك يهمنا، فضلاً شاركنا تعليق او مقترح يساعد في تحسين التجربة,TEXT_INPUT,شكرا لتعاونكم,شكرا لتعاونكم,positive,[],"شكرا علي, المميزه, شكرا, الخدمه, حسن, لكم, علي, الراقي, وشكرا, شكرا لكم",0
16340750943592401,S25120024,300,رأيك يهمنا، فضلاً شاركنا تعليق او مقترح يساعد في تحسين التجربة,TEXT_INPUT,شكرا لتعاون الموظف معنا,شكرا لتعاون الموظف معنا,positive,[],"شكرا علي, المميزه, شكرا, الخدمه, حسن, لكم, علي, الراقي, وشكرا, شكرا لكم",0
35162849037854682,S25120024,300,رأيك يهمنا، فضلاً شاركنا تعليق او مقترح يساعد في تحسين التجربة,TEXT_INPUT,شكراً لتعاملكم الراقي❤️,شكراً لتعاملكم الراقي,positive,[],"شكرا علي, المميزه, شكرا, الخدمه, حسن, لكم, علي, الراقي, وشكرا, شكرا لكم",0
19372224470831607,S25120024,300,رأيك يهمنا، فضلاً شاركنا تعليق او مقترح يساعد في تحسين التجربة,TEXT_INPUT,شكرا لتعاملكم ,شكرا لتعاملكم,positive,[],"شكرا علي, المميزه, شكرا, الخدمه, حسن, لكم, علي, الراقي, وشكرا, شكرا لكم",0
36917666265972692,S25120024,300,رأيك يهمنا، فضلاً شاركنا تعليق او مقترح يساعد في تحسين التجربة,TEXT_INPUT,شكرا لتعاملك العتيبي,شكرا لتعاملك العتيبي,positive,[],"شكرا علي, المميزه, شكرا, الخدمه, حسن, لكم, علي, الراقي, وشكرا, شكرا لكم",0
60167963527787870,S25120024,300,رأيك يهمنا، فضلاً شاركنا تعليق او مقترح يساعد في تحسين التجربة,TEXT_INPUT,شكراً على سرعة الاستجابه والمتابعة ,شكراً علي سرعه الاستجابه والمتابعه,positive,[],"علي سرعه, الاستجابه, سرعه الاستجابه, سرعه, تركي علي, نشكر, والمتابعه شكرا, الاستجابه والمتابعه, الاستجابه شكرا, والمتابعه",4
56891826461191603,S25120024,300,رأيك يهمنا، فضلاً شاركنا تعليق او مقترح يساعد في تحسين التجربة,TEXT_INPUT,شكرا على سرعة الاستجابه من الموظف طلال العنزي وتامين الشرايح,شكرا علي سرعه الاستجابه الموظف طلال العنزي وتامين الشرايح,positive,[],"علي سرعه, الاستجابه, سرعه الاستجابه, سرعه, تركي علي, نشكر, والمتابعه شكرا, الاستجابه والمتابعه, الاستجابه شكرا, والمتابعه",4
47125445301963804,S25120024,300,رأيك يهمنا، فضلاً شاركنا تعليق او مقترح يساعد في تحسين التجربة,TEXT_INPUT,شكراً على سرعة الاستجابة ,شكراً علي سرعه الاستجابه,positive,[],"علي سرعه, الاستجابه, سرعه الاستجابه, سرعه, تركي علي, نشكر, والمتابعه شكرا, الاستجابه والمتابعه, الاستجابه شكرا, والمتابعه",4
49726757088278384,S25120024,300,رأيك يهمنا، فضلاً شاركنا تعليق او مقترح يساعد في تحسين التجربة,TEXT_INPUT,شكرا على سرعة الاستجابة,شكرا علي سرعه الاستجابه,positive,[],"علي سرعه, الاستجابه, سرعه الاستجابه, سرعه, تركي علي, نشكر, والمتابعه شكرا, الاستجابه والمتابعه, الاستجابه شكرا, والمتابعه",4
52913064329809297,S25120024,300,رأيك يهمنا، فضلاً شاركنا تعليق او مقترح يساعد في تحسين التجربة,TEXT_INPUT,شكرا على رقي تعامل موظف STC,شكرا علي رقي تعامل موظف,positive,[],"شكرا علي, المميزه, شكرا, الخدمه, حسن, لكم, علي, الراقي, وشكرا, شكرا لكم",0
19139735934897451,S25120024,300,رأيك يهمنا، فضلاً شاركنا تعليق او مقترح يساعد في تحسين التجربة,TEXT_INPUT,شكرا على خدمتك الجميلة ,شكرا علي خدمتك الجميله,positive,[],"شكرا علي, المميزه, شكرا, الخدمه, حسن, لكم, علي, الراقي, وشكرا, شكرا لكم",0
28438114452200252,S25120024,300,رأيك يهمنا، فضلاً شاركنا تعليق او مقترح يساعد في تحسين التجربة,TEXT_INPUT,شكرا على حسن تعاملكم,شكرا علي حسن تعاملكم,positive,[],"شكرا علي, المميزه, شكرا, الخدمه, حسن, لكم, علي, الراقي, وشكرا, شكرا لكم",0
15231383989948621,S25120024,300,رأيك يهمنا، فضلاً شاركنا تعليق او مقترح يساعد في تحسين التجربة,TEXT_INPUT,شكرا علي جهدك وتعاونك معنا ,شكرا علي جهدك وتعاونك معنا,positive,[],"شكرا علي, المميزه, شكرا, الخدمه, حسن, لكم, علي, الراقي, وشكرا, شكرا لكم",0
28610966682550424,S25120024,300,رأيك يهمنا، فضلاً شاركنا تعليق او مقترح يساعد في تحسين التجربة,TEXT_INPUT,شكرا على تعاملكم الراقي,شكرا علي تعاملكم الراقي,positive,[],"شكرا علي, المميزه, شكرا, الخدمه, حسن, لكم, علي, الراقي, وشكرا, شكرا لكم",0
4292332728198439,S25120024,300,رأيك يهمنا، فضلاً شاركنا تعليق او مقترح يساعد في تحسين التجربة,TEXT_INPUT,شكرا على تجاوبك معنا أخ فيصل,شكرا علي تجاوبك معنا اخ فيصل,positive,[],"شكرا علي, المميزه, شكرا, الخدمه, حسن, لكم, علي, الراقي, وشكرا, شكرا لكم",0
24557045415066041,S25120024,300,رأيك يهمنا، فضلاً شاركنا تعليق او مقترح يساعد في تحسين التجربة,TEXT_INPUT,شكرا على الخدمه المميزه ,شكرا علي الخدمه المميزه,positive,[],"شكرا علي, المميزه, شكرا, الخدمه, حسن, لكم, علي, الراقي, وشكرا, شكرا لكم",0
33975856328898787,S25120024,300,رأيك يهمنا، فضلاً شاركنا تعليق او مقترح يساعد في تحسين التجربة,TEXT_INPUT,شكرا على الخدمة المتميزة ,شكرا علي الخدمه المتميزه,positive,[],"شكرا علي, المميزه, شكرا, الخدمه, حسن, لكم, علي, الراقي, وشكرا, شكرا لكم",0
19765771663665909,S25120024,300,رأيك يهمنا، فضلاً شاركنا تعليق او مقترح يساعد في تحسين التجربة,TEXT_INPUT,شكرا على التعاون والأخلاق الحلوه ,شكرا علي التعاون والاخلاق الحلوه,positive,[],"شكرا علي, المميزه, شكرا, الخدمه, حسن, لكم, علي, الراقي, وشكرا, شكرا لكم",0
41689788776932748,S25120024,300,رأيك يهمنا، فضلاً شاركنا تعليق او مقترح يساعد في تحسين التجربة,TEXT_INPUT,شكرا على التعامل الممتاز,شكرا علي التعامل الممتاز,positive,[],"شكرا علي, المميزه, شكرا, الخدمه, حسن, لكم, علي, الراقي, وشكرا, شكرا لكم",0
24792184416500097,S25120024,300,رأيك يهمنا، فضلاً شاركنا تعليق او مقترح يساعد في تحسين التجربة,TEXT_INPUT,شكرا عبدالرحمن ومنصور,شكرا عبدالرحمن ومنصور,positive,[],"استاذ, تركي شكرا, عبدالرحمن شكرا, شكرا عبدالرحمن, عبدالرحمن, شكرا, شكرا منصور, منصور شكرا, شكرا شكرا, شكرا للاخ",13
17746340711586765,S25120024,300,رأيك يهمنا، فضلاً شاركنا تعليق او مقترح يساعد في تحسين التجربة,TEXT_INPUT,شكرا عبدالرحمن شكرا منصور شكرا ,شكرا عبدالرحمن شكرا منصور شكرا,positive,[],"استاذ, تركي شكرا, عبدالرحمن شكرا, شكرا عبدالرحمن, عبدالرحمن, شكرا, شكرا منصور, منصور شكرا, شكرا شكرا, شكرا للاخ",13
4253728337848161,S25120024,300,رأيك يهمنا، فضلاً شاركنا تعليق او مقترح يساعد في تحسين التجربة,TEXT_INPUT,شكراً عبدالرحمن الهذيل,شكراً عبدالرحمن الهذيل,neutral,[],"الهذيل, عبدالرحمن الهذيل, شكرا عبدالرحمن, الهذيل شكرا, عبدالرحمن, الهذيل شكر, الموظف عبدالرحمن, شكرا للاخ, رائع جدا, رائع",38
1215209865262314,S25120024,300,رأيك يهمنا، فضلاً شاركنا تعليق او مقترح يساعد في تحسين التجربة,TEXT_INPUT,شكرا عبدالرحمن الهذيل,شكرا عبدالرحمن الهذيل,positive,[],"الهذيل, عبدالرحمن الهذيل, شكرا عبدالرحمن, الهذيل شكرا, عبدالرحمن, الهذيل شكر, الموظف عبدالرحمن, شكرا للاخ, رائع جدا, رائع",38
1993977494576388,S25120024,300,رأيك يهمنا، فضلاً شاركنا تعليق او مقترح يساعد في تحسين التجربة,TEXT_INPUT,شكرا عبد الرحمن الهذيل ,شكرا عبد الرحمن الهذيل,positive,[],"للموظف عبدالرحمن, الهذيل, عبدالرحمن الهذيل, الهذيل شكرا, عبدالرحمن, للموظف, عبد الرحمن, شكر للموظف, الرحمن, الهذيل شكر",53
12929718900720744,S25120024,300,رأيك يهمنا، فضلاً شاركنا تعليق او مقترح يساعد في تحسين التجربة,TEXT_INPUT,شكرا ع اهتمامكم,شكرا ع اهتمامكم,positive,[],"شكرا علي, المميزه, شكرا, الخدمه, حسن, لكم, علي, الراقي, وشكرا, شكرا لكم",0
36746897135300394,S25120024,300,رأيك يهمنا، فضلاً شاركنا تعليق او مقترح يساعد في تحسين التجربة,TEXT_INPUT,شكرا شكرا شكرا للموظف تركي على سرعه التواصل واللنجاز ,شكرا شكرا شكرا للموظف تركي علي سرعه التواصل واللنجاز,positive,[],"شكرا للموظف, للموظف راكان, العتيبي علي, للموظف, شكرا شكرا, راكان, العتيبي, الاستجابه شكرا, علي سرعه, راكان العتيبي",34
51269076890794013,S25120024,300,رأيك يهمنا، فضلاً شاركنا تعليق او مقترح يساعد في تحسين التجربة,TEXT_INPUT,شكرا خدمه بوقت وجيز يعطيكم العافيه,شكرا خدمه بوقت وجيز يعطيكم العافيه,positive,[],متنوع,-1
40132019417035043,S25120024,300,رأيك يهمنا، فضلاً شاركنا تعليق او مقترح يساعد في تحسين التجربة,TEXT_INPUT,شكرا جزيلا ,شكرا جزيلا,positive,[],متنوع,-1
22751732438308638,S25120024,300,رأيك يهمنا، فضلاً شاركنا تعليق او مقترح يساعد في تحسين التجربة,TEXT_INPUT,شكراً الموظف راكان العتيبي ,شكراً الموظف راكان العتيبي,neutral,[],متنوع,-1
26373115249506472,S25120024,300,رأيك يهمنا، فضلاً شاركنا تعليق او مقترح يساعد في تحسين التجربة,TEXT_INPUT,‏شكرا المندوب ,شكرا المندوب,positive,[],"اشكرك, نشكر المندوب, الغامدي, المندوب, نشكر, شكرا, , , , ",69
47556330481977376,S25120024,300,رأيك يهمنا، فضلاً شاركنا تعليق او مقترح يساعد في تحسين التجربة,TEXT_INPUT,شكراً الاستجابة السريعه,شكراً الاستجابه السريعه,neutral,[],"علي سرعه, الاستجابه, سرعه الاستجابه, سرعه, تركي علي, نشكر, والمتابعه شكرا, الاستجابه والمتابعه, الاستجابه شكرا, والمتابعه",4
36574908319217904,S25120024,300,رأيك يهمنا، فضلاً شاركنا تعليق او مقترح يساعد في تحسين التجربة,TEXT_INPUT,شكرا الاستاذ ثابت ما قصر   رغم انه في اجاظة,شكرا الاستاذ ثابت ما قصر رغم انه في اجاظه,positive,[],"الاستاذ, اشكره, التوفيق, جدا التعامل, يستاهل اعلي, يمثل, وانجاز, قصر, التقييم, اعلي",24
30338163647877590,S25120024,300,رأيك يهمنا، فضلاً شاركنا تعليق او مقترح يساعد في تحسين التجربة,TEXT_INPUT,شكرا الاستاذ ثابت حفظك الله,شكرا الاستاذ ثابت حفظك الله,positive,[],"بيض, يا, منصور, الاستاذ ثابت, ثابت, شكرا الاستاذ, محمد, الاستاذ, الله, شكرا",79
17767167391601356,S25120024,300,رأيك يهمنا، فضلاً شاركنا تعليق او مقترح يساعد في تحسين التجربة,TEXT_INPUT,شكرا الاستاذ ثابت  وفقك الله,شكرا الاستاذ ثابت وفقك الله,positive,[],متنوع,-1
32755079223697249,S25120024,300,رأيك يهمنا، فضلاً شاركنا تعليق او مقترح يساعد في تحسين التجربة,TEXT_INPUT,شكرا الاستاذ ثابت ,شكرا الاستاذ ثابت,positive,[],"استاذ, تركي شكرا, عبدالرحمن شكرا, شكرا عبدالرحمن, عبدالرحمن, شكرا, شكرا منصور, منصور شكرا, شكرا شكرا, شكرا للاخ",13
3730128953291881,S25120024,300,رأيك يهمنا، فضلاً شاركنا تعليق او مقترح يساعد في تحسين التجربة,TEXT_INPUT,شكرا الاستاذ تركي على سرعة الاستابة والمتابعة,شكرا الاستاذ تركي علي سرعه الاستابه والمتابعه,positive,[],"علي سرعه, الاستجابه, سرعه الاستجابه, سرعه, تركي علي, نشكر, والمتابعه شكرا, الاستجابه والمتابعه, الاستجابه شكرا, والمتابعه",4
699817985074780,S25120024,300,رأيك يهمنا، فضلاً شاركنا تعليق او مقترح يساعد في تحسين التجربة,TEXT_INPUT,شكرا الاستاذ تركي ال حمزه على المتابعة والاهتمام,شكرا الاستاذ تركي ال حمزه علي المتابعه والاهتمام,positive,[],"حسن التعامل, للاستاذ, للاستاذ تركي, حمزه, تركي حمزه, والاهتمام, الف شكر, والمتابعه, علي المتابعه, المتابعه",18
32677134203361454,S25120024,300,رأيك يهمنا، فضلاً شاركنا تعليق او مقترح يساعد في تحسين التجربة,TEXT_INPUT,شكراً الاخ وليد موظف على التميز وحسن التعامل ,شكراً الاخ وليد موظف علي التميز وحسن التعامل,positive,[],"المعامله, حسن المعامله, الاخ, الاخ تركي, نشكر الاخ, عل, شكرا الاخ, وليد, وحسن, حسن",46
60078732744016973,S25120024,300,رأيك يهمنا، فضلاً شاركنا تعليق او مقترح يساعد في تحسين التجربة,TEXT_INPUT,شكراً الاخ ترمي على المتابعة وسرعة الاستجابة,شكراً الاخ ترمي علي المتابعه وسرعه الاستجابه,positive,[],"علي سرعه, الاستجابه, سرعه الاستجابه, سرعه, تركي علي, نشكر, والمتابعه شكرا, الاستجابه والمتابعه, الاستجابه شكرا, والمتابعه",4
13628618802606235,S25120024,300,رأيك يهمنا، فضلاً شاركنا تعليق او مقترح يساعد في تحسين التجربة,TEXT_INPUT,شكرا استاذ عبدالرحمن ,شكرا استاذ عبدالرحمن,positive,[],"استاذ, تركي شكرا, عبدالرحمن شكرا, شكرا عبدالرحمن, عبدالرحمن, شكرا, شكرا منصور, منصور شكرا, شكرا شكرا, شكرا للاخ",13
24304455517134941,S25120024,300,رأيك يهمنا، فضلاً شاركنا تعليق او مقترح يساعد في تحسين التجربة,TEXT_INPUT,شكرا استاذ رائد الشهري ,شكرا استاذ رائد الشهري,positive,[],"استاذ, تركي شكرا, عبدالرحمن شكرا, شكرا عبدالرحمن, عبدالرحمن, شكرا, شكرا منصور, منصور شكرا, شكرا شكرا, شكرا للاخ",13
24034382507300032,S25120024,300,رأيك يهمنا، فضلاً شاركنا تعليق او مقترح يساعد في تحسين التجربة,TEXT_INPUT,شكرا استاذ احمد الزهراني,شكرا استاذ احمد الزهراني,positive,[],"استاذ, تركي شكرا, عبدالرحمن شكرا, شكرا عبدالرحمن, عبدالرحمن, شكرا, شكرا منصور, منصور شكرا, شكرا شكرا, شكرا للاخ",13
9840171993188474,S25120024,300,رأيك يهمنا، فضلاً شاركنا تعليق او مقترح يساعد في تحسين التجربة,TEXT_INPUT,شكرا اخوي ركان,شكرا اخوي ركان,positive,[],"استاذ, تركي شكرا, عبدالرحمن شكرا, شكرا عبدالرحمن, عبدالرحمن, شكرا, شكرا منصور, منصور شكرا, شكرا شكرا, شكرا للاخ",13
2086026466898488,S25120024,300,رأيك يهمنا، فضلاً شاركنا تعليق او مقترح يساعد في تحسين التجربة,TEXT_INPUT,شكرا STC,شكرا,positive,[],"شكرا لك, القلب, شكرا القلب, لك, شكرا, , , , , ",43
40295827150948834,S25120024,300,رأيك يهمنا، فضلاً شاركنا تعليق او مقترح يساعد في تحسين التجربة,TEXT_INPUT,شكراً ,شكراً,negative,[],"شك, سيئه, عرض, جيده, جميل, جيد, لايوجد, افضل, شكرا, ",10
36662502397396388,S25120024,300,رأيك يهمنا، فضلاً شاركنا تعليق او مقترح يساعد في تحسين التجربة,TEXT_INPUT,شكرأ ستاذ مهن,شكرا ستاذ مهن,positive,[],"استاذ, تركي شكرا, عبدالرحمن شكرا, شكرا عبدالرحمن, عبدالرحمن, شكرا, شكرا منصور, منصور شكرا, شكرا شكرا, شكرا للاخ",13
35261531320269608,S25120024,300,رأيك يهمنا، فضلاً شاركنا تعليق او مقترح يساعد في تحسين التجربة,TEXT_INPUT,شكر وتقدير لفريق العمل,شكر وتقدير لفريق العمل,positive,[],"للاخ تركي, للاخ, موصول للاخ, موصول, شكر, اخ, شكرا لك, لك, تركي الف, العمل",27
48075961931963378,S25120024,300,رأيك يهمنا، فضلاً شاركنا تعليق او مقترح يساعد في تحسين التجربة,TEXT_INPUT,شكر موصول للاخ تركي,شكر موصول للاخ تركي,positive,[],"للاخ تركي, للاخ, موصول للاخ, موصول, شكر, اخ, شكرا لك, لك, تركي الف, العمل",27
1993956814645074,S25120024,300,رأيك يهمنا، فضلاً شاركنا تعليق او مقترح يساعد في تحسين التجربة,TEXT_INPUT,شكر للموظف عبدالرحمن الهذيل ,شكر للموظف عبدالرحمن الهذيل,positive,[],"للموظف عبدالرحمن, الهذيل, عبدالرحمن الهذيل, الهذيل شكرا, عبدالرحمن, للموظف, عبد الرحمن, شكر للموظف, الرحمن, الهذيل شكر",53
7854332777700133,S25120024,300,رأيك يهمنا، فضلاً شاركنا تعليق او مقترح يساعد في تحسين التجربة,TEXT_INPUT,شكرً للموظف راكان العتيبي ,شكرً للموظف راكان العتيبي,neutral,[],متنوع,-1
24735490279031665,S25120024,300,رأيك يهمنا، فضلاً شاركنا تعليق او مقترح يساعد في تحسين التجربة,TEXT_INPUT,شكر للمندوب محمد الغامدي ,شكر للمندوب محمد الغامدي,positive,[],"للمندوب, شكرا للمندوب, شكر للمندوب, للمندوب علي, الشكر, علي شكرا, وشكر, سرعه الانجاز, رضاء محمد, وشكر خاص",14
49898026377399637,S25120024,300,رأيك يهمنا، فضلاً شاركنا تعليق او مقترح يساعد في تحسين التجربة,TEXT_INPUT,شكر لتعاون الموظف المميز ,شكر لتعاون الموظف المميز,positive,[],"شكرا علي, المميزه, شكرا, الخدمه, حسن, لكم, علي, الراقي, وشكرا, شكرا لكم",0
57837686027879352,S25120024,300,رأيك يهمنا، فضلاً شاركنا تعليق او مقترح يساعد في تحسين التجربة,TEXT_INPUT,شكر عبدالاله الهذيل,شكر عبدالاله الهذيل,positive,[],"الهذيل, عبدالرحمن الهذيل, شكرا عبدالرحمن, الهذيل شكرا, عبدالرحمن, الهذيل شكر, الموظف عبدالرحمن, شكرا للاخ, رائع جدا, رائع",38
39586450916344670,S25120024,300,رأيك يهمنا، فضلاً شاركنا تعليق او مقترح يساعد في تحسين التجربة,TEXT_INPUT,شكر ع حسن تعاملكمً,شكر ع حسن تعاملكمً,positive,[],"شكرا علي, المميزه, شكرا, الخدمه, حسن, لكم, علي, الراقي, وشكرا, شكرا لكم",0
28375340910580633,S25120024,300,رأيك يهمنا، فضلاً شاركنا تعليق او مقترح يساعد في تحسين التجربة,TEXT_INPUT,شكر خاص للاستاذ وليد على المتابعه والاهتمام حسن التعامل ,شكر خاص للاستاذ وليد علي المتابعه والاهتمام حسن التعامل,positive,[],"حسن التعامل, للاستاذ, للاستاذ تركي, حمزه, تركي حمزه, والاهتمام, الف شكر, والمتابعه, علي المتابعه, المتابعه",18
56202564208632844,S25120024,300,رأيك يهمنا، فضلاً شاركنا تعليق او مقترح يساعد في تحسين التجربة,TEXT_INPUT,شكر خاص للاخ محمد الزهراني مندوب المبيعات على حرصه وتلبية ,شكر خاص للاخ محمد الزهراني مندوب المبيعات علي حرصه وتلبيه,positive,[],"تعامله, حسن تعامله, اشكر الموظف, اشكر, استجابته, الموظف رضا, علي حسن, الشمري علي, رضا الشمري, الموظف",9
47561973590373759,S25120024,300,رأيك يهمنا، فضلاً شاركنا تعليق او مقترح يساعد في تحسين التجربة,TEXT_INPUT,شكر الاخ تركي على حسن المعاملة,شكر الاخ تركي علي حسن المعامله,positive,[],"المعامله, حسن المعامله, الاخ, الاخ تركي, نشكر الاخ, عل, شكرا الاخ, وليد, وحسن, حسن",46
1987691520829205,S25120024,300,رأيك يهمنا، فضلاً شاركنا تعليق او مقترح يساعد في تحسين التجربة,TEXT_INPUT,شكة تاخير في بصمة الوجھ ي حبنذ تكون البصمھ الجھاز شغلھا,شكه تاخير في بصمه الوجھ ي حبنذ تكون البصمھ الجھاز شغلھا,negative,[],متنوع,-1
2779992003131054,S25120024,300,رأيك يهمنا، فضلاً شاركنا تعليق او مقترح يساعد في تحسين التجربة,TEXT_INPUT,شك,شك,negative,[],"شك, سيئه, عرض, جيده, جميل, جيد, لايوجد, افضل, شكرا, ",10
20797550302843375,S25120024,300,رأيك يهمنا، فضلاً شاركنا تعليق او مقترح يساعد في تحسين التجربة,TEXT_INPUT,شركة رائدة ,شركه رائده,positive,[],"خدمه, مميزه, خدمه مميزه, ممتازه, خدمه جدا, جدا ممتازه, سريعه, سيئه, خدمات, خدماتكم",8
30181605034303915,S25120024,300,رأيك يهمنا، فضلاً شاركنا تعليق او مقترح يساعد في تحسين التجربة,TEXT_INPUT,شركة جدا جدا جدا رائعة,شركه جدا جدا جدا رائعه,positive,[],"رائعه, جدا جدا, جدا, ممتازه, شركه, , , , , ",67
58614385459260856,S25120024,300,رأيك يهمنا، فضلاً شاركنا تعليق او مقترح يساعد في تحسين التجربة,TEXT_INPUT,شرايح غير متوفره ,شرايح غير متوفره,neutral,[],"شرايح, لايوجد, مره, نقص, بطيئه, قصر, متوفره, عندي, الاستحابه, اطلب",12
47989114247773087,S25120024,300,رأيك يهمنا، فضلاً شاركنا تعليق او مقترح يساعد في تحسين التجربة,TEXT_INPUT,شرئح عدد خمسون لاتكفي والمندوب لايصل منطقتي,شرئح عدد خمسون لاتكفي والمندوب لايصل منطقتي,negative,[],متنوع,-1
17774948880694627,S25120024,300,رأيك يهمنا، فضلاً شاركنا تعليق او مقترح يساعد في تحسين التجربة,TEXT_INPUT,شاكر له حسن تعاونه,شاكر له حسن تعاونه,positive,[],"شكرا علي, المميزه, شكرا, الخدمه, حسن, لكم, علي, الراقي, وشكرا, شكرا لكم",0
12468774784348157,S25120024,300,رأيك يهمنا، فضلاً شاركنا تعليق او مقترح يساعد في تحسين التجربة,TEXT_INPUT,شاكر لكم تعاونكم ,شاكر لكم تعاونكم,positive,[],"شكرا علي, المميزه, شكرا, الخدمه, حسن, لكم, علي, الراقي, وشكرا, شكرا لكم",0
18867142129583615,S25120024,300,رأيك يهمنا، فضلاً شاركنا تعليق او مقترح يساعد في تحسين التجربة,TEXT_INPUT,ش,ش,neutral,[],"10, 60, , , , , , , , ",36
527856455747122,S25120024,300,رأيك يهمنا، فضلاً شاركنا تعليق او مقترح يساعد في تحسين التجربة,TEXT_INPUT,سيئه,سيئه,negative,[],"شك, سيئه, عرض, جيده, جميل, جيد, لايوجد, افضل, شكرا, ",10
1195924304900624,S25120024,300,رأيك يهمنا، فضلاً شاركنا تعليق او مقترح يساعد في تحسين التجربة,TEXT_INPUT,سكرا,سكرا,negative,[],متنوع,-1
60317814909137424,S25120024,300,رأيك يهمنا، فضلاً شاركنا تعليق او مقترح يساعد في تحسين التجربة,TEXT_INPUT,سريع ومتعامل ,سريع ومتعامل,positive,[],"متجاوب, متجاوب سريع, متفاعل, بسبب, معنا, سريع, المندوب, جدا, الموظف, علي",15
46950364484094701,S25120024,300,رأيك يهمنا، فضلاً شاركنا تعليق او مقترح يساعد في تحسين التجربة,TEXT_INPUT,سريع نشكر الأخ تركي,سريع نشكر الاخ تركي,positive,[],متنوع,-1
53523090420450437,S25120024,300,رأيك يهمنا، فضلاً شاركنا تعليق او مقترح يساعد في تحسين التجربة,TEXT_INPUT,سريع بالخدمة مميز بالتعامل الف شكر لك اخوي احمد,سريع بالخدمه مميز بالتعامل الف شكر لك اخوي احمد,positive,[],"حسن التعامل, للاستاذ, للاستاذ تركي, حمزه, تركي حمزه, والاهتمام, الف شكر, والمتابعه, علي المتابعه, المتابعه",18
51626345788068669,S25120024,300,رأيك يهمنا، فضلاً شاركنا تعليق او مقترح يساعد في تحسين التجربة,TEXT_INPUT,سريع التعامل وسريع التوصيل واخلاقه عاليه ,سريع التعامل وسريع التوصيل واخلاقه عاليه,positive,[],"محترم, وسريع, رجل محترم, الممتاز, محترم وسريع, وخلوق, وسرعه بالانجاز, والاخلاق, البيع, واخلاقه",29
18867564135543481,S25120024,300,رأيك يهمنا، فضلاً شاركنا تعليق او مقترح يساعد في تحسين التجربة,TEXT_INPUT,سرعه توفيز وانجاز المهمه اسشكره كن اعماق قلبي,سرعه توفيز وانجاز المهمه اسشكره كن اعماق قلبي,positive,[],"الاستاذ, اشكره, التوفيق, جدا التعامل, يستاهل اعلي, يمثل, وانجاز, قصر, التقييم, اعلي",24
46961191441845480,S25120024,300,رأيك يهمنا، فضلاً شاركنا تعليق او مقترح يساعد في تحسين التجربة,TEXT_INPUT,سرعة بالتواصل وسرعة بالإنجاز ,سرعه بالتواصل وسرعه بالانجاز,positive,[],"الانجاز, وسرعه الانجاز, وفن التعامل, وفن, التعامل, وسرعه, وسرعه بالانجاز, الانجاز ممتاز, فن التعامل, ممتاز وفن",39
13306517533071226,S25120024,300,رأيك يهمنا، فضلاً شاركنا تعليق او مقترح يساعد في تحسين التجربة,TEXT_INPUT,سرعة بالتنفيذ ومندوب ومحترم,سرعه بالتنفيذ ومندوب ومحترم,positive,[],"وسريع, محترم, ومتعاون, ويستحق, موظف مثالي, والمندوب, مثالي, ومحترم, متعاون, ممتاز",2
43234174262226191,S25120024,300,رأيك يهمنا، فضلاً شاركنا تعليق او مقترح يساعد في تحسين التجربة,TEXT_INPUT,سرعة التجاوب وفن التعامل ,سرعه التجاوب وفن التعامل,positive,[],"الانجاز, وسرعه الانجاز, وفن التعامل, وفن, التعامل, وسرعه, وسرعه بالانجاز, الانجاز ممتاز, فن التعامل, ممتاز وفن",39
38939680936924271,S25120024,300,رأيك يهمنا، فضلاً شاركنا تعليق او مقترح يساعد في تحسين التجربة,TEXT_INPUT,زيادة في صرف الشرايح,زياده في صرف الشرايح,negative,[],"توفر, الشرائح, توفر الشرايح, عدم توفر, تاخير, اضافه, كثرت, الشرايح, تسليم الشرائح, صرف",11
59755630950123082,S25120024,300,رأيك يهمنا، فضلاً شاركنا تعليق او مقترح يساعد في تحسين التجربة,TEXT_INPUT,زيادة اعداد الشرائح لنا قدر الامكان الكمية قليلة جدا ,زياده اعداد الشرائح لنا قدر الامكان الكميه قليله جدا,neutral,[],"عندنا, زياده, الطلب, بكميات, بكميات كبيره, اللي, فرع, عندنا مشكله, كبيره, مشكله",47
4469733351763885,S25120024,300,رأيك يهمنا، فضلاً شاركنا تعليق او مقترح يساعد في تحسين التجربة,TEXT_INPUT,روح التعاون,روح التعاون,positive,[],متنوع,-1
54734449822198738,S25120024,300,رأيك يهمنا، فضلاً شاركنا تعليق او مقترح يساعد في تحسين التجربة,TEXT_INPUT,رجل محترم وسريع في توصيل الطلبات ويحفز على البيع,رجل محترم وسريع في توصيل الطلبات ويحفز علي البيع,positive,[],"محترم, وسريع, رجل محترم, الممتاز, محترم وسريع, وخلوق, وسرعه بالانجاز, والاخلاق, البيع, واخلاقه",29
52917963955130630,S25120024,300,رأيك يهمنا، فضلاً شاركنا تعليق او مقترح يساعد في تحسين التجربة,TEXT_INPUT,رجل محترم,رجل محترم,positive,[],متنوع,-1
1640699668406316,S25120024,300,رأيك يهمنا، فضلاً شاركنا تعليق او مقترح يساعد في تحسين التجربة,TEXT_INPUT,راقي جداً ,راقي جداً,positive,[],متنوع,-1
,S25120024,300,رأيك يهمنا، فضلاً شاركنا تعليق او مقترح يساعد في تحسين التجربة,TEXT_INPUT,راضي,راضي,positive,[],"شك, سيئه, عرض, جيده, جميل, جيد, لايوجد, افضل, شكرا, ",10
13257710844623937,S25120024,300,رأيك يهمنا، فضلاً شاركنا تعليق او مقترح يساعد في تحسين التجربة,TEXT_INPUT,رائع جدا ,رائع جدا,positive,[],"ممتاز جدا, جدا تعامل, عمل, ممتاز, رائع, جدا ممتاز, رائع جدا, جدا, طيب, تعامل",19
40645306998177286,S25120024,300,رأيك يهمنا، فضلاً شاركنا تعليق او مقترح يساعد في تحسين التجربة,TEXT_INPUT,خفضو اسعار الباقات مقارنه بي الشركات الاخرى المنافسة وشكرا لكم,خفضو اسعار الباقات مقارنه بي الشركات الاخري المنافسه وشكرا لكم,neutral,[],متنوع,-1
18349856227129361,S25120024,300,رأيك يهمنا، فضلاً شاركنا تعليق او مقترح يساعد في تحسين التجربة,TEXT_INPUT,خفض اسعار الباقات والنت ,خفض اسعار الباقات والنت,negative,[],متنوع,-1
24810403604668179,S25120024,300,رأيك يهمنا، فضلاً شاركنا تعليق او مقترح يساعد في تحسين التجربة,TEXT_INPUT,خدومين ومميزين وتعاملهم سريع وباتقان,خدومين ومميزين وتعاملهم سريع وباتقان,positive,[],"وسريع, محترم, ومتعاون, ويستحق, موظف مثالي, والمندوب, مثالي, ومحترم, متعاون, ممتاز",2
34575861719198777,S25120024,300,رأيك يهمنا، فضلاً شاركنا تعليق او مقترح يساعد في تحسين التجربة,TEXT_INPUT,خدمه مميزه شكرا لكم ,خدمه مميزه شكرا لكم,positive,[],"للشرائح, العموله, الان, عموله, هناك, سعر, فقط, جميل, البيع, صرف",23
29840510758563650,S25120024,300,رأيك يهمنا، فضلاً شاركنا تعليق او مقترح يساعد في تحسين التجربة,TEXT_INPUT,خدمه مميزه جدا جدا,خدمه مميزه جدا جدا,positive,[],"خدمه, مميزه, خدمه مميزه, ممتازه, خدمه جدا, جدا ممتازه, سريعه, سيئه, خدمات, خدماتكم",8
33976958716153362,S25120024,300,رأيك يهمنا، فضلاً شاركنا تعليق او مقترح يساعد في تحسين التجربة,TEXT_INPUT,خدمه مميزه جدا,خدمه مميزه جدا,positive,[],"خدمه, مميزه, خدمه مميزه, ممتازه, خدمه جدا, جدا ممتازه, سريعه, سيئه, خدمات, خدماتكم",8
34579664566800446,S25120024,300,رأيك يهمنا، فضلاً شاركنا تعليق او مقترح يساعد في تحسين التجربة,TEXT_INPUT,خدمه مميزه ,خدمه مميزه,positive,[],"خدمه, مميزه, خدمه مميزه, ممتازه, خدمه جدا, جدا ممتازه, سريعه, سيئه, خدمات, خدماتكم",8
25851233293162385,S25120024,300,رأيك يهمنا، فضلاً شاركنا تعليق او مقترح يساعد في تحسين التجربة,TEXT_INPUT,خدمه جدا ممتازة نشكركم على الخدمه المميزه ,خدمه جدا ممتازه نشكركم علي الخدمه المميزه,positive,[],"شكرا علي, المميزه, شكرا, الخدمه, حسن, لكم, علي, الراقي, وشكرا, شكرا لكم",0
14831993185600152,S25120024,300,رأيك يهمنا، فضلاً شاركنا تعليق او مقترح يساعد في تحسين التجربة,TEXT_INPUT,خدمه جبارهه,خدمه جبارهه,positive,[],"خدمه, مميزه, خدمه مميزه, ممتازه, خدمه جدا, جدا ممتازه, سريعه, سيئه, خدمات, خدماتكم",8
,S25120024,300,رأيك يهمنا، فضلاً شاركنا تعليق او مقترح يساعد في تحسين التجربة,TEXT_INPUT,خدمة ممتازة,خدمه ممتازه,positive,[],"خدمه, مميزه, خدمه مميزه, ممتازه, خدمه جدا, جدا ممتازه, سريعه, سيئه, خدمات, خدماتكم",8
28511562809118839,S25120024,300,رأيك يهمنا، فضلاً شاركنا تعليق او مقترح يساعد في تحسين التجربة,TEXT_INPUT,خدمة متميزة,خدمه متميزه,positive,[],"خدمه, مميزه, خدمه مميزه, ممتازه, خدمه جدا, جدا ممتازه, سريعه, سيئه, خدمات, خدماتكم",8
60787521902450529,S25120024,300,رأيك يهمنا، فضلاً شاركنا تعليق او مقترح يساعد في تحسين التجربة,TEXT_INPUT,👍🏻خدمة سريعة من الموظف,خدمه سريعه الموظف,positive,[],"خدمه, مميزه, خدمه مميزه, ممتازه, خدمه جدا, جدا ممتازه, سريعه, سيئه, خدمات, خدماتكم",8
55589944453960703,S25120024,300,رأيك يهمنا، فضلاً شاركنا تعليق او مقترح يساعد في تحسين التجربة,TEXT_INPUT,خدمة جداً ممتازه❤️,خدمه جداً ممتازه,positive,[],"خدمه, مميزه, خدمه مميزه, ممتازه, خدمه جدا, جدا ممتازه, سريعه, سيئه, خدمات, خدماتكم",8
14917164946156221,S25120024,300,رأيك يهمنا، فضلاً شاركنا تعليق او مقترح يساعد في تحسين التجربة,TEXT_INPUT,خدماتكم متميزه,خدماتكم متميزه,positive,[],"خدمه, مميزه, خدمه مميزه, ممتازه, خدمه جدا, جدا ممتازه, سريعه, سيئه, خدمات, خدماتكم",8
,S25120024,300,رأيك يهمنا، فضلاً شاركنا تعليق او مقترح يساعد في تحسين التجربة,TEXT_INPUT,خدمات سيئه,خدمات سيئه,negative,[],"خدمه, مميزه, خدمه مميزه, ممتازه, خدمه جدا, جدا ممتازه, سريعه, سيئه, خدمات, خدماتكم",8
46172839502705415,S25120024,300,رأيك يهمنا، فضلاً شاركنا تعليق او مقترح يساعد في تحسين التجربة,TEXT_INPUT,خدمات رائعه شكرا لكم,خدمات رائعه شكرا لكم,positive,[],"للشرائح, العموله, الان, عموله, هناك, سعر, فقط, جميل, البيع, صرف",23
56195699375913383,S25120024,300,رأيك يهمنا، فضلاً شاركنا تعليق او مقترح يساعد في تحسين التجربة,TEXT_INPUT,حمد,حمد,positive,[],"شك, سيئه, عرض, جيده, جميل, جيد, لايوجد, افضل, شكرا, ",10
12837236629028121,S25120024,300,رأيك يهمنا، فضلاً شاركنا تعليق او مقترح يساعد في تحسين التجربة,TEXT_INPUT,حل موضوع أزمة الشرائح عند المناديب,حل موضوع ازمه الشرائح عند المناديب,neutral,[],"توفر, الشرائح, توفر الشرايح, عدم توفر, تاخير, اضافه, كثرت, الشرايح, تسليم الشرائح, صرف",11
18694204448218860,S25120024,300,رأيك يهمنا، فضلاً شاركنا تعليق او مقترح يساعد في تحسين التجربة,TEXT_INPUT,جيده,جيده,positive,[],"شك, سيئه, عرض, جيده, جميل, جيد, لايوجد, افضل, شكرا, ",10
10956656194697326,S25120024,300,رأيك يهمنا، فضلاً شاركنا تعليق او مقترح يساعد في تحسين التجربة,TEXT_INPUT,جيد,جيد,positive,[],"شك, سيئه, عرض, جيده, جميل, جيد, لايوجد, افضل, شكرا, ",10
29299998348101841,S25120024,300,رأيك يهمنا، فضلاً شاركنا تعليق او مقترح يساعد في تحسين التجربة,TEXT_INPUT,جميل ماتقدمون نتمنى الاسمراريه,جميل ماتقدمون نتمني الاسمراريه,positive,[],"الاقامه, ماتنزل, للان, شهر, الموظف سيء, تعامل الموظف, منافذ, الشرائح, الفرع, متوفره",58
24832254058648573,S25120024,300,رأيك يهمنا، فضلاً شاركنا تعليق او مقترح يساعد في تحسين التجربة,TEXT_INPUT,جميل,جميل,positive,[],"شك, سيئه, عرض, جيده, جميل, جيد, لايوجد, افضل, شكرا, ",10
40712210056125384,S25120024,300,رأيك يهمنا، فضلاً شاركنا تعليق او مقترح يساعد في تحسين التجربة,TEXT_INPUT,جدا شكرا لكم عل جهودكم ,جدا شكرا لكم عل جهودكم,positive,[],"شكرا علي, المميزه, شكرا, الخدمه, حسن, لكم, علي, الراقي, وشكرا, شكرا لكم",0
25412070728498886,S25120024,300,رأيك يهمنا، فضلاً شاركنا تعليق او مقترح يساعد في تحسين التجربة,TEXT_INPUT,جدا رائعه وسهله وثقه,جدا رائعه وسهله وثقه,positive,[],"رائعه, جدا جدا, جدا, ممتازه, شركه, , , , , ",67
27329423630857202,S25120024,300,رأيك يهمنا، فضلاً شاركنا تعليق او مقترح يساعد في تحسين التجربة,TEXT_INPUT,جدا جدا من المميزين في هذا المجال,جدا جدا المميزين في هذا المجال,positive,[],"ممتاز وفن, وفن, وفن التعامل, التعامل, التعامل ممتاز, جدا التعامل, ممتاز, فن, فن التعامل, جدا جدا",40
22465247637423469,S25120024,300,رأيك يهمنا، فضلاً شاركنا تعليق او مقترح يساعد في تحسين التجربة,TEXT_INPUT,توفير شرايح الكترونيه - باركود  ,توفير شرايح الكترونيه - باركود,neutral,[],"شرايح, لايوجد, مره, نقص, بطيئه, قصر, متوفره, عندي, الاستحابه, اطلب",12
40648440021927391,S25120024,300,رأيك يهمنا، فضلاً شاركنا تعليق او مقترح يساعد في تحسين التجربة,TEXT_INPUT,توفير الشرايح لكي نستطيع العمل والنجاح سويا ,توفير الشرايح لكي نستطيع العمل والنجاح سويا,positive,[],"سويا, توفير الشرايح, لكي, والنجاح, العمل, توفير, عدم, الشرايح, الشرائح, ",76
59710743841080613,S25120024,300,رأيك يهمنا، فضلاً شاركنا تعليق او مقترح يساعد في تحسين التجربة,TEXT_INPUT,توصيل الشرائح سي جدا جدا,توصيل الشرائح سي جدا جدا,positive,[],متنوع,-1
18221153240785883,S25120024,300,رأيك يهمنا، فضلاً شاركنا تعليق او مقترح يساعد في تحسين التجربة,TEXT_INPUT,تنزيل اسعار الباقات او شير بلس تكون سوشال ميديا مفتوح ,تنزيل اسعار الباقات او شير بلس تكون سوشال ميديا مفتوح,neutral,[],"او, تفعيل, تنزيل, تم تفعيل, سعر, جديده, ولم تنزل, تنزل, صرف, تكون",45
38932532517193770,S25120024,300,رأيك يهمنا، فضلاً شاركنا تعليق او مقترح يساعد في تحسين التجربة,TEXT_INPUT,تميز في الخدمات ,تميز في الخدمات,positive,[],"وجود مسابقات, الخدمات, عدم وجود, الاسعار, مسابقات, عدم, عدم توفر, وجود, توفر, شرائح",57
48826030063582753,S25120024,300,رأيك يهمنا، فضلاً شاركنا تعليق او مقترح يساعد في تحسين التجربة,TEXT_INPUT,تم طلب شرائح جديدة ولم تشتغل ولم يتم الجواب معي,تم طلب شرائح جديده ولم تشتغل ولم يتم الجواب معي,negative,[],"شرائح, اطلب, اكثر, ولم, الاخير, جديده, ثلاثه, ولم يتم, ولايوجد, طلب",31
7750580182088946,S25120024,300,رأيك يهمنا، فضلاً شاركنا تعليق او مقترح يساعد في تحسين التجربة,TEXT_INPUT,‏تم تفعيل شريحة كويك نت لامحدود شهر الرقم التسلسلي 899660147005209061 ولم تنزل العموله 60 %  ‏ وبهذا أنا اعترض على من هو مسؤول في قسم العمولات ومنتجات كويك بلس  استناد للتقييم المسبق 0% للمنتجات ‏وما نقدم لشركة قنوات الاتصالات السعودية بعدم الإنصاف لمجهودنا ولا يوجد أي مميزات  ونحن نسعى جاهدين لم تنصف حتى بالمنتجات الثانيه وهي مضافة في اليوزر (سؤال في المنتجات لماذى متنزل عمولة في المنتجات الثانيه؟؟؟) بل تم تطبيق الأنظمة وشروط هيئة الاتصالات على مؤسسة فوق الخيال للاتصالات ومركز المعلومات وتعقب من هو مسؤولين في STC بالتشديد وعدم إفصاح بيانات المستخدمين ونحن محتفظون بهذا ولكن لماذا ترك المؤسسات ويتم التطبيق علينا هل يفرق التعامل من قبل الشركة في (الجهد ام لواسطه) لم تطبق الرسوم على بعض اليوزر ‏ونحن نسعى ونسوق وندفع رسوم ونطبق الشروط ولا يوجد مميزات  ‏وبهذا سنستمر في تقييم منتجات قنوات الاتصالات السعودية ولا يوجد أي مميزات في ما تم اتفاق عليه في السابق ‏ويوجد الآن عندي في اليوزر منتجات إن كنتم منصفين بلحق أضيف العمولات للمنتجات الأخرى المضافة لدي بليوزر وهذا حق أنا اطالب فيه,تم تفعيل شريحه كويك نت لامحدود شهر الرقم التسلسلي 899660147005209061 ولم تنزل العموله 60 وبهذا انا اعترض علي هو مسؤول في قسم العمولات ومنتجات كويك بلس استناد للتقييم المسبق 0 للمنتجات وما نقدم لشركه قنوات الاتصالات السعوديه بعدم الانصاف لمجهودنا ولا يوجد اي مميزات ونحن نسعي جاهدين لم تنصف حتي بالمنتجات الثانيه وهي مضافه في اليوزر سؤال في المنتجات لماذي متنزل عموله في المنتجات الثانيه؟؟؟ بل تم تطبيق الانظمه وشروط هيئه الاتصالات علي مؤسسه فوق الخيال للاتصالات ومركز المعلومات وتعقب هو مسؤولين في بالتشديد وعدم افصاح بيانات المستخدمين ونحن محتفظون بهذا ولكن لماذا ترك المؤسسات ويتم التطبيق علينا هل يفرق التعامل قبل الشركه في الجهد ام لواسطه لم تطبق الرسوم علي بعض اليوزر ونحن نسعي ونسوق وندفع رسوم ونطبق الشروط ولا يوجد مميزات وبهذا سنستمر في تقييم منتجات قنوات الاتصالات السعوديه ولا يوجد اي مميزات في ما تم اتفاق عليه في السابق ويوجد الان عندي في اليوزر منتجات ان كنتم منصفين بلحق اضيف العمولات للمنتجات الاخري المضافه لدي بليوزر وهذا حق انا اطالب فيه,negative,[],"تم, وعدم, ولا, قنوات, بشكل, بسبب, الاتصالات, الشركات, ان, وهذا",3
18383922161607504,S25120024,300,رأيك يهمنا، فضلاً شاركنا تعليق او مقترح يساعد في تحسين التجربة,TEXT_INPUT,‏تم تفعيل خمسة إلى ستة باقات 75 بلاس ولم تنزل عمولة لحد الآن,تم تفعيل خمسه الي سته باقات 75 بلاس ولم تنزل عموله لحد الان,neutral,[],"او, تفعيل, تنزيل, تم تفعيل, سعر, جديده, ولم تنزل, تنزل, صرف, تكون",45
,S25120024,300,رأيك يهمنا، فضلاً شاركنا تعليق او مقترح يساعد في تحسين التجربة,TEXT_INPUT,تم التواصل ,تم التواصل,neutral,[],"تم, تم التواصل, التواصل, , , , , , , ",51
50053755962392799,S25120024,300,رأيك يهمنا، فضلاً شاركنا تعليق او مقترح يساعد في تحسين التجربة,TEXT_INPUT,تم,تم,neutral,[],"تم, تم التواصل, التواصل, , , , , , , ",51
(......),S25120024,300,رأيك يهمنا، فضلاً شاركنا تعليق او مقترح يساعد في تحسين التجربة,TEXT_INPUT,تقارير الشحن المباشر لاتظهر تفاصيل كافية,تقارير الشحن المباشر لاتظهر تفاصيل كافيه,neutral,[],"تواصل الشركه, تطوير, عمل, حسب, السوق, قنوات وتوفير, كافيه, وضع, الاسعار, وتوفير",44
,S25120024,300,رأيك يهمنا، فضلاً شاركنا تعليق او مقترح يساعد في تحسين التجربة,TEXT_INPUT,تعمل ممتاز ,تعمل ممتاز,positive,[],"موظف متميز, مقبول, تعمل ممتاز, ممتاز, تعمل, مندوب رائع, متميز, جيد, موظف, الموظف",21
46869598366731079,S25120024,300,رأيك يهمنا، فضلاً شاركنا تعليق او مقترح يساعد في تحسين التجربة,TEXT_INPUT,تعامله جدا رائع ومتعاون ,تعامله جدا رائع ومتعاون,positive,[],متنوع,-1
12725857931325104,S25120024,300,رأيك يهمنا، فضلاً شاركنا تعليق او مقترح يساعد في تحسين التجربة,TEXT_INPUT,تعامله جدا رائع,تعامله جدا رائع,positive,[],"مندوب رائع, رائع, جدا رائع, تعامل جيد, وخلوق, بالتعامل, تعامله جدا, تعامل راقي, جيد, تعامل",35
55293982209802158,S25120024,300,رأيك يهمنا، فضلاً شاركنا تعليق او مقترح يساعد في تحسين التجربة,TEXT_INPUT,تعامل واحترام وأخلاق ان شاءالله يستمر معنا م,تعامل واحترام واخلاق ان شاءالله يستمر معنا,positive,[],"شيء, علي طول, طول, طيب, ومحترم, معي, جدا تعامل, طول افضل, الاخ محمد, تركي مندوب",28
14615581491779047,S25120024,300,رأيك يهمنا، فضلاً شاركنا تعليق او مقترح يساعد في تحسين التجربة,TEXT_INPUT,تعامل مميز بس توجد ملاحظة عدم توفر شرايح عند الطلب ,تعامل مميز بس توجد ملاحظه عدم توفر شرايح عند الطلب,neutral,[],"خاصيه, ننتظر, عليها, عدم توفير, توفير شرائح, ملاحظه, عدم, مميز, حتي, وشكرا",60
32158391592182758,S25120024,300,رأيك يهمنا، فضلاً شاركنا تعليق او مقترح يساعد في تحسين التجربة,TEXT_INPUT,تعامل ممتازز,تعامل ممتازز,positive,[],"ممتاز جدا, جدا تعامل, عمل, ممتاز, رائع, جدا ممتاز, رائع جدا, جدا, طيب, تعامل",19
52917997074696797,S25120024,300,رأيك يهمنا، فضلاً شاركنا تعليق او مقترح يساعد في تحسين التجربة,TEXT_INPUT,تعامل طيب,تعامل طيب,positive,[],"ممتاز جدا, جدا تعامل, عمل, ممتاز, رائع, جدا ممتاز, رائع جدا, جدا, طيب, تعامل",19
54209874689869849,S25120024,300,رأيك يهمنا، فضلاً شاركنا تعليق او مقترح يساعد في تحسين التجربة,TEXT_INPUT,تعامل سريع وتجاوب,تعامل سريع وتجاوب,positive,[],"متعاون, الموظف متعاون, متعاون جدا, المندوب, سريع, جدا جدا, تعامل, المندوب تعامله, بقوه, دائما",5
54823154769254653,S25120024,300,رأيك يهمنا، فضلاً شاركنا تعليق او مقترح يساعد في تحسين التجربة,TEXT_INPUT,تعامل راقي جدا وسريع,تعامل راقي جدا وسريع,positive,[],متنوع,-1
50416241060287252,S25120024,300,رأيك يهمنا، فضلاً شاركنا تعليق او مقترح يساعد في تحسين التجربة,TEXT_INPUT,تعامل راقي الله  يسعده,تعامل راقي الله يسعده,positive,[],"الله يسعده, يسعده, ابو, الله, الله يعطيه, سبب, الاخ محمد, معكم, وهو, وشكرا لكم",17
2694108459050791,S25120024,300,رأيك يهمنا، فضلاً شاركنا تعليق او مقترح يساعد في تحسين التجربة,TEXT_INPUT,تعامل راقي,تعامل راقي,positive,[],"مندوب رائع, رائع, جدا رائع, تعامل جيد, وخلوق, بالتعامل, تعامله جدا, تعامل راقي, جيد, تعامل",35
19519335411454823,S25120024,300,رأيك يهمنا، فضلاً شاركنا تعليق او مقترح يساعد في تحسين التجربة,TEXT_INPUT,تعامل جيد وراقي,تعامل جيد وراقي,positive,[],"مندوب رائع, رائع, جدا رائع, تعامل جيد, وخلوق, بالتعامل, تعامله جدا, تعامل راقي, جيد, تعامل",35
47234783714461453,S25120024,300,رأيك يهمنا، فضلاً شاركنا تعليق او مقترح يساعد في تحسين التجربة,TEXT_INPUT,تعامل الموظف سيء جدا ، وتم سحب الشرائح مني لاجل يحقق التارقت هو ,تعامل الموظف سيء جدا ، وتم سحب الشرائح مني لاجل يحقق التارقت هو,negative,[],"شكرا لكم, لكم, ولكن يوجد, يوجد ملاحظه, لكم ولكن, خدمات, رائعه, مميزه, ملاحظه, خدمه مميزه",42
51441140427259081,S25120024,300,رأيك يهمنا، فضلاً شاركنا تعليق او مقترح يساعد في تحسين التجربة,TEXT_INPUT,تعامل الموظف سيء جدا ,تعامل الموظف سيء جدا,negative,[],متنوع,-1
40059581081530236,S25120024,300,رأيك يهمنا، فضلاً شاركنا تعليق او مقترح يساعد في تحسين التجربة,TEXT_INPUT,تعامل المندوب منتاز وتجوب سريع ,تعامل المندوب منتاز وتجوب سريع,positive,[],"متعاون, الموظف متعاون, متعاون جدا, المندوب, سريع, جدا جدا, تعامل, المندوب تعامله, بقوه, دائما",5
30006314137777101,S25120024,300,رأيك يهمنا، فضلاً شاركنا تعليق او مقترح يساعد في تحسين التجربة,TEXT_INPUT,تعامل المندوب سريع وممتاز,تعامل المندوب سريع وممتاز,positive,[],"متعاون, الموظف متعاون, متعاون جدا, المندوب, سريع, جدا جدا, تعامل, المندوب تعامله, بقوه, دائما",5
32088748682648188,S25120024,300,رأيك يهمنا، فضلاً شاركنا تعليق او مقترح يساعد في تحسين التجربة,TEXT_INPUT,تطوير البرنامج وفريق عمل للاستفسارات وتوضيح المشكله,تطوير البرنامج وفريق عمل للاستفسارات وتوضيح المشكله,neutral,[],"تواصل الشركه, تطوير, عمل, حسب, السوق, قنوات وتوفير, كافيه, وضع, الاسعار, وتوفير",44
19456147604741125,S25120024,300,رأيك يهمنا، فضلاً شاركنا تعليق او مقترح يساعد في تحسين التجربة,TEXT_INPUT,تشكرون على ماتبذلون والقادم اجمل,تشكرون علي ماتبذلون والقادم اجمل,positive,[],"شكرا علي, المميزه, شكرا, الخدمه, حسن, لكم, علي, الراقي, وشكرا, شكرا لكم",0
48175376146757383,S25120024,300,رأيك يهمنا، فضلاً شاركنا تعليق او مقترح يساعد في تحسين التجربة,TEXT_INPUT,تسلم ,تسلم,positive,[],"شكرا لك, القلب, شكرا القلب, لك, شكرا, , , , , ",43
20073114183670163,S25120024,300,رأيك يهمنا، فضلاً شاركنا تعليق او مقترح يساعد في تحسين التجربة,TEXT_INPUT,تركي مندوب مبدع ومتواصل معي على طول ,تركي مندوب مبدع ومتواصل معي علي طول,positive,[],"شيء, علي طول, طول, طيب, ومحترم, معي, جدا تعامل, طول افضل, الاخ محمد, تركي مندوب",28
15145051024204219,S25120024,300,رأيك يهمنا، فضلاً شاركنا تعليق او مقترح يساعد في تحسين التجربة,TEXT_INPUT,تركي مندوب مبدع ,تركي مندوب مبدع,positive,[],"مبدع, مندوب مبدع, تركي مندوب, عبدالكريم, مثالي, مندوب, تركي, , , ",77
60084514689724599,S25120024,300,رأيك يهمنا، فضلاً شاركنا تعليق او مقترح يساعد في تحسين التجربة,TEXT_INPUT,تركي ملتزم بالوقت دائماً,تركي ملتزم بالوقت دائماً,positive,[],"متعاون, الموظف متعاون, متعاون جدا, المندوب, سريع, جدا جدا, تعامل, المندوب تعامله, بقوه, دائما",5
17912800785419592,S25120024,300,رأيك يهمنا، فضلاً شاركنا تعليق او مقترح يساعد في تحسين التجربة,TEXT_INPUT,تركي المعاوي موظف متميز,تركي المعاوي موظف متميز,positive,[],"الاستاذ محمد, يحي, يحي الرشيدي, موظف متميز, سلطان رابح, تركي المعاوي, رجل راقي, رابح, الشهراني, موظف مثالي",49
36226593156178441,S25120024,300,رأيك يهمنا، فضلاً شاركنا تعليق او مقترح يساعد في تحسين التجربة,TEXT_INPUT,تركي افضل مندرب شكرا,تركي افضل مندرب شكرا,positive,[],"الله يوفقك, شكرا افضل, يوفقك, يا, افضل, افضل مندوب, مندوب, الله, شكرا, تركي",66
44089078232180060,S25120024,300,رأيك يهمنا، فضلاً شاركنا تعليق او مقترح يساعد في تحسين التجربة,TEXT_INPUT,تخفيظ سعر السوشال ميديا او اضافة باقة جديده مناسبه للكل,تخفيظ سعر السوشال ميديا او اضافه باقه جديده مناسبه للكل,neutral,[],"او, تفعيل, تنزيل, تم تفعيل, سعر, جديده, ولم تنزل, تنزل, صرف, تكون",45
21446383254855346,S25120024,300,رأيك يهمنا، فضلاً شاركنا تعليق او مقترح يساعد في تحسين التجربة,TEXT_INPUT,تخفيض الاسعار,تخفيض الاسعار,neutral,[],"وجود مسابقات, الخدمات, عدم وجود, الاسعار, مسابقات, عدم, عدم توفر, وجود, توفر, شرائح",57
15729774971365922,S25120024,300,رأيك يهمنا، فضلاً شاركنا تعليق او مقترح يساعد في تحسين التجربة,TEXT_INPUT,تحسين الأسعار والعروووض,تحسين الاسعار والعروووض,negative,[],متنوع,-1
38920740017810291,S25120024,300,رأيك يهمنا، فضلاً شاركنا تعليق او مقترح يساعد في تحسين التجربة,TEXT_INPUT,تحسنت كمية الشرائح ,تحسنت كميه الشرائح,positive,[],"توفر, الشرائح, توفر الشرايح, عدم توفر, تاخير, اضافه, كثرت, الشرايح, تسليم الشرائح, صرف",11
4896670156734589,S25120024,300,رأيك يهمنا، فضلاً شاركنا تعليق او مقترح يساعد في تحسين التجربة,TEXT_INPUT,تاخير وعدم تجاوب المندوب مع الاموال المعلقه,تاخير وعدم تجاوب المندوب مع الاموال المعلقه,negative,[],"تاخير, تجاوب, توصيل, وعدم, الوصول, كثير المشاكل, المعلومات, عدم التجاوب, كافي, للشرائح",32
175221156530158,S25120024,300,رأيك يهمنا، فضلاً شاركنا تعليق او مقترح يساعد في تحسين التجربة,TEXT_INPUT,تاخير في توصيل الشرايح  ومشاكل في البصمه ,تاخير في توصيل الشرايح ومشاكل في البصمه,negative,[],"تاخير, تجاوب, توصيل, وعدم, الوصول, كثير المشاكل, المعلومات, عدم التجاوب, كافي, للشرائح",32
60768357720917626,S25120024,300,رأيك يهمنا، فضلاً شاركنا تعليق او مقترح يساعد في تحسين التجربة,TEXT_INPUT,تاخير في تسليم الشرايح وعدم تجاوب المندوب ,تاخير في تسليم الشرايح وعدم تجاوب المندوب,negative,[],"تاخير, تجاوب, توصيل, وعدم, الوصول, كثير المشاكل, المعلومات, عدم التجاوب, كافي, للشرائح",32
15936945915024326,S25120024,300,رأيك يهمنا، فضلاً شاركنا تعليق او مقترح يساعد في تحسين التجربة,TEXT_INPUT,تاخير,تاخير,negative,[],"توفر, الشرائح, توفر الشرايح, عدم توفر, تاخير, اضافه, كثرت, الشرايح, تسليم الشرائح, صرف",11
58249236719574981,S25120024,300,رأيك يهمنا، فضلاً شاركنا تعليق او مقترح يساعد في تحسين التجربة,TEXT_INPUT,‏‏تاج توفير الخدمة رقم للتاجر تواصل مع الشركة,تاج توفير الخدمه رقم للتاجر تواصل مع الشركه,neutral,[],"رقم, الرجاء, توفير, التاجر, الرجاء توفير, معي, تواصل, التواصل, الشركه, نحتاج",6
54365600733754247,S25120024,300,رأيك يهمنا، فضلاً شاركنا تعليق او مقترح يساعد في تحسين التجربة,TEXT_INPUT,تأمين الشرايح صعب جدا وعدد محدود  فقط مو مثل اول ,تامين الشرايح صعب جدا وعدد محدود فقط مو مثل اول,negative,[],"كويك بلس, بلس, كويك, تطبيق, الشرايح, عدم, مثل, وقت, كثير, التجار",1
60170849540698701,S25120024,300,رأيك يهمنا، فضلاً شاركنا تعليق او مقترح يساعد في تحسين التجربة,TEXT_INPUT,تأخير ملحوظ وغير مبرر في تسليم الشرائح للتجار خلال الفترة الأخيرة، وهو أمر غير مقبول تمامًا نظرًا لتأثيره السلبي على سمعة العلامة التجارية. هذا التأخير تسبب في تحملنا لبعض الخسائر التي كان يمكن تفاديها من خلال تحسين إدارة الوقت وتنظيم العمليات. نؤكد على أهمية الالتزام بالمواعيد المحددة لتسليم الشرائح، حيث إن التأخير لا يؤثر فقط على رضا العملاء، بل ينعكس أيضًا على الأداء العام للشركة.,تاخير ملحوظ وغير مبرر في تسليم الشرائح للتجار خلال الفتره الاخيره، وهو امر غير مقبول تمامًا نظرًا لتاثيره السلبي علي سمعه العلامه التجاريه هذا التاخير تسبب في تحملنا لبعض الخسائر التي كان يمكن تفاديها خلال تحسين اداره الوقت وتنظيم العمليات نؤكد علي اهميه الالتزام بالمواعيد المحدده لتسليم الشرائح، حيث ان التاخير لا يؤثر فقط علي رضا العملاء، بل ينعكس ايضًا علي الاداء العام للشركه,negative,[],"تم, وعدم, ولا, قنوات, بشكل, بسبب, الاتصالات, الشركات, ان, وهذا",3
,S25120024,300,رأيك يهمنا، فضلاً شاركنا تعليق او مقترح يساعد في تحسين التجربة,TEXT_INPUT,تأخر بالعمولات ,تاخر بالعمولات,negative,[],"شرايح, لايوجد, مره, نقص, بطيئه, قصر, متوفره, عندي, الاستحابه, اطلب",12
11640297066681824,S25120024,300,رأيك يهمنا، فضلاً شاركنا تعليق او مقترح يساعد في تحسين التجربة,TEXT_INPUT,بيض وجهك يا محمد منصور  ,بيض وجهك يا محمد منصور,positive,[],"بيض, يا, منصور, الاستاذ ثابت, ثابت, شكرا الاستاذ, محمد, الاستاذ, الله, شكرا",79
55414128666850385,S25120024,300,رأيك يهمنا، فضلاً شاركنا تعليق او مقترح يساعد في تحسين التجربة,TEXT_INPUT,بيض الله ومقصر اصراحه ,بيض الله ومقصر اصراحه,positive,[],"بيض, الله, ونعم, والله, يسعده, الله يعطيه, ونعم الرجل, الجاسر, الرجل, الاخلاق",25
57675191621368921,S25120024,300,رأيك يهمنا، فضلاً شاركنا تعليق او مقترح يساعد في تحسين التجربة,TEXT_INPUT,بيض الله وجهه وجزاه الله خير خدمنا ومحترم,بيض الله وجهه وجزاه الله خير خدمنا ومحترم,positive,[],"بيض, الله, ونعم, والله, يسعده, الله يعطيه, ونعم الرجل, الجاسر, الرجل, الاخلاق",25
15260179316719521,S25120024,300,رأيك يهمنا، فضلاً شاركنا تعليق او مقترح يساعد في تحسين التجربة,TEXT_INPUT,بي صراحه زعلانين على المندوب لانه تغير خط السير معاه وبعد كم يوم راح يتركنا اتمنى يكون معانا باستمرار ,بي صراحه زعلانين علي المندوب لانه تغير خط السير معاه وبعد كم يوم راح يتركنا اتمني يكون معانا باستمرار,negative,[],"تم, وعدم, ولا, قنوات, بشكل, بسبب, الاتصالات, الشركات, ان, وهذا",3
50158891232349031,S25120024,300,رأيك يهمنا، فضلاً شاركنا تعليق او مقترح يساعد في تحسين التجربة,TEXT_INPUT,بما اني شريك ومسوق لم اجد يوما تكريما أو أو و دعماً يعكس مدى حرصي وجهدي لرفع مبيعات شرايح اس تي سي وبنفس الوقت وفق تعليمات هيئة الاتصالات والفضاء ,بما اني شريك ومسوق لم اجد يوما تكريما او او و دعماً يعكس مدي حرصي وجهدي لرفع مبيعات شرايح اس تي سي وبنفس الوقت وفق تعليمات هيئه الاتصالات والفضاء,positive,[],"تم, وعدم, ولا, قنوات, بشكل, بسبب, الاتصالات, الشركات, ان, وهذا",3
42122205181749639,S25120024,300,رأيك يهمنا، فضلاً شاركنا تعليق او مقترح يساعد في تحسين التجربة,TEXT_INPUT,بقوه متعاونين ,بقوه متعاونين,positive,[],"متعاون, الموظف متعاون, متعاون جدا, المندوب, سريع, جدا جدا, تعامل, المندوب تعامله, بقوه, دائما",5
56972976833661578,S25120024,300,رأيك يهمنا، فضلاً شاركنا تعليق او مقترح يساعد في تحسين التجربة,TEXT_INPUT,بصراحه استاذ عبد اللطيف متجاوب و ,بصراحه استاذ عبد اللطيف متجاوب و,positive,[],متنوع,-1
35692406928829327,S25120024,300,رأيك يهمنا، فضلاً شاركنا تعليق او مقترح يساعد في تحسين التجربة,TEXT_INPUT,بالتوفيق ,بالتوفيق,positive,[],"تم, تم التواصل, التواصل, , , , , , , ",51
14523438674213193,S25120024,300,رأيك يهمنا، فضلاً شاركنا تعليق او مقترح يساعد في تحسين التجربة,TEXT_INPUT,ايقاف اليوزر بشكل مستمر بدون حدوث مشكل وضروري وقت الحاجة يجود رد علي المشكل خلال وقت الاجازة ,ايقاف اليوزر بشكل مستمر بدون حدوث مشكل وضروري وقت الحاجه يجود رد علي المشكل خلال وقت الاجازه,neutral,[],"كويك بلس, بلس, كويك, تطبيق, الشرايح, عدم, مثل, وقت, كثير, التجار",1
4080762183944921,S25120024,300,رأيك يهمنا، فضلاً شاركنا تعليق او مقترح يساعد في تحسين التجربة,TEXT_INPUT,ايصال صوت التاجر الى اعلى شخص قي الشركة للتجارب ,ايصال صوت التاجر الي اعلي شخص قي الشركه للتجارب,neutral,[],"رقم, الرجاء, توفير, التاجر, الرجاء توفير, معي, تواصل, التواصل, الشركه, نحتاج",6
4555880218493022,S25120024,300,رأيك يهمنا، فضلاً شاركنا تعليق او مقترح يساعد في تحسين التجربة,TEXT_INPUT,اولاً شكراً على خدماتكم وشراكتكم المرنه واشكر الاخ عيد القحطاني جزيل الشكر اخلاق عاليه رائع وعمل شكراً لأختياركم الموظف المتقن الرائع,اولاً شكراً علي خدماتكم وشراكتكم المرنه واشكر الاخ عيد القحطاني جزيل الشكر اخلاق عاليه رائع وعمل شكراً لاختياركم الموظف المتقن الرائع,positive,[],"جزيل الشكر, جزيل, الرائع, اداء, القدير, عيد القحطاني, العاليه, واشكر, عيد, الاخلاق",80
25320521078824361,S25120024,300,رأيك يهمنا، فضلاً شاركنا تعليق او مقترح يساعد في تحسين التجربة,TEXT_INPUT,اوصي بشده 10/10,اوصي بشده 1010,positive,[],"رقم, الرجاء, توفير, التاجر, الرجاء توفير, معي, تواصل, التواصل, الشركه, نحتاج",6
48164499414409065,S25120024,300,رأيك يهمنا، فضلاً شاركنا تعليق او مقترح يساعد في تحسين التجربة,TEXT_INPUT,انتم خيار مناسب للتجار الصغار لذلك تحتاجو تطورو من نفسكم لمواكبة التجار الكبار اللي يبيعو منتجاتكم بإحترافية ويتفقوقو عليكم ايضا,انتم خيار مناسب للتجار الصغار لذلك تحتاجو تطورو نفسكم لمواكبه التجار الكبار اللي يبيعو منتجاتكم باحترافيه ويتفقوقو عليكم ايضا,positive,[],متنوع,-1
22006327134585138,S25120024,300,رأيك يهمنا، فضلاً شاركنا تعليق او مقترح يساعد في تحسين التجربة,TEXT_INPUT,انتم الفضل,انتم الفضل,positive,[],متنوع,-1
44454801581064549,S25120024,300,رأيك يهمنا، فضلاً شاركنا تعليق او مقترح يساعد في تحسين التجربة,TEXT_INPUT,انا موسسه محمد عبدالله العنزي للاتصالات اوصي الكل بافضل شركة قنوات الاتصالاتت هي الافضل دائما / محمد - مدينة - رفحا,انا موسسه محمد عبدالله العنزي للاتصالات اوصي الكل بافضل شركه قنوات الاتصالاتت هي الافضل دائما محمد - مدينه - رفحا,positive,[],"محمد, للاتصالات, العنزي, شركه قنوات, بن, محافظه, دائما, بشده, الاتصالات علي, طويله",70
41077441780877041,S25120024,300,رأيك يهمنا، فضلاً شاركنا تعليق او مقترح يساعد في تحسين التجربة,TEXT_INPUT,امال انتكون في حوافزلصحاب اليوزالتفعيل خاص فيهم ,امال انتكون في حوافزلصحاب اليوزالتفعيل خاص فيهم,positive,[],"ماتنزل, فيها, بالتفعيل, العمولات, خاص, الشرايح, , , , ",61
48260297251413697,S25120024,300,رأيك يهمنا، فضلاً شاركنا تعليق او مقترح يساعد في تحسين التجربة,TEXT_INPUT,الولد هذا فنان يستاهل اعلى تقييم ,الولد هذا فنان يستاهل اعلي تقييم,positive,[],متنوع,-1
12930204429941300,S25120024,300,رأيك يهمنا، فضلاً شاركنا تعليق او مقترح يساعد في تحسين التجربة,TEXT_INPUT,الموظف نايف سعد العتيبي من اجمل موظفين وسريع في حل المشكله ,الموظف نايف سعد العتيبي اجمل موظفين وسريع في حل المشكله,positive,[],"عليه, اخلاقه عاليه, يحيي, نايف سعد, سعد, سعد العتيبي, موظفين, مسفر, لو, الموظف نايف",48
55828557143938395,S25120024,300,رأيك يهمنا، فضلاً شاركنا تعليق او مقترح يساعد في تحسين التجربة,TEXT_INPUT,الموظف ممتاز وخلقو,الموظف ممتاز وخلقو,positive,[],"موظف متميز, مقبول, تعمل ممتاز, ممتاز, تعمل, مندوب رائع, متميز, جيد, موظف, الموظف",21
55947459715829957,S25120024,300,رأيك يهمنا، فضلاً شاركنا تعليق او مقترح يساعد في تحسين التجربة,TEXT_INPUT,الموظف محمد محترم ، وملتزم بالمواعيد,الموظف محمد محترم ، وملتزم بالمواعيد,positive,[],"وسريع, محترم, ومتعاون, ويستحق, موظف مثالي, والمندوب, مثالي, ومحترم, متعاون, ممتاز",2
20806907955187323,S25120024,300,رأيك يهمنا، فضلاً شاركنا تعليق او مقترح يساعد في تحسين التجربة,TEXT_INPUT,الموظف متميز ويتجاوب معنا وممثل حسن للشركه ,الموظف متميز ويتجاوب معنا وممثل حسن للشركه,positive,[],"وسريع, محترم, ومتعاون, ويستحق, موظف مثالي, والمندوب, مثالي, ومحترم, متعاون, ممتاز",2
20794588056372528,S25120024,300,رأيك يهمنا، فضلاً شاركنا تعليق او مقترح يساعد في تحسين التجربة,TEXT_INPUT,الموظف متعاون وفاهم ويستحق التكريم ,الموظف متعاون وفاهم ويستحق التكريم,positive,[],"وسريع, محترم, ومتعاون, ويستحق, موظف مثالي, والمندوب, مثالي, ومحترم, متعاون, ممتاز",2
28972119520121249,S25120024,300,رأيك يهمنا، فضلاً شاركنا تعليق او مقترح يساعد في تحسين التجربة,TEXT_INPUT,الموظف متعاون جدا جدا جدا,الموظف متعاون جدا جدا جدا,positive,[],"متعاون, الموظف متعاون, متعاون جدا, المندوب, سريع, جدا جدا, تعامل, المندوب تعامله, بقوه, دائما",5
45637534832287141,S25120024,300,رأيك يهمنا، فضلاً شاركنا تعليق او مقترح يساعد في تحسين التجربة,TEXT_INPUT,الموظف متعاون ,الموظف متعاون,positive,[],"متعاون, الموظف متعاون, متعاون جدا, المندوب, سريع, جدا جدا, تعامل, المندوب تعامله, بقوه, دائما",5
16430404575170352,S25120024,300,رأيك يهمنا، فضلاً شاركنا تعليق او مقترح يساعد في تحسين التجربة,TEXT_INPUT,الموظف غير متجاوب,الموظف غير متجاوب,negative,[],"متجاوب, متجاوب سريع, متفاعل, بسبب, معنا, سريع, المندوب, جدا, الموظف, علي",15
36297419303674095,S25120024,300,رأيك يهمنا، فضلاً شاركنا تعليق او مقترح يساعد في تحسين التجربة,TEXT_INPUT,الموظف جيد,الموظف جيد,positive,[],"موظف متميز, مقبول, تعمل ممتاز, ممتاز, تعمل, مندوب رائع, متميز, جيد, موظف, الموظف",21
41433331747560422,S25120024,300,رأيك يهمنا، فضلاً شاركنا تعليق او مقترح يساعد في تحسين التجربة,TEXT_INPUT,الموظف جدا راقي وقمه في الادب ,الموظف جدا راقي وقمه في الادب,positive,[],"والتعاون, جدا راقي, الاخلاق, راقي, موظف, التعامل, الموظف, جدا, , ",63
35348159007171291,S25120024,300,رأيك يهمنا، فضلاً شاركنا تعليق او مقترح يساعد في تحسين التجربة,TEXT_INPUT,الموظف :عبدالرحمن الهذيل رائع جدا,الموظف :عبدالرحمن الهذيل رائع جدا,positive,[],"الهذيل, عبدالرحمن الهذيل, شكرا عبدالرحمن, الهذيل شكرا, عبدالرحمن, الهذيل شكر, الموظف عبدالرحمن, شكرا للاخ, رائع جدا, رائع",38
18446965285940540,S25120024,300,رأيك يهمنا، فضلاً شاركنا تعليق او مقترح يساعد في تحسين التجربة,TEXT_INPUT,الموضف يحي الرشيدي موظف مثالي رائع ,الموضف يحي الرشيدي موظف مثالي رائع,positive,[],"الاستاذ محمد, يحي, يحي الرشيدي, موظف متميز, سلطان رابح, تركي المعاوي, رجل راقي, رابح, الشهراني, موظف مثالي",49
30941918944978360,S25120024,300,رأيك يهمنا، فضلاً شاركنا تعليق او مقترح يساعد في تحسين التجربة,TEXT_INPUT,الموضف ممتاز تعمل واخلاق عاليه واتمنه يكون قدوه ,الموضف ممتاز تعمل واخلاق عاليه واتمنه يكون قدوه,positive,[],"وسريع, محترم, ومتعاون, ويستحق, موظف مثالي, والمندوب, مثالي, ومحترم, متعاون, ممتاز",2
30510545473049851,S25120024,300,رأيك يهمنا، فضلاً شاركنا تعليق او مقترح يساعد في تحسين التجربة,TEXT_INPUT,المندوب يحيى ذعار الرشيدي افضل مندوب ع الاطللق سرعة انجاز ويرد فورا لو كان نايم شكرا له,المندوب يحيي ذعار الرشيدي افضل مندوب ع الاطللق سرعه انجاز ويرد فورا لو كان نايم شكرا له,positive,[],"عليه, اخلاقه عاليه, يحيي, نايف سعد, سعد, سعد العتيبي, موظفين, مسفر, لو, الموظف نايف",48
33542862681118771,S25120024,300,رأيك يهمنا، فضلاً شاركنا تعليق او مقترح يساعد في تحسين التجربة,TEXT_INPUT,المندوب محترم جداً ومتعاون ربنا يبارك فيه,المندوب محترم جداً ومتعاون ربنا يبارك فيه,positive,[],"وسريع, محترم, ومتعاون, ويستحق, موظف مثالي, والمندوب, مثالي, ومحترم, متعاون, ممتاز",2
22837250739170321,S25120024,300,رأيك يهمنا، فضلاً شاركنا تعليق او مقترح يساعد في تحسين التجربة,TEXT_INPUT,المندوب محترم جداً ومتعاون,المندوب محترم جداً ومتعاون,positive,[],"وسريع, محترم, ومتعاون, ويستحق, موظف مثالي, والمندوب, مثالي, ومحترم, متعاون, ممتاز",2
1994968189780716,S25120024,300,رأيك يهمنا، فضلاً شاركنا تعليق او مقترح يساعد في تحسين التجربة,TEXT_INPUT,المندوب متعاون ,المندوب متعاون,neutral,[],"متعاون, الموظف متعاون, متعاون جدا, المندوب, سريع, جدا جدا, تعامل, المندوب تعامله, بقوه, دائما",5
58976987353605454,S25120024,300,رأيك يهمنا، فضلاً شاركنا تعليق او مقترح يساعد في تحسين التجربة,TEXT_INPUT,المندوب مايتجاوب معي ,المندوب مايتجاوب معي,negative,[],"متعاون, الموظف متعاون, متعاون جدا, المندوب, سريع, جدا جدا, تعامل, المندوب تعامله, بقوه, دائما",5
36997343550429192,S25120024,300,رأيك يهمنا، فضلاً شاركنا تعليق او مقترح يساعد في تحسين التجربة,TEXT_INPUT,المندوب لايقوم بتوصيل الشرائح عند الطلب ونظطر للانتظار عدة ايام,المندوب لايقوم بتوصيل الشرائح عند الطلب ونظطر للانتظار عده ايام,negative,[],متنوع,-1
52911975712542727,S25120024,300,رأيك يهمنا، فضلاً شاركنا تعليق او مقترح يساعد في تحسين التجربة,TEXT_INPUT,المندوب لايرد على الاتصالات في الوقت المناسب,المندوب لايرد علي الاتصالات في الوقت المناسب,negative,[],متنوع,-1
46240005653809113,S25120024,300,رأيك يهمنا، فضلاً شاركنا تعليق او مقترح يساعد في تحسين التجربة,TEXT_INPUT,المندوب لا يستجيب لببلاغات الاعطال والمشاكل التي تواجهنا,المندوب لا يستجيب لببلاغات الاعطال والمشاكل التي تواجهنا,negative,[],"تم, وعدم, ولا, قنوات, بشكل, بسبب, الاتصالات, الشركات, ان, وهذا",3
47818243747408574,S25120024,300,رأيك يهمنا، فضلاً شاركنا تعليق او مقترح يساعد في تحسين التجربة,TEXT_INPUT,المندوب لا يستجب لنا بسرعه ويجبرنا ان حنا الي نذهب له في اماكن هو يحددها لنا ونتكبد الكيلومترات للحصول على الشرائح ارجو تغيير هذا المندوب,المندوب لا يستجب لنا بسرعه ويجبرنا ان حنا الي نذهب له في اماكن هو يحددها لنا ونتكبد الكيلومترات للحصول علي الشرائح ارجو تغيير هذا المندوب,negative,[],"تم, وعدم, ولا, قنوات, بشكل, بسبب, الاتصالات, الشركات, ان, وهذا",3
14794115775639111,S25120024,300,رأيك يهمنا، فضلاً شاركنا تعليق او مقترح يساعد في تحسين التجربة,TEXT_INPUT,المندوب فهد ممتاز جدا سرعة فالتوصيل واللنجاز اشكره,المندوب فهد ممتاز جدا سرعه فالتوصيل واللنجاز اشكره,positive,[],"الطلب, فهد, الرحمن, اشكر اخوي, اشكره, مشاء, سرعه التواصل, واللنجاز, عبد الرحمن, مشاء الله",55
20975688797965922,S25120024,300,رأيك يهمنا، فضلاً شاركنا تعليق او مقترح يساعد في تحسين التجربة,TEXT_INPUT,المندوب فراج متعاون جداً وكثر الله من امثاله وشكرا لكم ,المندوب فراج متعاون جداً وكثر الله امثاله وشكرا لكم,positive,[],"الله يسعده, يسعده, ابو, الله, الله يعطيه, سبب, الاخ محمد, معكم, وهو, وشكرا لكم",17
19761061681190297,S25120024,300,رأيك يهمنا، فضلاً شاركنا تعليق او مقترح يساعد في تحسين التجربة,TEXT_INPUT,المندوب غير متجاوب بسبب التعليمات على حد قوله,المندوب غير متجاوب بسبب التعليمات علي حد قوله,negative,[],"متجاوب, متجاوب سريع, متفاعل, بسبب, معنا, سريع, المندوب, جدا, الموظف, علي",15
54821160814840549,S25120024,300,رأيك يهمنا، فضلاً شاركنا تعليق او مقترح يساعد في تحسين التجربة,TEXT_INPUT,المندوب طيب جداً ,المندوب طيب جداً,positive,[],متنوع,-1
56808403669095061,S25120024,300,رأيك يهمنا، فضلاً شاركنا تعليق او مقترح يساعد في تحسين التجربة,TEXT_INPUT,المندوب طلال العنزي - موظف منيز ويستحق الشكر - وارجو توفير خدمه نقل الملكيه في يوزرات stc,المندوب طلال العنزي - موظف منيز ويستحق الشكر - وارجو توفير خدمه نقل الملكيه في يوزرات,positive,[],متنوع,-1
34743209316319974,S25120024,300,رأيك يهمنا، فضلاً شاركنا تعليق او مقترح يساعد في تحسين التجربة,TEXT_INPUT,المندوب رضى سريع التجاوب الله يوفقه,المندوب رضي سريع التجاوب الله يوفقه,positive,[],متنوع,-1
60084505518743503,S25120024,300,رأيك يهمنا، فضلاً شاركنا تعليق او مقترح يساعد في تحسين التجربة,TEXT_INPUT,المندوب دايم يجي على الوقت ,المندوب دايم يجي علي الوقت,neutral,[],"متعاون, الموظف متعاون, متعاون جدا, المندوب, سريع, جدا جدا, تعامل, المندوب تعامله, بقوه, دائما",5
43157003637427673,S25120024,300,رأيك يهمنا، فضلاً شاركنا تعليق او مقترح يساعد في تحسين التجربة,TEXT_INPUT,المندوب تعامله جدا راقي وسريع الاستحابه,المندوب تعامله جدا راقي وسريع الاستحابه,positive,[],"وسريع, محترم, ومتعاون, ويستحق, موظف مثالي, والمندوب, مثالي, ومحترم, متعاون, ممتاز",2
43769892783859097,S25120024,300,رأيك يهمنا، فضلاً شاركنا تعليق او مقترح يساعد في تحسين التجربة,TEXT_INPUT,المندوب تعاملة سيء,المندوب تعامله سيء,negative,[],"متعاون, الموظف متعاون, متعاون جدا, المندوب, سريع, جدا جدا, تعامل, المندوب تعامله, بقوه, دائما",5
30855344591714699,S25120024,300,رأيك يهمنا، فضلاً شاركنا تعليق او مقترح يساعد في تحسين التجربة,TEXT_INPUT,المندوب تركي ابو ساق خدوم جداً الله يعطيه العزفيه,المندوب تركي ابو ساق خدوم جداً الله يعطيه العزفيه,negative,[],"الله يسعده, يسعده, ابو, الله, الله يعطيه, سبب, الاخ محمد, معكم, وهو, وشكرا لكم",17
13681911361814083,S25120024,300,رأيك يهمنا، فضلاً شاركنا تعليق او مقترح يساعد في تحسين التجربة,TEXT_INPUT,المندوب تحسن للأفضل ,المندوب تحسن للافضل,positive,[],"متعاون, الموظف متعاون, متعاون جدا, المندوب, سريع, جدا جدا, تعامل, المندوب تعامله, بقوه, دائما",5
14869027568421445,S25120024,300,رأيك يهمنا، فضلاً شاركنا تعليق او مقترح يساعد في تحسين التجربة,TEXT_INPUT,المندوب ام يتجاوب معي الا بعد التواصل مع مديره مه العلم انني كنت اطلب شرايح منذ ثلاثة اشهر ولم يكون هناك اي رد ,المندوب ام يتجاوب معي الا بعد التواصل مع مديره مه العلم انني كنت اطلب شرايح منذ ثلاثه اشهر ولم يكون هناك اي رد,neutral,[],متنوع,-1
54646825631706069,S25120024,300,رأيك يهمنا، فضلاً شاركنا تعليق او مقترح يساعد في تحسين التجربة,TEXT_INPUT,المندوب اخلاقه عاليه ,المندوب اخلاقه عاليه,positive,[],متنوع,-1
19761257281982588,S25120024,300,رأيك يهمنا، فضلاً شاركنا تعليق او مقترح يساعد في تحسين التجربة,TEXT_INPUT,المناديب التابعين للشركه لايمكن التعامل معهم ,المناديب التابعين للشركه لايمكن التعامل معهم,negative,[],متنوع,-1
55749283549201040,S25120024,300,رأيك يهمنا، فضلاً شاركنا تعليق او مقترح يساعد في تحسين التجربة,TEXT_INPUT,الله يعطيه العافيه وليد مساوى ونعم الاخلاق,الله يعطيه العافيه وليد مساوي ونعم الاخلاق,positive,[],"بيض, الله, ونعم, والله, يسعده, الله يعطيه, ونعم الرجل, الجاسر, الرجل, الاخلاق",25
59496745854475241,S25120024,300,رأيك يهمنا، فضلاً شاركنا تعليق او مقترح يساعد في تحسين التجربة,TEXT_INPUT,الله يعطيكم العافية,الله يعطيكم العافيه,positive,[],"العافيه الله, العافيه, يعطيكم العافيه, يعطيكم, يعطيك العافيه, يعطيك, الله, , , ",73
60165620952025576,S25120024,300,رأيك يهمنا، فضلاً شاركنا تعليق او مقترح يساعد في تحسين التجربة,TEXT_INPUT,الله يعطيك العافيه الاستاذ تركي ال حمزه,الله يعطيك العافيه الاستاذ تركي ال حمزه,positive,[],متنوع,-1
701854991061699,S25120024,300,رأيك يهمنا، فضلاً شاركنا تعليق او مقترح يساعد في تحسين التجربة,TEXT_INPUT,الله يعطيك العافيه الاخ تركي ,الله يعطيك العافيه الاخ تركي,positive,[],"يعطيك العافيه, يعطيك, العافيه, الاخ تركي, الاخ, ناصر, الله يعطيك, تركي, الله, ",62
3729264875550237,S25120024,300,رأيك يهمنا، فضلاً شاركنا تعليق او مقترح يساعد في تحسين التجربة,TEXT_INPUT,الله يعطيك العافيه,الله يعطيك العافيه,positive,[],متنوع,-1
31563739639429119,S25120024,300,رأيك يهمنا، فضلاً شاركنا تعليق او مقترح يساعد في تحسين التجربة,TEXT_INPUT,الله يعطيك العافية على المتابعة المستمره وحل المشاكل,الله يعطيك العافيه علي المتابعه المستمره وحل المشاكل,positive,[],"المستمره, المتابعه المستمره, الشكر موصول, علي المتابعه, المتابعه, موصول, للاخ تركي, المستمره الشكر, للاخ, موصول للاخ",26
1394518153126129,S25120024,300,رأيك يهمنا، فضلاً شاركنا تعليق او مقترح يساعد في تحسين التجربة,TEXT_INPUT,الله يعطيك العافية الأستاذ تركي على حسن المعاملة,الله يعطيك العافيه الاستاذ تركي علي حسن المعامله,positive,[],متنوع,-1
34313317021267787,S25120024,300,رأيك يهمنا، فضلاً شاركنا تعليق او مقترح يساعد في تحسين التجربة,TEXT_INPUT,الله يسعده,الله يسعده,positive,[],"الله يسعده, يسعده, ابو, الله, الله يعطيه, سبب, الاخ محمد, معكم, وهو, وشكرا لكم",17
57310908935633786,S25120024,300,رأيك يهمنا، فضلاً شاركنا تعليق او مقترح يساعد في تحسين التجربة,TEXT_INPUT,الكميه اللي وصلت اقل من الطلب,الكميه اللي وصلت اقل الطلب,negative,[],"عندنا, زياده, الطلب, بكميات, بكميات كبيره, اللي, فرع, عندنا مشكله, كبيره, مشكله",47
20580884519008566,S25120024,300,رأيك يهمنا، فضلاً شاركنا تعليق او مقترح يساعد في تحسين التجربة,TEXT_INPUT,الكلام كثير لكن راجع التقييم السابق,الكلام كثير لكن راجع التقييم السابق,negative,[],متنوع,-1
55324374718888011,S25120024,300,رأيك يهمنا، فضلاً شاركنا تعليق او مقترح يساعد في تحسين التجربة,TEXT_INPUT,الف شكرا للموظف على تعاونه ومتابعته الدائمه ,الف شكرا للموظف علي تعاونه ومتابعته الدائمه,positive,[],"للموظف, الدائمه, القلب للموظف, الرائع, علي تعامله, علي رحابه, رحابه صدره, شكرا للموظف, صدره, شكرا القلب",54
17001078393201367,S25120024,300,رأيك يهمنا، فضلاً شاركنا تعليق او مقترح يساعد في تحسين التجربة,TEXT_INPUT,الف شكرا 🙏 الله يوفقك ويرزقك,الف شكرا الله يوفقك ويرزقك,positive,[],متنوع,-1
24809781635954999,S25120024,300,رأيك يهمنا، فضلاً شاركنا تعليق او مقترح يساعد في تحسين التجربة,TEXT_INPUT,الف شكر وخدمه ممممتازه,الف شكر وخدمه ممممتازه,positive,[],"الاستاذ, اشكره, التوفيق, جدا التعامل, يستاهل اعلي, يمثل, وانجاز, قصر, التقييم, اعلي",24
32082050727243795,S25120024,300,رأيك يهمنا، فضلاً شاركنا تعليق او مقترح يساعد في تحسين التجربة,TEXT_INPUT,الف شكر للمندوب على تعاونه السريع والاسلوب الراقي,الف شكر للمندوب علي تعاونه السريع والاسلوب الراقي,positive,[],متنوع,-1
,S25120024,300,رأيك يهمنا، فضلاً شاركنا تعليق او مقترح يساعد في تحسين التجربة,TEXT_INPUT,الف شكر للمندوب حسن الحسين,الف شكر للمندوب حسن الحسين,positive,[],"للمندوب, شكرا للمندوب, شكر للمندوب, للمندوب علي, الشكر, علي شكرا, وشكر, سرعه الانجاز, رضاء محمد, وشكر خاص",14
36226555335362908,S25120024,300,رأيك يهمنا، فضلاً شاركنا تعليق او مقترح يساعد في تحسين التجربة,TEXT_INPUT,الف شكر للأخ تركي,الف شكر للاخ تركي,positive,[],"للاخ تركي, للاخ, موصول للاخ, موصول, شكر, اخ, شكرا لك, لك, تركي الف, العمل",27
28699786043946200,S25120024,300,رأيك يهمنا، فضلاً شاركنا تعليق او مقترح يساعد في تحسين التجربة,TEXT_INPUT,الف الف شكرا يعطيك العافيه 😊 ,الف الف شكرا يعطيك العافيه,positive,[],"الف, الف الف, الف شكرا, يعطيك, شكرا الله, الله يعطيك, يعطيك العافيه, يجزاك, الله يجزاك, يجزاك خير",37
21536207737626552,S25120024,300,رأيك يهمنا، فضلاً شاركنا تعليق او مقترح يساعد في تحسين التجربة,TEXT_INPUT,الف الف شكرا الله يعطيك العافيه,الف الف شكرا الله يعطيك العافيه,positive,[],"الف, الف الف, الف شكرا, يعطيك, شكرا الله, الله يعطيك, يعطيك العافيه, يجزاك, الله يجزاك, يجزاك خير",37
27231274944201328,S25120024,300,رأيك يهمنا، فضلاً شاركنا تعليق او مقترح يساعد في تحسين التجربة,TEXT_INPUT,الف الف شكرا ,الف الف شكرا,positive,[],"الف شكرا, الف, الف الف, شكرا, , , , , , ",75
32336817716620400,S25120024,300,رأيك يهمنا، فضلاً شاركنا تعليق او مقترح يساعد في تحسين التجربة,TEXT_INPUT,الف الف شكر يا تركي,الف الف شكر يا تركي,positive,[],متنوع,-1
18382205384521879,S25120024,300,رأيك يهمنا، فضلاً شاركنا تعليق او مقترح يساعد في تحسين التجربة,TEXT_INPUT,الف الف شكر للخ تركي على حسن التعامل ,الف الف شكر للخ تركي علي حسن التعامل,positive,[],"حسن التعامل, للاستاذ, للاستاذ تركي, حمزه, تركي حمزه, والاهتمام, الف شكر, والمتابعه, علي المتابعه, المتابعه",18
36226034440494972,S25120024,300,رأيك يهمنا، فضلاً شاركنا تعليق او مقترح يساعد في تحسين التجربة,TEXT_INPUT,الف الف شكر للاستاذ تركي,الف الف شكر للاستاذ تركي,positive,[],متنوع,-1
35616549421037739,S25120024,300,رأيك يهمنا، فضلاً شاركنا تعليق او مقترح يساعد في تحسين التجربة,TEXT_INPUT,الف الف شكر للأستاذ تركي على المتابعه المستمره ,الف الف شكر للاستاذ تركي علي المتابعه المستمره,positive,[],"حسن التعامل, للاستاذ, للاستاذ تركي, حمزه, تركي حمزه, والاهتمام, الف شكر, والمتابعه, علي المتابعه, المتابعه",18
15656132184675498,S25120024,300,رأيك يهمنا، فضلاً شاركنا تعليق او مقترح يساعد في تحسين التجربة,TEXT_INPUT,الف الف شكر الله يجزاك خير,الف الف شكر الله يجزاك خير,positive,[],"الف, الف الف, الف شكرا, يعطيك, شكرا الله, الله يعطيك, يعطيك العافيه, يجزاك, الله يجزاك, يجزاك خير",37
19201530090460983,S25120024,300,رأيك يهمنا، فضلاً شاركنا تعليق او مقترح يساعد في تحسين التجربة,TEXT_INPUT,الف الف الف شكرا الله يعطيك العا فيه 🌹,الف الف الف شكرا الله يعطيك العا فيه,positive,[],"الف, الف الف, الف شكرا, يعطيك, شكرا الله, الله يعطيك, يعطيك العافيه, يجزاك, الله يجزاك, يجزاك خير",37
32245685268067671,S25120024,300,رأيك يهمنا، فضلاً شاركنا تعليق او مقترح يساعد في تحسين التجربة,TEXT_INPUT,الف الف الف 🙏 ,الف الف الف,positive,[],متنوع,-1
15930601454571673,S25120024,300,رأيك يهمنا، فضلاً شاركنا تعليق او مقترح يساعد في تحسين التجربة,TEXT_INPUT,الغامدي مندوب مميز ,الغامدي مندوب مميز,positive,[],متنوع,-1
15399290809223976,S25120024,300,رأيك يهمنا، فضلاً شاركنا تعليق او مقترح يساعد في تحسين التجربة,TEXT_INPUT,الغامدي ممتاز جدا ,الغامدي ممتاز جدا,positive,[],"ممتاز جدا, جدا تعامل, عمل, ممتاز, رائع, جدا ممتاز, رائع جدا, جدا, طيب, تعامل",19
16162881645614949,S25120024,300,رأيك يهمنا، فضلاً شاركنا تعليق او مقترح يساعد في تحسين التجربة,TEXT_INPUT,الغامدي مافي زيه مندوب ,الغامدي مافي زيه مندوب,negative,[],متنوع,-1
21800973300460606,S25120024,300,رأيك يهمنا، فضلاً شاركنا تعليق او مقترح يساعد في تحسين التجربة,TEXT_INPUT,العمولات الخاصه بالتفعيل ماتنزل فيها إشكاليه,العمولات الخاصه بالتفعيل ماتنزل فيها اشكاليه,neutral,[],"ماتنزل, فيها, بالتفعيل, العمولات, خاص, الشرايح, , , , ",61
54219582079011076,S25120024,300,رأيك يهمنا، فضلاً شاركنا تعليق او مقترح يساعد في تحسين التجربة,TEXT_INPUT,العدد غير كافي من الشرائح كذلك تأخير في الوصول للشرائح,العدد غير كافي الشرائح كذلك تاخير في الوصول للشرائح,negative,[],"تاخير, تجاوب, توصيل, وعدم, الوصول, كثير المشاكل, المعلومات, عدم التجاوب, كافي, للشرائح",32
60336682440150221,S25120024,300,رأيك يهمنا، فضلاً شاركنا تعليق او مقترح يساعد في تحسين التجربة,TEXT_INPUT,الصله بين نقطة البيع والمشرفين تكاد لاتذكر ,الصله بين نقطه البيع والمشرفين تكاد لاتذكر,neutral,[],متنوع,-1
2435356638035394,S25120024,300,رأيك يهمنا، فضلاً شاركنا تعليق او مقترح يساعد في تحسين التجربة,TEXT_INPUT,الشكر موصول للاستاذ تركي على حسن التعامل والمتابعة,الشكر موصول للاستاذ تركي علي حسن التعامل والمتابعه,positive,[],"حسن التعامل, للاستاذ, للاستاذ تركي, حمزه, تركي حمزه, والاهتمام, الف شكر, والمتابعه, علي المتابعه, المتابعه",18
56550692486949992,S25120024,300,رأيك يهمنا، فضلاً شاركنا تعليق او مقترح يساعد في تحسين التجربة,TEXT_INPUT,الشكر موصول للاخ تركي على سرعة الاستجابة,الشكر موصول للاخ تركي علي سرعه الاستجابه,positive,[],"المستمره, المتابعه المستمره, الشكر موصول, علي المتابعه, المتابعه, موصول, للاخ تركي, المستمره الشكر, للاخ, موصول للاخ",26
1996748873459356,S25120024,300,رأيك يهمنا، فضلاً شاركنا تعليق او مقترح يساعد في تحسين التجربة,TEXT_INPUT,الشكر موصول للاخ تركي على حسن المعاملة والمتابعه,الشكر موصول للاخ تركي علي حسن المعامله والمتابعه,positive,[],"حسن التعامل, للاستاذ, للاستاذ تركي, حمزه, تركي حمزه, والاهتمام, الف شكر, والمتابعه, علي المتابعه, المتابعه",18
28697768762317481,S25120024,300,رأيك يهمنا، فضلاً شاركنا تعليق او مقترح يساعد في تحسين التجربة,TEXT_INPUT,الشكر موصول للاخ تركي على المتابعة المستمرة ,الشكر موصول للاخ تركي علي المتابعه المستمره,positive,[],"المستمره, المتابعه المستمره, الشكر موصول, علي المتابعه, المتابعه, موصول, للاخ تركي, المستمره الشكر, للاخ, موصول للاخ",26
31732850022141735,S25120024,300,رأيك يهمنا، فضلاً شاركنا تعليق او مقترح يساعد في تحسين التجربة,TEXT_INPUT,الشكر موصول للاخ تركي ,الشكر موصول للاخ تركي,positive,[],"للاخ تركي, للاخ, موصول للاخ, موصول, شكر, اخ, شكرا لك, لك, تركي الف, العمل",27
701982338051590,S25120024,300,رأيك يهمنا، فضلاً شاركنا تعليق او مقترح يساعد في تحسين التجربة,TEXT_INPUT,الشكر موصول ل تركي عبدالله لحسن التعامل والمتابعة المستمره,الشكر موصول ل تركي عبدالله لحسن التعامل والمتابعه المستمره,positive,[],"المستمره, المتابعه المستمره, الشكر موصول, علي المتابعه, المتابعه, موصول, للاخ تركي, المستمره الشكر, للاخ, موصول للاخ",26
60162983413790445,S25120024,300,رأيك يهمنا، فضلاً شاركنا تعليق او مقترح يساعد في تحسين التجربة,TEXT_INPUT,الشكر موصل للاخ تركي ,الشكر موصل للاخ تركي,positive,[],"للاخ تركي, للاخ, موصول للاخ, موصول, شكر, اخ, شكرا لك, لك, تركي الف, العمل",27
30946127676962157,S25120024,300,رأيك يهمنا، فضلاً شاركنا تعليق او مقترح يساعد في تحسين التجربة,TEXT_INPUT,الشكر للاستاذ تركي يعطيه العافيه,الشكر للاستاذ تركي يعطيه العافيه,positive,[],متنوع,-1
46952371093296397,S25120024,300,رأيك يهمنا، فضلاً شاركنا تعليق او مقترح يساعد في تحسين التجربة,TEXT_INPUT,الشكر للاستاذ تركي على تواجدة المستمر,الشكر للاستاذ تركي علي تواجده المستمر,positive,[],"حسن التعامل, للاستاذ, للاستاذ تركي, حمزه, تركي حمزه, والاهتمام, الف شكر, والمتابعه, علي المتابعه, المتابعه",18
32496734399184379,S25120024,300,رأيك يهمنا، فضلاً شاركنا تعليق او مقترح يساعد في تحسين التجربة,TEXT_INPUT,الشكر للاخ تركي على المتابعة المستمره ,الشكر للاخ تركي علي المتابعه المستمره,positive,[],"المستمره, المتابعه المستمره, الشكر موصول, علي المتابعه, المتابعه, موصول, للاخ تركي, المستمره الشكر, للاخ, موصول للاخ",26
58610206816741031,S25120024,300,رأيك يهمنا، فضلاً شاركنا تعليق او مقترح يساعد في تحسين التجربة,TEXT_INPUT,الشكر ل تركي على سرعة الاستجابة والمتابعة المستمره,الشكر ل تركي علي سرعه الاستجابه والمتابعه المستمره,positive,[],"والمتابعه المستمره, المستمره, المستمره نشكر, والمتابعه, الاستجابه والمتابعه, تركي علي, اشكركم علي, والتواصل, الاستجابه, نشكر",33
13105521257318822,S25120024,300,رأيك يهمنا، فضلاً شاركنا تعليق او مقترح يساعد في تحسين التجربة,TEXT_INPUT,الشركة محترمة والمندوب ممتاز,الشركه محترمه والمندوب ممتاز,positive,[],"وسريع, محترم, ومتعاون, ويستحق, موظف مثالي, والمندوب, مثالي, ومحترم, متعاون, ممتاز",2
53598475611153493,S25120024,300,رأيك يهمنا، فضلاً شاركنا تعليق او مقترح يساعد في تحسين التجربة,TEXT_INPUT,الشركات الاحرى الان العموله ٦٠ ٪؜ عمولتكم الى الان ٣٠٪؜  هل هناك تعديل ؜ ,الشركات الاحري الان العموله ٦٠ ٪؜ عمولتكم الي الان ٣٠٪؜ هل هناك تعديل ؜,neutral,[],متنوع,-1
48828918539676614,S25120024,300,رأيك يهمنا، فضلاً شاركنا تعليق او مقترح يساعد في تحسين التجربة,TEXT_INPUT,الشرايح لاتعمل مضروبه,الشرايح لاتعمل مضروبه,negative,[],"شرايح, لايوجد, مره, نقص, بطيئه, قصر, متوفره, عندي, الاستحابه, اطلب",12
22128471819044779,S25120024,300,رأيك يهمنا، فضلاً شاركنا تعليق او مقترح يساعد في تحسين التجربة,TEXT_INPUT,الشرايح قليه مره ,الشرايح قليه مره,neutral,[],"شرايح, لايوجد, مره, نقص, بطيئه, قصر, متوفره, عندي, الاستحابه, اطلب",12
22813941410857961,S25120024,300,رأيك يهمنا، فضلاً شاركنا تعليق او مقترح يساعد في تحسين التجربة,TEXT_INPUT,الشرايح عددها قليل جدا وانا في منطقة بعيدة ,الشرايح عددها قليل جدا وانا في منطقه بعيده,negative,[],متنوع,-1
48842032963485658,S25120024,300,رأيك يهمنا، فضلاً شاركنا تعليق او مقترح يساعد في تحسين التجربة,TEXT_INPUT,الشرايح الجديده خربانه وقليله ماتتوفر بالشكل المطبلوب,الشرايح الجديده خربانه وقليله ماتتوفر بالشكل المطبلوب,negative,[],"ماتنزل, فيها, بالتفعيل, العمولات, خاص, الشرايح, , , , ",61
1456567412786303,S25120024,300,رأيك يهمنا، فضلاً شاركنا تعليق او مقترح يساعد في تحسين التجربة,TEXT_INPUT,الشرائح ماصولتني يقولون غير متوفره للان شهر كامل موقفين ,الشرائح ماصولتني يقولون غير متوفره للان شهر كامل موقفين,negative,[],"شكرا لكم, لكم, ولكن يوجد, يوجد ملاحظه, لكم ولكن, خدمات, رائعه, مميزه, ملاحظه, خدمه مميزه",42
52144989203646785,S25120024,300,رأيك يهمنا، فضلاً شاركنا تعليق او مقترح يساعد في تحسين التجربة,TEXT_INPUT,الشحر موصول للاخ تركي على سريع الاستجابة والتواصل الدايم ,الشحر موصول للاخ تركي علي سريع الاستجابه والتواصل الدايم,positive,[],"والمتابعه المستمره, المستمره, المستمره نشكر, والمتابعه, الاستجابه والمتابعه, تركي علي, اشكركم علي, والتواصل, الاستجابه, نشكر",33
57844954298977608,S25120024,300,رأيك يهمنا، فضلاً شاركنا تعليق او مقترح يساعد في تحسين التجربة,TEXT_INPUT,السلام عليكم، تم التواصل مع الموظف طلال العنزي في وقت كان الموظف عبدالرحمن الهذيل في إجازة لكنه لم يتجاوب معي عبر المكالمة الهاتفية و عبر الواتساب.,السلام عليكم، تم التواصل مع الموظف طلال العنزي في وقت كان الموظف عبدالرحمن الهذيل في اجازه لكنه لم يتجاوب معي عبر المكالمه الهاتفيه و عبر الواتساب,neutral,[],"تم, وعدم, ولا, قنوات, بشكل, بسبب, الاتصالات, الشركات, ان, وهذا",3
40444236179809172,S25120024,300,رأيك يهمنا، فضلاً شاركنا تعليق او مقترح يساعد في تحسين التجربة,TEXT_INPUT,الرجاء وضع رقم تواصل لخدمة قنوات,الرجاء وضع رقم تواصل لخدمه قنوات,neutral,[],"رقم, الرجاء, توفير, التاجر, الرجاء توفير, معي, تواصل, التواصل, الشركه, نحتاج",6
44542869758170509,S25120024,300,رأيك يهمنا، فضلاً شاركنا تعليق او مقترح يساعد في تحسين التجربة,TEXT_INPUT,الرجاء توفير رقم لخدمة التاجر من قنوات,الرجاء توفير رقم لخدمه التاجر قنوات,neutral,[],"رقم, الرجاء, توفير, التاجر, الرجاء توفير, معي, تواصل, التواصل, الشركه, نحتاج",6
44080085231609584,S25120024,300,رأيك يهمنا، فضلاً شاركنا تعليق او مقترح يساعد في تحسين التجربة,TEXT_INPUT,الرجاء توفير رقم لخدمة التاجر,الرجاء توفير رقم لخدمه التاجر,neutral,[],"رقم, الرجاء, توفير, التاجر, الرجاء توفير, معي, تواصل, التواصل, الشركه, نحتاج",6
40444184432341899,S25120024,300,رأيك يهمنا، فضلاً شاركنا تعليق او مقترح يساعد في تحسين التجربة,TEXT_INPUT,الرجاء توفير أرقام تواصل مع الشركة قنوات  وتوفير مندوب خاص لمراقبة الأسعار في السوق,الرجاء توفير ارقام تواصل مع الشركه قنوات وتوفير مندوب خاص لمراقبه الاسعار في السوق,neutral,[],"تواصل الشركه, تطوير, عمل, حسب, السوق, قنوات وتوفير, كافيه, وضع, الاسعار, وتوفير",44
26102846903126701,S25120024,300,رأيك يهمنا، فضلاً شاركنا تعليق او مقترح يساعد في تحسين التجربة,TEXT_INPUT,الرجاء التواصل معي يوجد لدي مشاكل,الرجاء التواصل معي يوجد لدي مشاكل,neutral,[],"رقم, الرجاء, توفير, التاجر, الرجاء توفير, معي, تواصل, التواصل, الشركه, نحتاج",6
52363896174791844,S25120024,300,رأيك يهمنا، فضلاً شاركنا تعليق او مقترح يساعد في تحسين التجربة,TEXT_INPUT,الرجاء التواصل معي من قبل مسؤول للاستفسار عن بعض النقلط,الرجاء التواصل معي قبل مسؤول للاستفسار عن بعض النقلط,neutral,[],"رقم, الرجاء, توفير, التاجر, الرجاء توفير, معي, تواصل, التواصل, الشركه, نحتاج",6
22992137324352795,S25120024,300,رأيك يهمنا، فضلاً شاركنا تعليق او مقترح يساعد في تحسين التجربة,TEXT_INPUT,الرجاء التواصل معي,الرجاء التواصل معي,neutral,[],"رقم, الرجاء, توفير, التاجر, الرجاء توفير, معي, تواصل, التواصل, الشركه, نحتاج",6
28014909142808580,S25120024,300,رأيك يهمنا، فضلاً شاركنا تعليق او مقترح يساعد في تحسين التجربة,TEXT_INPUT,الخدمة ممتازة والمندوب ممتاز ومتعاون جداً,الخدمه ممتازه والمندوب ممتاز ومتعاون جداً,positive,[],"وسريع, محترم, ومتعاون, ويستحق, موظف مثالي, والمندوب, مثالي, ومحترم, متعاون, ممتاز",2
52738097903986703,S25120024,300,رأيك يهمنا، فضلاً شاركنا تعليق او مقترح يساعد في تحسين التجربة,TEXT_INPUT,الخدمة سريعه الانجاز شكرااااا,الخدمه سريعه الانجاز شكرااااا,positive,[],متنوع,-1
24812249891423105,S25120024,300,رأيك يهمنا، فضلاً شاركنا تعليق او مقترح يساعد في تحسين التجربة,TEXT_INPUT,‏التعامل ممتاز جدا,التعامل ممتاز جدا,positive,[],"التعامل ممتاز, رائع جدا, محل, جدا ممتاز, مميز, ممتاز جدا, ممتاز, رائع, جدا, التعامل",50
60092774425935744,S25120024,300,رأيك يهمنا، فضلاً شاركنا تعليق او مقترح يساعد في تحسين التجربة,TEXT_INPUT,الاهتمام اكثر بالموزعين  وتوزيع البروشرات عليهم وسماع مقتراحاتهم ,الاهتمام اكثر بالموزعين وتوزيع البروشرات عليهم وسماع مقتراحاتهم,neutral,[],"كويك بلس, بلس, كويك, تطبيق, الشرايح, عدم, مثل, وقت, كثير, التجار",1
22006427031726568,S25120024,300,رأيك يهمنا، فضلاً شاركنا تعليق او مقترح يساعد في تحسين التجربة,TEXT_INPUT,الاستحابه بطيئه ,الاستحابه بطيئه,negative,[],"شرايح, لايوجد, مره, نقص, بطيئه, قصر, متوفره, عندي, الاستحابه, اطلب",12
18696640368502469,S25120024,300,رأيك يهمنا، فضلاً شاركنا تعليق او مقترح يساعد في تحسين التجربة,TEXT_INPUT,الاستاذ محمد الشهراني رجل راقي و محترم ,الاستاذ محمد الشهراني رجل راقي و محترم,positive,[],"الاستاذ محمد, يحي, يحي الرشيدي, موظف متميز, سلطان رابح, تركي المعاوي, رجل راقي, رابح, الشهراني, موظف مثالي",49
13188673458601148,S25120024,300,رأيك يهمنا، فضلاً شاركنا تعليق او مقترح يساعد في تحسين التجربة,TEXT_INPUT,الاستاذ تركي يشكر على جهوده معنا ,الاستاذ تركي يشكر علي جهوده معنا,positive,[],متنوع,-1
27897240196160040,S25120024,300,رأيك يهمنا، فضلاً شاركنا تعليق او مقترح يساعد في تحسين التجربة,TEXT_INPUT,الأخ محمد مكرمي كان رجل  داعم وهو سبب لا اشغل معكم يعطيكم العافيه ,الاخ محمد مكرمي كان رجل داعم وهو سبب لا اشغل معكم يعطيكم العافيه,positive,[],"الله يسعده, يسعده, ابو, الله, الله يعطيه, سبب, الاخ محمد, معكم, وهو, وشكرا لكم",17
,S25120024,300,رأيك يهمنا، فضلاً شاركنا تعليق او مقترح يساعد في تحسين التجربة,TEXT_INPUT,اكملت 5 اشهر حتى يتفعل اليوزر,اكملت 5 اشهر حتي يتفعل اليوزر,negative,[],متنوع,-1
15113135996890558,S25120024,300,رأيك يهمنا، فضلاً شاركنا تعليق او مقترح يساعد في تحسين التجربة,TEXT_INPUT,اكثر من اسبوع اطلب شرايح ولايوجد الفرع لدي مغلق منذو ثلاثه ايام من سيعوضني,اكثر اسبوع اطلب شرايح ولايوجد الفرع لدي مغلق منذو ثلاثه ايام سيعوضني,neutral,[],"شرائح, اطلب, اكثر, ولم, الاخير, جديده, ثلاثه, ولم يتم, ولايوجد, طلب",31
32670434246504387,S25120024,300,رأيك يهمنا، فضلاً شاركنا تعليق او مقترح يساعد في تحسين التجربة,TEXT_INPUT,اقدع ناس ,اقدع ناس,positive,[],"افضل, افضل خدمه, افضل المناديب, وافضل مندوب, وافضل, موظف, المناديب, افضل موظف, مندوب, افضل مندوب",20
14806563500760119,S25120024,300,رأيك يهمنا، فضلاً شاركنا تعليق او مقترح يساعد في تحسين التجربة,TEXT_INPUT,اقترح وجود دعم فني مباشر صوتي,اقترح وجود دعم فني مباشر صوتي,neutral,[],"رقم, الرجاء, توفير, التاجر, الرجاء توفير, معي, تواصل, التواصل, الشركه, نحتاج",6
34063082501168513,S25120024,300,رأيك يهمنا، فضلاً شاركنا تعليق او مقترح يساعد في تحسين التجربة,TEXT_INPUT,افضل واسرع مندوب توصيل واخلاقه فايف ستار الله يوفقه,افضل واسرع مندوب توصيل واخلاقه فايف ستار الله يوفقه,positive,[],"افضل, افضل مندوب, مندوب, وافضل مندوب, وافضل, افضل موظف, علينا, افضل شركه, افضل الشركات, وانجاز",7
33349881679474574,S25120024,300,رأيك يهمنا، فضلاً شاركنا تعليق او مقترح يساعد في تحسين التجربة,TEXT_INPUT,افضل موظف في الشركه جدا ممتاز,افضل موظف في الشركه جدا ممتاز,positive,[],"افضل, افضل مندوب, مندوب, وافضل مندوب, وافضل, افضل موظف, علينا, افضل شركه, افضل الشركات, وانجاز",7
26378973124978752,S25120024,300,رأيك يهمنا، فضلاً شاركنا تعليق او مقترح يساعد في تحسين التجربة,TEXT_INPUT,افضل موظف في stc رضاء محمد له جزيل الشكر ,افضل موظف في رضاء محمد له جزيل الشكر,positive,[],"للمندوب, شكرا للمندوب, شكر للمندوب, للمندوب علي, الشكر, علي شكرا, وشكر, سرعه الانجاز, رضاء محمد, وشكر خاص",14
30520063115649484,S25120024,300,رأيك يهمنا، فضلاً شاركنا تعليق او مقترح يساعد في تحسين التجربة,TEXT_INPUT,افضل موظف عندكم,افضل موظف عندكم,positive,[],"افضل, افضل خدمه, افضل المناديب, وافضل مندوب, وافضل, موظف, المناديب, افضل موظف, مندوب, افضل مندوب",20
32175621138929365,S25120024,300,رأيك يهمنا، فضلاً شاركنا تعليق او مقترح يساعد في تحسين التجربة,TEXT_INPUT,افضل موظف سرعة وانجاز ,افضل موظف سرعه وانجاز,positive,[],"افضل, افضل مندوب, مندوب, وافضل مندوب, وافضل, افضل موظف, علينا, افضل شركه, افضل الشركات, وانجاز",7
53000019616398207,S25120024,300,رأيك يهمنا، فضلاً شاركنا تعليق او مقترح يساعد في تحسين التجربة,TEXT_INPUT,افضل موظف  متواصل معنا على طول,افضل موظف متواصل معنا علي طول,positive,[],متنوع,-1
8374704346494917,S25120024,300,رأيك يهمنا، فضلاً شاركنا تعليق او مقترح يساعد في تحسين التجربة,TEXT_INPUT,افضل موزع شرايح عرفه التاريخ ,افضل موزع شرايح عرفه التاريخ,positive,[],"افضل, افضل مندوب, مندوب, وافضل مندوب, وافضل, افضل موظف, علينا, افضل شركه, افضل الشركات, وانجاز",7
15407332253994987,S25120024,300,رأيك يهمنا، فضلاً شاركنا تعليق او مقترح يساعد في تحسين التجربة,TEXT_INPUT,افضل مندوب ومحترم جدا والله يستاهل اكثر الله يسعده في لحضات تواصل معي واعطاني الشرائح,افضل مندوب ومحترم جدا والله يستاهل اكثر الله يسعده في لحضات تواصل معي واعطاني الشرائح,positive,[],"شيء, علي طول, طول, طيب, ومحترم, معي, جدا تعامل, طول افضل, الاخ محمد, تركي مندوب",28
33727391141138229,S25120024,300,رأيك يهمنا، فضلاً شاركنا تعليق او مقترح يساعد في تحسين التجربة,TEXT_INPUT,افضل مندوب مر على الاتصالات ,افضل مندوب مر علي الاتصالات,positive,[],"افضل, افضل مندوب, مندوب, وافضل مندوب, وافضل, افضل موظف, علينا, افضل شركه, افضل الشركات, وانجاز",7
47557682229204614,S25120024,300,رأيك يهمنا، فضلاً شاركنا تعليق او مقترح يساعد في تحسين التجربة,TEXT_INPUT,افضل مندوب مبيعات الأستاذ محمد الجاسر ,افضل مندوب مبيعات الاستاذ محمد الجاسر,neutral,[],متنوع,-1
56207467307166659,S25120024,300,رأيك يهمنا، فضلاً شاركنا تعليق او مقترح يساعد في تحسين التجربة,TEXT_INPUT,افضل مندوب قد مر عليه,افضل مندوب قد مر عليه,positive,[],"افضل, افضل مندوب, مندوب, وافضل مندوب, وافضل, افضل موظف, علينا, افضل شركه, افضل الشركات, وانجاز",7
19462665015569591,S25120024,300,رأيك يهمنا، فضلاً شاركنا تعليق او مقترح يساعد في تحسين التجربة,TEXT_INPUT,افضل مندوب في شركة قنوات الاتصالات علي بن محمد شنيمر,افضل مندوب في شركه قنوات الاتصالات علي بن محمد شنيمر,positive,[],"محمد, للاتصالات, العنزي, شركه قنوات, بن, محافظه, دائما, بشده, الاتصالات علي, طويله",70
27229219868150900,S25120024,300,رأيك يهمنا، فضلاً شاركنا تعليق او مقترح يساعد في تحسين التجربة,TEXT_INPUT,افضل مندوب عرفه التاريخ ,افضل مندوب عرفه التاريخ,positive,[],"افضل, افضل مندوب, مندوب, وافضل مندوب, وافضل, افضل موظف, علينا, افضل شركه, افضل الشركات, وانجاز",7
2598455087817972,S25120024,300,رأيك يهمنا، فضلاً شاركنا تعليق او مقترح يساعد في تحسين التجربة,TEXT_INPUT,افضل مندوب الله يوفقك ,افضل مندوب الله يوفقك,positive,[],"الله يوفقك, شكرا افضل, يوفقك, يا, افضل, افضل مندوب, مندوب, الله, شكرا, تركي",66
22739402221425853,S25120024,300,رأيك يهمنا، فضلاً شاركنا تعليق او مقترح يساعد في تحسين التجربة,TEXT_INPUT,افضل مندوب ,افضل مندوب,neutral,[],"افضل, افضل خدمه, افضل المناديب, وافضل مندوب, وافضل, موظف, المناديب, افضل موظف, مندوب, افضل مندوب",20
9473052347966498,S25120024,300,رأيك يهمنا، فضلاً شاركنا تعليق او مقترح يساعد في تحسين التجربة,TEXT_INPUT,افضل من تعاملت معه إدارة وموظفين . وخاصة منصور الشهراني وعبدالرحمن الشهراني خير من تعاملت معه ,افضل تعاملت معه اداره وموظفين وخاصه منصور الشهراني وعبدالرحمن الشهراني خير تعاملت معه,positive,[],متنوع,-1
29137434483783165,S25120024,300,رأيك يهمنا، فضلاً شاركنا تعليق او مقترح يساعد في تحسين التجربة,TEXT_INPUT,افضل شركة وافضل مندوب,افضل شركه وافضل مندوب,neutral,[],"افضل, افضل مندوب, مندوب, وافضل مندوب, وافضل, افضل موظف, علينا, افضل شركه, افضل الشركات, وانجاز",7
26013527769095253,S25120024,300,رأيك يهمنا، فضلاً شاركنا تعليق او مقترح يساعد في تحسين التجربة,TEXT_INPUT,افضل شركة stc الفتره الاخيره العمولات تتأخر فيها مشاكل,افضل شركه الفتره الاخيره العمولات تتاخر فيها مشاكل,neutral,[],متنوع,-1
44109334741760497,S25120024,300,رأيك يهمنا، فضلاً شاركنا تعليق او مقترح يساعد في تحسين التجربة,TEXT_INPUT,افضل خدمه مقدمه من المندوب محمد الزهراني ,افضل خدمه مقدمه المندوب محمد الزهراني,neutral,[],متنوع,-1
34764395112219815,S25120024,300,رأيك يهمنا، فضلاً شاركنا تعليق او مقترح يساعد في تحسين التجربة,TEXT_INPUT,افضل خدمة وافضل مندوب,افضل خدمه وافضل مندوب,neutral,[],"افضل, افضل خدمه, افضل المناديب, وافضل مندوب, وافضل, موظف, المناديب, افضل موظف, مندوب, افضل مندوب",20
21272401025088912,S25120024,300,رأيك يهمنا، فضلاً شاركنا تعليق او مقترح يساعد في تحسين التجربة,TEXT_INPUT,افضل تعامل من المشرف زياد وافضل خدمه منكم ,افضل تعامل المشرف زياد وافضل خدمه منكم,positive,[],متنوع,-1
41526405705672222,S25120024,300,رأيك يهمنا، فضلاً شاركنا تعليق او مقترح يساعد في تحسين التجربة,TEXT_INPUT,اطلع شريح تيشيرة يروح الفرع الموضف يرفض ينقله ع الاقامه ,اطلع شريح تيشيره يروح الفرع الموضف يرفض ينقله ع الاقامه,neutral,[],"شكرا لكم, لكم, ولكن يوجد, يوجد ملاحظه, لكم ولكن, خدمات, رائعه, مميزه, ملاحظه, خدمه مميزه",42
55853094379117777,S25120024,300,رأيك يهمنا، فضلاً شاركنا تعليق او مقترح يساعد في تحسين التجربة,TEXT_INPUT,اطلب عدد شرايح كبير ,اطلب عدد شرايح كبير,neutral,[],"شرايح, لايوجد, مره, نقص, بطيئه, قصر, متوفره, عندي, الاستحابه, اطلب",12
,S25120024,300,رأيك يهمنا، فضلاً شاركنا تعليق او مقترح يساعد في تحسين التجربة,TEXT_INPUT,اطالب بمكينه شحن ولم اتنمكن نن الحصول عليهل,اطالب بمكينه شحن ولم اتنمكن نن الحصول عليهل,neutral,[],"نقل, الرقم, ولم, الاتصال, ارجو, اطالب, نقل الملكيه, خدمه نقل, زياره, عرض",30
14554794467920567,S25120024,300,رأيك يهمنا، فضلاً شاركنا تعليق او مقترح يساعد في تحسين التجربة,TEXT_INPUT,اضافه عمولة الشحن لمقدم الخدمه للعميل أثناء الشحن من قبل العميل بكرت في وقت لاحق ,اضافه عموله الشحن لمقدم الخدمه للعميل اثناء الشحن قبل العميل بكرت في وقت لاحق,neutral,[],"الشحن, العميل, شحن, اضافه, قبل, عموله, وقت, للعميل, الخدمه, ",41
58269489958991711,S25120024,300,رأيك يهمنا، فضلاً شاركنا تعليق او مقترح يساعد في تحسين التجربة,TEXT_INPUT,اضافه عمولة الشحن لمقدم الخدمه للعميل أثناء الشحن من قبل العميل بكرت شحن في وقت لاحق ,اضافه عموله الشحن لمقدم الخدمه للعميل اثناء الشحن قبل العميل بكرت شحن في وقت لاحق,neutral,[],"الشحن, العميل, شحن, اضافه, قبل, عموله, وقت, للعميل, الخدمه, ",41
20326779834775512,S25120024,300,رأيك يهمنا، فضلاً شاركنا تعليق او مقترح يساعد في تحسين التجربة,TEXT_INPUT,اضافه عمولة الشحن لمقدم الخدمه أثناء شحن الرصيد من قبل العميل بكرت في وقت لاحق ,اضافه عموله الشحن لمقدم الخدمه اثناء شحن الرصيد قبل العميل بكرت في وقت لاحق,neutral,[],"الشحن, العميل, شحن, اضافه, قبل, عموله, وقت, للعميل, الخدمه, ",41
35873628711916850,S25120024,300,رأيك يهمنا، فضلاً شاركنا تعليق او مقترح يساعد في تحسين التجربة,TEXT_INPUT,اضافه عمولة الشحن لمقدم الخدمه أثناء شحن الرصيد من قبل العميل بكرت شحن في وقت لاحق ,اضافه عموله الشحن لمقدم الخدمه اثناء شحن الرصيد قبل العميل بكرت شحن في وقت لاحق,neutral,[],"الشحن, العميل, شحن, اضافه, قبل, عموله, وقت, للعميل, الخدمه, ",41
54641075042893542,S25120024,300,رأيك يهمنا، فضلاً شاركنا تعليق او مقترح يساعد في تحسين التجربة,TEXT_INPUT,اضافه عمولة أثناء الشحن من قبل العميل ال,اضافه عموله اثناء الشحن قبل العميل ال,neutral,[],"الشحن, العميل, شحن, اضافه, قبل, عموله, وقت, للعميل, الخدمه, ",41
46439407680061467,S25120024,300,رأيك يهمنا، فضلاً شاركنا تعليق او مقترح يساعد في تحسين التجربة,TEXT_INPUT,اشكركم واشكر المندوب راكان العتيبي على السوبه وتعالمله الراقي,اشكركم واشكر المندوب راكان العتيبي علي السوبه وتعالمله الراقي,positive,[],متنوع,-1
46361321781867104,S25120024,300,رأيك يهمنا، فضلاً شاركنا تعليق او مقترح يساعد في تحسين التجربة,TEXT_INPUT,اشكركم على حسن تعاونكم ,اشكركم علي حسن تعاونكم,positive,[],"شكرا علي, المميزه, شكرا, الخدمه, حسن, لكم, علي, الراقي, وشكرا, شكرا لكم",0
47069764453003909,S25120024,300,رأيك يهمنا، فضلاً شاركنا تعليق او مقترح يساعد في تحسين التجربة,TEXT_INPUT,اشكركم على السرعة والاستجابة والدعم المتواصل ,اشكركم علي السرعه والاستجابه والدعم المتواصل,positive,[],"والمتابعه المستمره, المستمره, المستمره نشكر, والمتابعه, الاستجابه والمتابعه, تركي علي, اشكركم علي, والتواصل, الاستجابه, نشكر",33
26201228294427730,S25120024,300,رأيك يهمنا، فضلاً شاركنا تعليق او مقترح يساعد في تحسين التجربة,TEXT_INPUT,اشكرك الاستاذ احمد الرشيدي على سرعة الانجاز والتعاون ,اشكرك الاستاذ احمد الرشيدي علي سرعه الانجاز والتعاون,positive,[],متنوع,-1
,S25120024,300,رأيك يهمنا، فضلاً شاركنا تعليق او مقترح يساعد في تحسين التجربة,TEXT_INPUT,اشكرالموظف رضا الشمري على  سرعة تجاوبه ,اشكرالموظف رضا الشمري علي سرعه تجاوبه,positive,[],"رحابه, رضا الشمري, رضا, الشمري, الشمري علي, رحابه صدره, تجاوبه, علي رحابه, يحي, للموظف رضا",52
51095495293473320,S25120024,300,رأيك يهمنا، فضلاً شاركنا تعليق او مقترح يساعد في تحسين التجربة,TEXT_INPUT,اشكر محمد الوهيبي وعبدالمجيد مشرفين منطقة الق,اشكر محمد الوهيبي وعبدالمجيد مشرفين منطقه الق,positive,[],متنوع,-1
2677153305858142,S25120024,300,رأيك يهمنا، فضلاً شاركنا تعليق او مقترح يساعد في تحسين التجربة,TEXT_INPUT,اشكر لكم حسن التعاون وشكر خاص للأستاذ فهد السليماني ,اشكر لكم حسن التعاون وشكر خاص للاستاذ فهد السليماني,positive,[],متنوع,-1
46864810043200915,S25120024,300,رأيك يهمنا، فضلاً شاركنا تعليق او مقترح يساعد في تحسين التجربة,TEXT_INPUT,اشكر سلطان على تعامله السريع وحرصه ,اشكر سلطان علي تعامله السريع وحرصه,positive,[],"تعامله, حسن تعامله, اشكر الموظف, اشكر, استجابته, الموظف رضا, علي حسن, الشمري علي, رضا الشمري, الموظف",9
14679477664227768,S25120024,300,رأيك يهمنا، فضلاً شاركنا تعليق او مقترح يساعد في تحسين التجربة,TEXT_INPUT,اشكر الموظف نايف سعد العتيبي على مجهوده الطيب و هنيئا لكم على هذا الموظف ,اشكر الموظف نايف سعد العتيبي علي مجهوده الطيب و هنيئا لكم علي هذا الموظف,positive,[],"تعامله, حسن تعامله, اشكر الموظف, اشكر, استجابته, الموظف رضا, علي حسن, الشمري علي, رضا الشمري, الموظف",9
18953066635198373,S25120024,300,رأيك يهمنا، فضلاً شاركنا تعليق او مقترح يساعد في تحسين التجربة,TEXT_INPUT,اشكر الموظف رضا الشمري على سرع سرعة الاستجابة ,اشكر الموظف رضا الشمري علي سرع سرعه الاستجابه,positive,[],متنوع,-1
36468408186829800,S25120024,300,رأيك يهمنا، فضلاً شاركنا تعليق او مقترح يساعد في تحسين التجربة,TEXT_INPUT,اشكر الموظف رضا الشمري على حسن تعامله وسرعة استجابته وفقك الله ,اشكر الموظف رضا الشمري علي حسن تعامله وسرعه استجابته وفقك الله,positive,[],"تعامله, حسن تعامله, اشكر الموظف, اشكر, استجابته, الموظف رضا, علي حسن, الشمري علي, رضا الشمري, الموظف",9
26621287214629721,S25120024,300,رأيك يهمنا، فضلاً شاركنا تعليق او مقترح يساعد في تحسين التجربة,TEXT_INPUT,اشكر الموظف رضا الشمري على حسن تعامله وسرعة استجابته,اشكر الموظف رضا الشمري علي حسن تعامله وسرعه استجابته,positive,[],"تعامله, حسن تعامله, اشكر الموظف, اشكر, استجابته, الموظف رضا, علي حسن, الشمري علي, رضا الشمري, الموظف",9
18897696689954151,S25120024,300,رأيك يهمنا، فضلاً شاركنا تعليق او مقترح يساعد في تحسين التجربة,TEXT_INPUT,اشكر الموظف رضا الشمري على حسن تعامله ورحابة صدره الرجل المناسب في المكان المناسب,اشكر الموظف رضا الشمري علي حسن تعامله ورحابه صدره الرجل المناسب في المكان المناسب,positive,[],"تعامله, حسن تعامله, اشكر الموظف, اشكر, استجابته, الموظف رضا, علي حسن, الشمري علي, رضا الشمري, الموظف",9
58280769205840403,S25120024,300,رأيك يهمنا، فضلاً شاركنا تعليق او مقترح يساعد في تحسين التجربة,TEXT_INPUT,اشكر الموظف راكان العتيبي على حسن تعامله وسرعة  الاستجابة ,اشكر الموظف راكان العتيبي علي حسن تعامله وسرعه الاستجابه,positive,[],"تعامله, حسن تعامله, اشكر الموظف, اشكر, استجابته, الموظف رضا, علي حسن, الشمري علي, رضا الشمري, الموظف",9
51193849056656202,S25120024,300,رأيك يهمنا، فضلاً شاركنا تعليق او مقترح يساعد في تحسين التجربة,TEXT_INPUT,اشكر الموظف راكان العتيبي على حسن تعامله ,اشكر الموظف راكان العتيبي علي حسن تعامله,positive,[],"تعامله, حسن تعامله, اشكر الموظف, اشكر, استجابته, الموظف رضا, علي حسن, الشمري علي, رضا الشمري, الموظف",9
19472905099190952,S25120024,300,رأيك يهمنا، فضلاً شاركنا تعليق او مقترح يساعد في تحسين التجربة,TEXT_INPUT,اشكر الموظف القدير الاخ ثابت الحزوبر  على الاخلاق العاليه والاحترافيه في اداء مهامه لكم جزيل الشكر والتقدير,اشكر الموظف القدير الاخ ثابت الحزوبر علي الاخلاق العاليه والاحترافيه في اداء مهامه لكم جزيل الشكر والتقدير,positive,[],"جزيل الشكر, جزيل, الرائع, اداء, القدير, عيد القحطاني, العاليه, واشكر, عيد, الاخلاق",80
13021343072968719,S25120024,300,رأيك يهمنا، فضلاً شاركنا تعليق او مقترح يساعد في تحسين التجربة,TEXT_INPUT,اشكر المندوب سعود القحطاني على التعامل والخدمه المميزه,اشكر المندوب سعود القحطاني علي التعامل والخدمه المميزه,positive,[],متنوع,-1
28090231170861766,S25120024,300,رأيك يهمنا، فضلاً شاركنا تعليق او مقترح يساعد في تحسين التجربة,TEXT_INPUT,اشكر المندوب رضا الشمري على حرصه وحسن تعامله ,اشكر المندوب رضا الشمري علي حرصه وحسن تعامله,positive,[],"تعامله, حسن تعامله, اشكر الموظف, اشكر, استجابته, الموظف رضا, علي حسن, الشمري علي, رضا الشمري, الموظف",9
48169276777643967,S25120024,300,رأيك يهمنا، فضلاً شاركنا تعليق او مقترح يساعد في تحسين التجربة,TEXT_INPUT,اشكر المندرب رضاء محمد الشمري على تعاونه المستمر  ,اشكر المندرب رضاء محمد الشمري علي تعاونه المستمر,positive,[],متنوع,-1
18759554926538589,S25120024,300,رأيك يهمنا، فضلاً شاركنا تعليق او مقترح يساعد في تحسين التجربة,TEXT_INPUT,اشكر الاخ مدير منطقة القصيم سلطان العهربي والاخ المشرف عبدالمجيد والاخ المشرف المسداني القدير الوهيبي,اشكر الاخ مدير منطقه القصيم سلطان العهربي والاخ المشرف عبدالمجيد والاخ المشرف المسداني القدير الوهيبي,positive,[],متنوع,-1
58360426517593725,S25120024,300,رأيك يهمنا، فضلاً شاركنا تعليق او مقترح يساعد في تحسين التجربة,TEXT_INPUT,اشكر اخوي عبد الرحمن ماشاء الله سريع في توصيل الطلب,اشكر اخوي عبد الرحمن ماشاء الله سريع في توصيل الطلب,positive,[],"الطلب, فهد, الرحمن, اشكر اخوي, اشكره, مشاء, سرعه التواصل, واللنجاز, عبد الرحمن, مشاء الله",55
31708063833552359,S25120024,300,رأيك يهمنا، فضلاً شاركنا تعليق او مقترح يساعد في تحسين التجربة,TEXT_INPUT,اشكر اخوي خالد على سرعة تجاوبة,اشكر اخوي خالد علي سرعه تجاوبه,positive,[],"علي سرعه, الاستجابه, سرعه الاستجابه, سرعه, تركي علي, نشكر, والمتابعه شكرا, الاستجابه والمتابعه, الاستجابه شكرا, والمتابعه",4
18168597130580595,S25120024,300,رأيك يهمنا، فضلاً شاركنا تعليق او مقترح يساعد في تحسين التجربة,TEXT_INPUT,اشكر احمد على حسن التعامل ,اشكر احمد علي حسن التعامل,positive,[],"شكرا علي, المميزه, شكرا, الخدمه, حسن, لكم, علي, الراقي, وشكرا, شكرا لكم",0
53343559064974653,S25120024,300,رأيك يهمنا، فضلاً شاركنا تعليق او مقترح يساعد في تحسين التجربة,TEXT_INPUT,اسعار الاشتراك غاليه مقارنه بالشركات الثانيه,اسعار الاشتراك غاليه مقارنه بالشركات الثانيه,neutral,[],متنوع,-1
,S25120024,300,رأيك يهمنا، فضلاً شاركنا تعليق او مقترح يساعد في تحسين التجربة,TEXT_INPUT,اريد زيادة الشرايح الاتصال واريد تغير المندوب,اريد زياده الشرايح الاتصال واريد تغير المندوب,neutral,[],"نقل, الرقم, ولم, الاتصال, ارجو, اطالب, نقل الملكيه, خدمه نقل, زياره, عرض",30
59440629270075776,S25120024,300,رأيك يهمنا، فضلاً شاركنا تعليق او مقترح يساعد في تحسين التجربة,TEXT_INPUT,ارجوا توفير العدد المطلوب من الشرايع ,ارجوا توفير العدد المطلوب الشرايع,neutral,[],"رقم, الرجاء, توفير, التاجر, الرجاء توفير, معي, تواصل, التواصل, الشركه, نحتاج",6
39976423567409452,S25120024,300,رأيك يهمنا، فضلاً شاركنا تعليق او مقترح يساعد في تحسين التجربة,TEXT_INPUT,ارجو اضافات عرض عمولات الستين في المئةوايضا نقل ملكية من الرقم الحدود إلى الاقامة,ارجو اضافات عرض عمولات الستين في المئهوايضا نقل ملكيه الرقم الحدود الي الاقامه,neutral,[],"نقل, الرقم, ولم, الاتصال, ارجو, اطالب, نقل الملكيه, خدمه نقل, زياره, عرض",30
17300410466867901,S25120024,300,رأيك يهمنا، فضلاً شاركنا تعليق او مقترح يساعد في تحسين التجربة,TEXT_INPUT,ادارة ومناديب كلهم محترمين,اداره ومناديب كلهم محترمين,positive,[],"وسريع, محترم, ومتعاون, ويستحق, موظف مثالي, والمندوب, مثالي, ومحترم, متعاون, ممتاز",2
12651352737139366,S25120024,300,رأيك يهمنا، فضلاً شاركنا تعليق او مقترح يساعد في تحسين التجربة,TEXT_INPUT,احسن موظف,احسن موظف,positive,[],"افضل, افضل خدمه, افضل المناديب, وافضل مندوب, وافضل, موظف, المناديب, افضل موظف, مندوب, افضل مندوب",20
20289566255085234,S25120024,300,رأيك يهمنا، فضلاً شاركنا تعليق او مقترح يساعد في تحسين التجربة,TEXT_INPUT,احتكار شركة قنوات وعدم وجود منافس لها سبب رئيس في تباطوء عملية الاستجابه مع مشاكل التجار ,احتكار شركه قنوات وعدم وجود منافس لها سبب رئيس في تباطوء عمليه الاستجابه مع مشاكل التجار,negative,[],"تم, وعدم, ولا, قنوات, بشكل, بسبب, الاتصالات, الشركات, ان, وهذا",3
28803233452072709,S25120024,300,رأيك يهمنا، فضلاً شاركنا تعليق او مقترح يساعد في تحسين التجربة,TEXT_INPUT,احب ان اوجه شكري وتقديري للموظف خالد المطيري في محافظة المجمعة ، فهو خير مثال للتعاون والخدمة السريعة تعاملنا سويا اكثر من اربع سنوات اوجه له شكري الجزيل ,احب ان اوجه شكري وتقديري للموظف خالد المطيري في محافظه المجمعه ، فهو خير مثال للتعاون والخدمه السريعه تعاملنا سويا اكثر اربع سنوات اوجه له شكري الجزيل,positive,[],متنوع,-1
14813252648525888,S25120024,300,رأيك يهمنا، فضلاً شاركنا تعليق او مقترح يساعد في تحسين التجربة,TEXT_INPUT,اتمنى فيه الالتزام بالمسابقه وتسليم الجايئه فور اتتهاء المسابقه واعلان الفايز لانه في تعب شديد حصلنا في المسابقه على المنطقه الجنوبيه والى الان تهاون في الموضوع ولم يتم الاعلان,اتمني فيه الالتزام بالمسابقه وتسليم الجايئه فور اتتهاء المسابقه واعلان الفايز لانه في تعب شديد حصلنا في المسابقه علي المنطقه الجنوبيه والي الان تهاون في الموضوع ولم يتم الاعلان,negative,[],"تم, وعدم, ولا, قنوات, بشكل, بسبب, الاتصالات, الشركات, ان, وهذا",3
25587488912189480,S25120024,300,رأيك يهمنا، فضلاً شاركنا تعليق او مقترح يساعد في تحسين التجربة,TEXT_INPUT,اتمنى في تكون معامله خاصه ومميزات للعملاء الاكثر مبيعا مثل خدمات ترفر المفوترر ومثلا خاصيه نقل المشغل  اتمنى تنظاف ,اتمني في تكون معامله خاصه ومميزات للعملاء الاكثر مبيعا مثل خدمات ترفر المفوترر ومثلا خاصيه نقل المشغل اتمني تنظاف,positive,[],متنوع,-1
29997421486462262,S25120024,300,رأيك يهمنا، فضلاً شاركنا تعليق او مقترح يساعد في تحسين التجربة,TEXT_INPUT,اتمنى صرف أجهزة تفعيل او تاب بسعر رمزي. او تنزيل البرنامج ع الآيفون ,اتمني صرف اجهزه تفعيل او تاب بسعر رمزي او تنزيل البرنامج ع الايفون,neutral,[],"او, تفعيل, تنزيل, تم تفعيل, سعر, جديده, ولم تنزل, تنزل, صرف, تكون",45
14227208220605752,S25120024,300,رأيك يهمنا، فضلاً شاركنا تعليق او مقترح يساعد في تحسين التجربة,TEXT_INPUT,اتمنى تنزيل في نظام كويك بلس بعض الجنسيات الي ماهي متواجده مثل حصر ح وحصر ب  وحصر د في عملاء كثير راحو علينا ,اتمني تنزيل في نظام كويك بلس بعض الجنسيات الي ماهي متواجده مثل حصر ح وحصر ب وحصر د في عملاء كثير راحو علينا,neutral,[],"كويك بلس, بلس, كويك, تطبيق, الشرايح, عدم, مثل, وقت, كثير, التجار",1
47059987067623663,S25120024,300,رأيك يهمنا، فضلاً شاركنا تعليق او مقترح يساعد في تحسين التجربة,TEXT_INPUT,اتعامل مع الاخ محمد يشهد الله رجل راقي ولا يتأخر في خدمتنا حتى خارج اوقات الدوام ,اتعامل مع الاخ محمد يشهد الله رجل راقي ولا يتاخر في خدمتنا حتي خارج اوقات الدوام,positive,[],"شيء, علي طول, طول, طيب, ومحترم, معي, جدا تعامل, طول افضل, الاخ محمد, تركي مندوب",28
36298908964307076,S25120024,300,رأيك يهمنا، فضلاً شاركنا تعليق او مقترح يساعد في تحسين التجربة,TEXT_INPUT,ابونايف الله يسعده متجاوب سريع,ابونايف الله يسعده متجاوب سريع,positive,[],"الله يسعده, يسعده, ابو, الله, الله يعطيه, سبب, الاخ محمد, معكم, وهو, وشكرا لكم",17
28608850611690126,S25120024,300,رأيك يهمنا، فضلاً شاركنا تعليق او مقترح يساعد في تحسين التجربة,TEXT_INPUT,ابو نايف تعامله ممتاز وسريع الاستجابه,ابو نايف تعامله ممتاز وسريع الاستجابه,positive,[],"وسريع, محترم, ومتعاون, ويستحق, موظف مثالي, والمندوب, مثالي, ومحترم, متعاون, ممتاز",2
52487306906907894,S25120024,300,رأيك يهمنا، فضلاً شاركنا تعليق او مقترح يساعد في تحسين التجربة,TEXT_INPUT,ابو عبدالله الجاسر ونعم الرجل ,ابو عبدالله الجاسر ونعم الرجل,positive,[],"بيض, الله, ونعم, والله, يسعده, الله يعطيه, ونعم الرجل, الجاسر, الرجل, الاخلاق",25
24824742055555272,S25120024,300,رأيك يهمنا، فضلاً شاركنا تعليق او مقترح يساعد في تحسين التجربة,TEXT_INPUT,اا,اا,negative,[],"10, 60, , , , , , , , ",36
50406990421056465,S25120024,300,رأيك يهمنا، فضلاً شاركنا تعليق او مقترح يساعد في تحسين التجربة,TEXT_INPUT,ا,ا,neutral,[],"10, 60, , , , , , , , ",36
13621134810198745,S25120024,300,رأيك يهمنا، فضلاً شاركنا تعليق او مقترح يساعد في تحسين التجربة,TEXT_INPUT,أن يتم أخذ التقييم بعين الإعتبار,ان يتم اخذ التقييم بعين الاعتبار,neutral,[],"رقم, الرجاء, توفير, التاجر, الرجاء توفير, معي, تواصل, التواصل, الشركه, نحتاج",6
25597033819229485,S25120024,300,رأيك يهمنا، فضلاً شاركنا تعليق او مقترح يساعد في تحسين التجربة,TEXT_INPUT,ألف شكر ,الف شكر,positive,[],متنوع,-1
47466340370825895,S25120024,300,رأيك يهمنا، فضلاً شاركنا تعليق او مقترح يساعد في تحسين التجربة,TEXT_INPUT,إعادة العمولة كما كانت سابقًا 60٪ا ,اعاده العموله كما كانت سابقًا 60٪ا,negative,[],"كما, اعاده, العموله, 60, , , , , , ",65
41949370006371867,S25120024,300,رأيك يهمنا، فضلاً شاركنا تعليق او مقترح يساعد في تحسين التجربة,TEXT_INPUT,إعادة العمولة كما كانت سابقًا ,اعاده العموله كما كانت سابقًا,negative,[],"كما, اعاده, العموله, 60, , , , , , ",65
54081262884753862,S25120024,300,رأيك يهمنا، فضلاً شاركنا تعليق او مقترح يساعد في تحسين التجربة,TEXT_INPUT,إضافة خدمة التفعيل الذاتي ,اضافه خدمه التفعيل الذاتي,neutral,[],"رقم, الرجاء, توفير, التاجر, الرجاء توفير, معي, تواصل, التواصل, الشركه, نحتاج",6
49127511587281774,S25120024,300,رأيك يهمنا، فضلاً شاركنا تعليق او مقترح يساعد في تحسين التجربة,TEXT_INPUT,أشكرك المندوب فالح,اشكرك المندوب فالح,positive,[],"اشكرك, نشكر المندوب, الغامدي, المندوب, نشكر, شكرا, , , , ",69
44610351085097064,S25120024,300,رأيك يهمنا، فضلاً شاركنا تعليق او مقترح يساعد في تحسين التجربة,TEXT_INPUT,أشكر عبدالكريم العبدلي على سرعت التجاوب,اشكر عبدالكريم العبدلي علي سرعت التجاوب,positive,[],"علي سرعه, الاستجابه, سرعه الاستجابه, سرعه, تركي علي, نشكر, والمتابعه شكرا, الاستجابه والمتابعه, الاستجابه شكرا, والمتابعه",4
18967963806389972,S25120024,300,رأيك يهمنا، فضلاً شاركنا تعليق او مقترح يساعد في تحسين التجربة,TEXT_INPUT,أشكر الموظف على إجتهاده وتفاعله وسرعة استجابته للتجار شكرا للموظف يحي الرشيدي,اشكر الموظف علي اجتهاده وتفاعله وسرعه استجابته للتجار شكرا للموظف يحي الرشيدي,positive,[],"رحابه, رضا الشمري, رضا, الشمري, الشمري علي, رحابه صدره, تجاوبه, علي رحابه, يحي, للموظف رضا",52
58249236719574981,S25120024,300,رأيك يهمنا، فضلاً شاركنا تعليق او مقترح يساعد في تحسين التجربة,TEXT_INPUT,‏أحتاج توفير رقم خدمة,احتاج توفير رقم خدمه,neutral,[],"رقم, الرجاء, توفير, التاجر, الرجاء توفير, معي, تواصل, التواصل, الشركه, نحتاج",6
18878477628117629,S25120024,300,رأيك يهمنا، فضلاً شاركنا تعليق او مقترح يساعد في تحسين التجربة,TEXT_INPUT,We are need more stc sim ,,neutral,[],غير محدد,-1
60604593205920719,S25120024,300,رأيك يهمنا، فضلاً شاركنا تعليق او مقترح يساعد في تحسين التجربة,TEXT_INPUT,kindly provide us the sim cards on time. wr don't have any stc sim cards from last 4 days. although sending order we don't received any sim cards. kindly send the sim cards as soon as possible.  thanks,4,neutral,[],", , , , , , , , , ",16
29141694015234312,S25120024,300,رأيك يهمنا، فضلاً شاركنا تعليق او مقترح يساعد في تحسين التجربة,TEXT_INPUT,Good cop-rate ,-,neutral,[],"شك, سيئه, عرض, جيده, جميل, جيد, لايوجد, افضل, شكرا, ",10
52470104451070460,S25120024,300,رأيك يهمنا، فضلاً شاركنا تعليق او مقترح يساعد في تحسين التجربة,TEXT_INPUT,60% ,60,neutral,[],"10, 60, , , , , , , , ",36
56178650382080593,S25120024,300,رأيك يهمنا، فضلاً شاركنا تعليق او مقترح يساعد في تحسين التجربة,TEXT_INPUT,548482091,548482091,neutral,[],متنوع,-1
24702719237249407,S25120024,300,رأيك يهمنا، فضلاً شاركنا تعليق او مقترح يساعد في تحسين التجربة,TEXT_INPUT,100/100,100100,neutral,[],متنوع,-1
21416784688371002,S25120024,300,رأيك يهمنا، فضلاً شاركنا تعليق او مقترح يساعد في تحسين التجربة,TEXT_INPUT,10,10,neutral,[],"10, 60, , , , , , , , ",36
56024324707810910,S25120024,300,رأيك يهمنا، فضلاً شاركنا تعليق او مقترح يساعد في تحسين التجربة,TEXT_INPUT,1,1,neutral,[],", , , , , , , , , ",22
60957770372829129,S25120024,300,رأيك يهمنا، فضلاً شاركنا تعليق او مقترح يساعد في تحسين التجربة,TEXT_INPUT,0548482091,0548482091,neutral,[],متنوع,-1
32414306652907580,S25120024,300,رأيك يهمنا، فضلاً شاركنا تعليق او مقترح يساعد في تحسين التجربة,TEXT_INPUT,. حوافز لشركاء النجاح معكم,حوافز لشركاء النجاح معكم,positive,[],متنوع,-1
15387395028035052,S25120024,300,رأيك يهمنا، فضلاً شاركنا تعليق او مقترح يساعد في تحسين التجربة,TEXT_INPUT,",من افضل",افضل,positive,[],"شك, سيئه, عرض, جيده, جميل, جيد, لايوجد, افضل, شكرا, ",10
4866463364696428,S25120024,300,رأيك يهمنا، فضلاً شاركنا تعليق او مقترح يساعد في تحسين التجربة,TEXT_INPUT, خط ساخن للدعم الفني ,خط ساخن للدعم الفني,neutral,[],متنوع,-1
14679313066594349,S25120024,300,رأيك يهمنا، فضلاً شاركنا تعليق او مقترح يساعد في تحسين التجربة,TEXT_INPUT, توقفات متكرره في اليوزر  عند استخراج  شريحة ,توقفات متكرره في اليوزر عند استخراج شريحه,neutral,[],"كويك بلس, بلس, كويك, تطبيق, الشرايح, عدم, مثل, وقت, كثير, التجار",1
4347518170981476,S25120024,300,رأيك يهمنا، فضلاً شاركنا تعليق او مقترح يساعد في تحسين التجربة,TEXT_INPUT, امل اعادة النظر لمندوب المبيعات لعدم التجاوب معانا في طلبات الشرايح وعدم اخبارنا عن وجود مسابقات ,امل اعاده النظر لمندوب المبيعات لعدم التجاوب معانا في طلبات الشرايح وعدم اخبارنا عن وجود مسابقات,negative,[],"كويك بلس, بلس, كويك, تطبيق, الشرايح, عدم, مثل, وقت, كثير, التجار",1
49285193873175575,S25120024,300,رأيك يهمنا، فضلاً شاركنا تعليق او مقترح يساعد في تحسين التجربة,TEXT_INPUT, المندوب جداا مميز وسرعه بالانجاز,المندوب جداا مميز وسرعه بالانجاز,positive,[],"محترم, وسريع, رجل محترم, الممتاز, محترم وسريع, وخلوق, وسرعه بالانجاز, والاخلاق, البيع, واخلاقه",29
12646372910569941,S25120024,300,رأيك يهمنا، فضلاً شاركنا تعليق او مقترح يساعد في تحسين التجربة,TEXT_INPUT, الاكترونيه إضافة الشرائح ,الاكترونيه اضافه الشرائح,neutral,[],"توفر, الشرائح, توفر الشرايح, عدم توفر, تاخير, اضافه, كثرت, الشرايح, تسليم الشرائح, صرف",11
12646372910569941,S25120024,300,رأيك يهمنا، فضلاً شاركنا تعليق او مقترح يساعد في تحسين التجربة,TEXT_INPUT, إضافة الشرائح ا,اضافه الشرائح ا,neutral,[],"توفر, الشرائح, توفر الشرايح, عدم توفر, تاخير, اضافه, كثرت, الشرايح, تسليم الشرائح, صرف",11
46841941133838673,S25120024,300,رأيك يهمنا، فضلاً شاركنا تعليق او مقترح يساعد في تحسين التجربة,TEXT_INPUT, %60 إعادة العمولة كما كانت سابقًا ,60 اعاده العموله كما كانت سابقًا,neutral,[],"كما, اعاده, العموله, 60, , , , , , ",65
=27443696380455939,S25120024,300,رأيك يهمنا، فضلاً شاركنا تعليق او مقترح يساعد في تحسين التجربة,TEXT_INPUT,الله يجزا الموظف رضا الشمري علئ رحابه صدره واهتمامه الدائم ,الله يجزا الموظف رضا الشمري علئ رحابه صدره واهتمامه الدائم,positive,[],"رحابه, رضا الشمري, رضا, الشمري, الشمري علي, رحابه صدره, تجاوبه, علي رحابه, يحي, للموظف رضا",52
=40102443797032378,S25120024,300,رأيك يهمنا، فضلاً شاركنا تعليق او مقترح يساعد في تحسين التجربة,TEXT_INPUT,شكرا للمندوب رضاء على اهتمامه وتعاونه,شكرا للمندوب رضاء علي اهتمامه وتعاونه,positive,[],متنوع,-1
=40018274160862204,S25120024,300,رأيك يهمنا، فضلاً شاركنا تعليق او مقترح يساعد في تحسين التجربة,TEXT_INPUT,شكرًا للأح تركي على أخلاقه العالية وتجاوبه السريع وخدمته لنا بشكل رائع وسريع ومُميّز,شكرًا للاح تركي علي اخلاقه العاليه وتجاوبه السريع وخدمته لنا بشكل رائع وسريع ومُميّز,positive,[],متنوع,-1
=39774016948144881,S25120024,300,رأيك يهمنا، فضلاً شاركنا تعليق او مقترح يساعد في تحسين التجربة,TEXT_INPUT,اشكر الموظف تركي عبدالله المعاوي لحسن تعامله وسرعة تنفيذ الطلب ,اشكر الموظف تركي عبدالله المعاوي لحسن تعامله وسرعه تنفيذ الطلب,positive,[],"تعامله, حسن تعامله, اشكر الموظف, اشكر, استجابته, الموظف رضا, علي حسن, الشمري علي, رضا الشمري, الموظف",9
=27548005819842234,S25120024,300,رأيك يهمنا، فضلاً شاركنا تعليق او مقترح يساعد في تحسين التجربة,TEXT_INPUT,كل الشكر والثناء للاستاذ تركي عبدالله على حسن التعامل والرد في جميع الاوراق ,كل الشكر والثناء للاستاذ تركي عبدالله علي حسن التعامل والرد في جميع الاوراق,positive,[],متنوع,-1
=27548801852580191,S25120024,300,رأيك يهمنا، فضلاً شاركنا تعليق او مقترح يساعد في تحسين التجربة,TEXT_INPUT,الله يبيض وجه والله يسعده دنيا واخره والله مايقصر في شي ,الله يبيض وجه والله يسعده دنيا واخره والله مايقصر في شي,positive,[],"بيض, الله, ونعم, والله, يسعده, الله يعطيه, ونعم الرجل, الجاسر, الرجل, الاخلاق",25
=40018083210577218,S25120024,300,رأيك يهمنا، فضلاً شاركنا تعليق او مقترح يساعد في تحسين التجربة,TEXT_INPUT,نشكر الأستاذ تركي المعاوي على حسن تعامله وتعاونه معنا في كل ما نحتاجه ,نشكر الاستاذ تركي المعاوي علي حسن تعامله وتعاونه معنا في كل ما نحتاجه,positive,[],"تعامله, حسن تعامله, اشكر الموظف, اشكر, استجابته, الموظف رضا, علي حسن, الشمري علي, رضا الشمري, الموظف",9
=40018083210577218,S25120024,300,رأيك يهمنا، فضلاً شاركنا تعليق او مقترح يساعد في تحسين التجربة,TEXT_INPUT,نشكر الاستاذ تركي عبدالله المعاوي على تعاونه معنا ,نشكر الاستاذ تركي عبدالله المعاوي علي تعاونه معنا,positive,[],متنوع,-1
=40189371179631549,S25120024,300,رأيك يهمنا، فضلاً شاركنا تعليق او مقترح يساعد في تحسين التجربة,TEXT_INPUT,شكراً على البشاشة والاهتمام والتعليم والمتابعة الله يعطيك العافية,شكراً علي البشاشه والاهتمام والتعليم والمتابعه الله يعطيك العافيه,positive,[],"المستمره, المتابعه المستمره, الشكر موصول, علي المتابعه, المتابعه, موصول, للاخ تركي, المستمره الشكر, للاخ, موصول للاخ",26
=40193676996853037,S25120024,300,رأيك يهمنا، فضلاً شاركنا تعليق او مقترح يساعد في تحسين التجربة,TEXT_INPUT,نامل منكم خفض اسعار البيانات ,نامل منكم خفض اسعار البيانات,negative,[],متنوع,-1
=27418280367598806,S25120024,300,رأيك يهمنا، فضلاً شاركنا تعليق او مقترح يساعد في تحسين التجربة,TEXT_INPUT,شخص كريم وذو خلق رفيع,شخص كريم وذو خلق رفيع,positive,[],"وسريع, محترم, ومتعاون, ويستحق, موظف مثالي, والمندوب, مثالي, ومحترم, متعاون, ممتاز",2
=27601040785965828,S25120024,300,رأيك يهمنا، فضلاً شاركنا تعليق او مقترح يساعد في تحسين التجربة,TEXT_INPUT,الف الف شكر للأستاذ تركي على حسن الخلق,الف الف شكر للاستاذ تركي علي حسن الخلق,positive,[],متنوع,-1
