ExternalID,SurveyNumber,QuestionID,Questions,QuestionType,Answer,Answer_normalized,sentiment,entities,topic_label,topic_id
,S25120024,296,"بشكل عام، ما مدى رضاك عن خدماتنا؟",EMOJIS,1,1,neutral,"[{'text': '1', 'label': 'وقت', 'score': 0.4154953956604004, 'start': 0, 'end': 1}]",", , , , , , , , , ",23
29614249387192449,S25120024,296,"بشكل عام، ما مدى رضاك عن خدماتنا؟",EMOJIS,2,2,neutral,"[{'text': '2', 'label': 'وقت', 'score': 0.45389431715011597, 'start': 0, 'end': 1}]",", , , , , , , , , ",23
48164499414409065,S25120024,296,"بشكل عام، ما مدى رضاك عن خدماتنا؟",EMOJIS,3,3,neutral,"[{'text': '3', 'label': 'وقت', 'score': 0.45416393876075745, 'start': 0, 'end': 1}]","10, , , , , , , , , ",12
14679313066594349,S25120024,296,"بشكل عام، ما مدى رضاك عن خدماتنا؟",EMOJIS,4,4,neutral,"[{'text': '4', 'label': 'وقت', 'score': 0.47957512736320496, 'start': 0, 'end': 1}]","10, , , , , , , , , ",12
58260897809422701,S25120024,296,"بشكل عام، ما مدى رضاك عن خدماتنا؟",EMOJIS,5,5,neutral,"[{'text': '5', 'label': 'وقت', 'score': 0.4874562919139862, 'start': 0, 'end': 1}]","10, , , , , , , , , ",12
44710991658674595,S25120024,297,ما مدى رضاك عن أداء مندوب المبيعات الذي قام بخدمتك؟,EMOJIS,1,1,neutral,"[{'text': '1', 'label': 'وقت', 'score': 0.4154953956604004, 'start': 0, 'end': 1}]",", , , , , , , , , ",23
43769892783859097,S25120024,297,ما مدى رضاك عن أداء مندوب المبيعات الذي قام بخدمتك؟,EMOJIS,2,2,neutral,"[{'text': '2', 'label': 'وقت', 'score': 0.45389431715011597, 'start': 0, 'end': 1}]",", , , , , , , , , ",23
2061902787314123,S25120024,297,ما مدى رضاك عن أداء مندوب المبيعات الذي قام بخدمتك؟,EMOJIS,3-Acceptable/مقبول,3-مقبول,neutral,"[{'text': '3-مقبول', 'label': 'شخص', 'score': 0.49929314851760864, 'start': 0, 'end': 7}]","تعمل ممتاز, راقي جدا, مقبول, ممتاز, تعمل, جيد, راقي, الموظف, موظف, جدا",29
57578038032338429,S25120024,297,ما مدى رضاك عن أداء مندوب المبيعات الذي قام بخدمتك؟,EMOJIS,4,4,neutral,"[{'text': '4', 'label': 'وقت', 'score': 0.47957512736320496, 'start': 0, 'end': 1}]","10, , , , , , , , , ",12
54188713562213306,S25120024,297,ما مدى رضاك عن أداء مندوب المبيعات الذي قام بخدمتك؟,EMOJIS,5,5,neutral,"[{'text': '5', 'label': 'وقت', 'score': 0.4874562919139862, 'start': 0, 'end': 1}]","10, , , , , , , , , ",12
20578119168627418,S25120024,298,ما مدى رضاك عن سرعة ودقة تنفيذ طلبك في الوقت المحدد؟,EMOJIS,1,1,neutral,"[{'text': '1', 'label': 'وقت', 'score': 0.4154953956604004, 'start': 0, 'end': 1}]",", , , , , , , , , ",23
,S25120024,298,ما مدى رضاك عن سرعة ودقة تنفيذ طلبك في الوقت المحدد؟,EMOJIS,2,2,neutral,"[{'text': '2', 'label': 'وقت', 'score': 0.45389431715011597, 'start': 0, 'end': 1}]",", , , , , , , , , ",23
32088748682648188,S25120024,298,ما مدى رضاك عن سرعة ودقة تنفيذ طلبك في الوقت المحدد؟,EMOJIS,3,3,neutral,"[{'text': '3', 'label': 'وقت', 'score': 0.45416393876075745, 'start': 0, 'end': 1}]","10, , , , , , , , , ",12
57578038032338429,S25120024,298,ما مدى رضاك عن سرعة ودقة تنفيذ طلبك في الوقت المحدد؟,EMOJIS,4,4,neutral,"[{'text': '4', 'label': 'وقت', 'score': 0.47957512736320496, 'start': 0, 'end': 1}]","10, , , , , , , , , ",12
14443230733048737,S25120024,298,ما مدى رضاك عن سرعة ودقة تنفيذ طلبك في الوقت المحدد؟,EMOJIS,5,5,neutral,"[{'text': '5', 'label': 'وقت', 'score': 0.4874562919139862, 'start': 0, 'end': 1}]","10, , , , , , , , , ",12
19039455404477539,S25120024,299,ما مدى احتمالية أن توصي بشركة قنوات كمورد لزميل أو شريك تجاري؟,MULTIPLE_CHOICE,,,neutral,[],غير محدد,-1
32430502547732697,S25120024,300,"رأيك يهمنا، فضلاً شاركنا تعليق او مقترح يساعد في تحسين التجربة",TEXT_INPUT,يوجد بعض التاخير من المندوب في تسليم الشرائح كما يوجد صعوبه في التواصل هذى الملاحظه بخصخصوص فرع الصفاء رقم التاجر  خر رقمين ٧٢,يوجد بعض التاخير المندوب في تسليم الشرائح كما يوجد صعوبه في التواصل هذي الملاحظه بخصخصوص فرع الصفاء رقم التاجر خر رقمين ٧٢,negative,"[{'text': 'التاخير', 'label': 'حدث', 'score': 0.5192490220069885, 'start': 9, 'end': 16}, {'text': 'المندوب', 'label': 'شخص', 'score': 0.7001733183860779, 'start': 17, 'end': 24}, {'text': 'الشرائح', 'label': 'منتج', 'score': 0.721682608127594, 'start': 34, 'end': 41}, {'text': 'التواصل', 'label': 'حدث', 'score': 0.3762628138065338, 'start': 60, 'end': 67}, {'text': 'فرع الصفاء', 'label': 'منظمة', 'score': 0.7145782113075256, 'start': 89, 'end': 99}, {'text': 'التاجر', 'label': 'شخص', 'score': 0.7095013856887817, 'start': 104, 'end': 110}]",متنوع,-1
50383743425360150,S25120024,300,"رأيك يهمنا، فضلاً شاركنا تعليق او مقترح يساعد في تحسين التجربة",TEXT_INPUT,يوجد اتفاقية تركيب لوحة ولم استلم المبالغ,يوجد اتفاقيه تركيب لوحه ولم استلم المبالغ,neutral,"[{'text': 'اتفاقيه', 'label': 'حدث', 'score': 0.3922443389892578, 'start': 5, 'end': 12}, {'text': 'لوحه', 'label': 'منتج', 'score': 0.5640894174575806, 'start': 19, 'end': 23}, {'text': 'استلم', 'label': 'شخص', 'score': 0.34125950932502747, 'start': 28, 'end': 33}, {'text': 'المبالغ', 'label': 'حدث', 'score': 0.425905704498291, 'start': 34, 'end': 41}]","ولم, شرائح, نقل, الفرع, الرقم, اطلب, لي, اكثر, او, عرض",1
28440410924405915,S25120024,300,"رأيك يهمنا، فضلاً شاركنا تعليق او مقترح يساعد في تحسين التجربة",TEXT_INPUT,يفضل اظافة خاصية esim نظرا لكثرة السؤال عليها وشكرا,يفضل اظافه خاصيه نظرا لكثره السؤال عليها وشكرا,neutral,"[{'text': 'يفضل', 'label': 'شخص', 'score': 0.35644227266311646, 'start': 0, 'end': 4}, {'text': 'خاصيه', 'label': 'منتج', 'score': 0.5853935480117798, 'start': 11, 'end': 16}, {'text': 'السؤال', 'label': 'شخص', 'score': 0.4509216845035553, 'start': 28, 'end': 34}]",متنوع,-1
53065367723418554,S25120024,300,"رأيك يهمنا، فضلاً شاركنا تعليق او مقترح يساعد في تحسين التجربة",TEXT_INPUT,يعطيه العافيه الموظف سريع بالانجاز شكراااا,يعطيه العافيه الموظف سريع بالانجاز شكراااا,positive,"[{'text': 'الموظف', 'label': 'شخص', 'score': 0.881566047668457, 'start': 14, 'end': 20}, {'text': 'شكراااا', 'label': 'شخص', 'score': 0.31151238083839417, 'start': 35, 'end': 42}]",متنوع,-1
50333109973859891,S25120024,300,"رأيك يهمنا، فضلاً شاركنا تعليق او مقترح يساعد في تحسين التجربة",TEXT_INPUT,يعطيكم العافيه على سرعة الاستجابه,يعطيكم العافيه علي سرعه الاستجابه,positive,"[{'text': 'يعطيكم العافيه', 'label': 'شخص', 'score': 0.4069773554801941, 'start': 0, 'end': 14}, {'text': 'سرعه الاستجابه', 'label': 'حدث', 'score': 0.48569852113723755, 'start': 19, 'end': 33}]","سرعه الاستجابه, علي سرعه, الاستجابه والمتابعه, تركي علي, الاستجابه, سرعه, والمتابعه, نشكر, تركي, والمتابعه المستمره",8
19755897620831819,S25120024,300,"رأيك يهمنا، فضلاً شاركنا تعليق او مقترح يساعد في تحسين التجربة",TEXT_INPUT,يعطيك الف الف عافيه,يعطيك الف الف عافيه,positive,"[{'text': 'يعطيك', 'label': 'شخص', 'score': 0.30819642543792725, 'start': 0, 'end': 5}, {'text': 'عافيه', 'label': 'حدث', 'score': 0.4285546839237213, 'start': 14, 'end': 19}]","الف, الف الف, الف شكرا, يعطيك, يعطيك العافيه, العافيه, الله يعطيك, الف شكر, الله, اخ",3
48852333289812141,S25120024,300,"رأيك يهمنا، فضلاً شاركنا تعليق او مقترح يساعد في تحسين التجربة",TEXT_INPUT,يعطيك العافيه الاخ تركي,يعطيك العافيه الاخ تركي,positive,"[{'text': 'الاخ تركي', 'label': 'شخص', 'score': 0.7201244235038757, 'start': 14, 'end': 23}]","يعطيك العافيه, يعطيك, العافيه, شكر للاستاذ, الاخ تركي, تركي الف, الاخ, للاستاذ تركي, ناصر, للاستاذ",45
49204346235323202,S25120024,300,"رأيك يهمنا، فضلاً شاركنا تعليق او مقترح يساعد في تحسين التجربة",TEXT_INPUT,يعطيك العافيه,يعطيك العافيه,positive,"[{'text': 'يعطيك العافيه', 'label': 'شخص', 'score': 0.4466497600078583, 'start': 0, 'end': 13}]","الف, الف الف, الف شكرا, يعطيك, يعطيك العافيه, العافيه, الله يعطيك, الف شكر, الله, اخ",3
20356979723716562,S25120024,300,"رأيك يهمنا، فضلاً شاركنا تعليق او مقترح يساعد في تحسين التجربة",TEXT_INPUT,يعطيك العافية يابو ناصر ,يعطيك العافيه يابو ناصر,positive,"[{'text': 'يابو ناصر', 'label': 'شخص', 'score': 0.7886539101600647, 'start': 14, 'end': 23}]","يعطيك العافيه, يعطيك, العافيه, شكر للاستاذ, الاخ تركي, تركي الف, الاخ, للاستاذ تركي, ناصر, للاستاذ",45
52927157933182483,S25120024,300,"رأيك يهمنا، فضلاً شاركنا تعليق او مقترح يساعد في تحسين التجربة",TEXT_INPUT,يستاهل اعلى درجات التقييم الأستاذ تركي خير من يمثل شركة stc اسأل الله له التوفيق والسداد ,يستاهل اعلي درجات التقييم الاستاذ تركي خير يمثل شركه اسال الله له التوفيق والسداد,positive,"[{'text': 'الاستاذ تركي خير', 'label': 'شخص', 'score': 0.8646528124809265, 'start': 26, 'end': 42}, {'text': 'شركه', 'label': 'منظمة', 'score': 0.6557719111442566, 'start': 48, 'end': 52}, {'text': 'الله', 'label': 'منظمة', 'score': 0.3895121216773987, 'start': 58, 'end': 62}, {'text': 'التوفيق والسداد', 'label': 'حدث', 'score': 0.34193482995033264, 'start': 66, 'end': 81}]","الاستاذ, اشكره, التوفيق, جدا التعامل, يستاهل اعلي, يمثل, وانجاز, قصر, التقييم, اعلي",22
58628333493793570,S25120024,300,"رأيك يهمنا، فضلاً شاركنا تعليق او مقترح يساعد في تحسين التجربة",TEXT_INPUT,ياليت انتمكم تشوفوم حل البصمة اةوجھ ان بع,ياليت انتمكم تشوفوم حل البصمه اهوجھ ان بع,negative,"[{'text': 'انتمكم', 'label': 'شخص', 'score': 0.5127846598625183, 'start': 6, 'end': 12}, {'text': 'حل البصمه', 'label': 'منتج', 'score': 0.5519770383834839, 'start': 20, 'end': 29}, {'text': 'اهوجھ', 'label': 'شخص', 'score': 0.529674232006073, 'start': 30, 'end': 35}, {'text': 'بع', 'label': 'شخص', 'score': 0.3306688964366913, 'start': 39, 'end': 41}]","للشرائح, عموله, اول, سعر, لكي, البصمه, فقط, البيع, صرف, للعميل",27
56714507466625945,S25120024,300,"رأيك يهمنا، فضلاً شاركنا تعليق او مقترح يساعد في تحسين التجربة",TEXT_INPUT,ونعم الرجل ,ونعم الرجل,positive,"[{'text': 'الرجل', 'label': 'شخص', 'score': 0.7493193745613098, 'start': 5, 'end': 10}]","ونعم الرجل, الرجل, عبدالكريم, مثالي, ونعم, مندوب, , , , ",88
48008130506838072,S25120024,300,"رأيك يهمنا، فضلاً شاركنا تعليق او مقترح يساعد في تحسين التجربة",TEXT_INPUT,ونعم استاذ تركي ,ونعم استاذ تركي,positive,"[{'text': 'ونعم', 'label': 'شخص', 'score': 0.34079352021217346, 'start': 0, 'end': 4}, {'text': 'استاذ تركي', 'label': 'شخص', 'score': 0.6896059513092041, 'start': 5, 'end': 15}]","استاذ, تركي شكرا, شكرا للاخ, عبدالرحمن شكرا, شكرا عبدالرحمن, منصور, عبدالرحمن, شكرا, شكرا منصور, منصور شكرا",7
13383838505541255,S25120024,300,"رأيك يهمنا، فضلاً شاركنا تعليق او مقترح يساعد في تحسين التجربة",TEXT_INPUT,ولا نزال بتعب مستمر مع المندوب ناصر الشمري بسبب الشرايح والعذر عدم وجود شرايح في المستودعات ,ولا نزال بتعب مستمر مع المندوب ناصر الشمري بسبب الشرايح والعذر عدم وجود شرايح في المستودعات,negative,"[{'text': 'المندوب', 'label': 'شخص', 'score': 0.3701578676700592, 'start': 23, 'end': 30}, {'text': 'ناصر الشمري', 'label': 'شخص', 'score': 0.890411913394928, 'start': 31, 'end': 42}, {'text': 'الشرايح', 'label': 'حدث', 'score': 0.6228092908859253, 'start': 48, 'end': 55}, {'text': 'شرايح', 'label': 'منتج', 'score': 0.5408081412315369, 'start': 72, 'end': 77}, {'text': 'المستودعات', 'label': 'مكان', 'score': 0.7549536228179932, 'start': 81, 'end': 91}]","عدم وجود, قنوات وتوفير, مستمر, يستجيب, مستمره, المندوب ناصر, الدعم, الفني, وتوفير, ناصر الشمري",67
15564874867034255,S25120024,300,"رأيك يهمنا، فضلاً شاركنا تعليق او مقترح يساعد في تحسين التجربة",TEXT_INPUT,وفق الله الجميع ,وفق الله الجميع,positive,"[{'text': 'الله', 'label': 'منظمة', 'score': 0.48000848293304443, 'start': 4, 'end': 8}, {'text': 'الجميع', 'label': 'شخص', 'score': 0.5527332425117493, 'start': 9, 'end': 15}]","الاستاذ ثابت, ثابت, شكرا الاستاذ, وفقك, وفقك الله, وفق, الاستاذ, الله, شكرا, ",70
13034942760983746,S25120024,300,"رأيك يهمنا، فضلاً شاركنا تعليق او مقترح يساعد في تحسين التجربة",TEXT_INPUT,وضع ميزات لشركائكم حسب الاهميه والتفعيل ,وضع ميزات لشركائكم حسب الاهميه والتفعيل,neutral,"[{'text': 'ميزات', 'label': 'منتج', 'score': 0.5420383810997009, 'start': 4, 'end': 9}, {'text': 'الاهميه', 'label': 'حدث', 'score': 0.39513275027275085, 'start': 23, 'end': 30}]","عمل, حسب, تطوير, البرنامج, وضع, المشكله, , , , ",87
22478177669847479,S25120024,300,"رأيك يهمنا، فضلاً شاركنا تعليق او مقترح يساعد في تحسين التجربة",TEXT_INPUT,ودنا بشورات ولبس STSوخصم للعميل في اول اشتراك لكي يشد العميل في Sts,ودنا بشورات ولبس وخصم للعميل في اول اشتراك لكي يشد العميل في,neutral,"[{'text': 'بشورات', 'label': 'منتج', 'score': 0.3883804380893707, 'start': 5, 'end': 11}, {'text': 'اول اشتراك', 'label': 'حدث', 'score': 0.6220066547393799, 'start': 32, 'end': 42}, {'text': 'العميل', 'label': 'شخص', 'score': 0.8869752883911133, 'start': 51, 'end': 57}]","للشرائح, عموله, اول, سعر, لكي, البصمه, فقط, البيع, صرف, للعميل",27
34580503313506430,S25120024,300,"رأيك يهمنا، فضلاً شاركنا تعليق او مقترح يساعد في تحسين التجربة",TEXT_INPUT,والله خدمة طيبه,والله خدمه طيبه,positive,"[{'text': 'والله', 'label': 'شخص', 'score': 0.5822569727897644, 'start': 0, 'end': 5}, {'text': 'خدمه طيبه', 'label': 'شخص', 'score': 0.34581640362739563, 'start': 6, 'end': 15}]","خدمه, خدمه مميزه, مميزه, ممتازه, جدا ممتازه, خدمه جدا, سيئه, سريعه, خدمات, خدماتكم",5
15742371655550992,S25120024,300,"رأيك يهمنا، فضلاً شاركنا تعليق او مقترح يساعد في تحسين التجربة",TEXT_INPUT,والله افضل مندوب مر علينا من يوم مافكيت المكتب ,والله افضل مندوب مر علينا يوم مافكيت المكتب,positive,"[{'text': 'والله', 'label': 'شخص', 'score': 0.5434308648109436, 'start': 0, 'end': 5}, {'text': 'مندوب', 'label': 'شخص', 'score': 0.7078686952590942, 'start': 11, 'end': 16}, {'text': 'يوم', 'label': 'وقت', 'score': 0.5133220553398132, 'start': 26, 'end': 29}, {'text': 'المكتب', 'label': 'مكان', 'score': 0.741502046585083, 'start': 37, 'end': 43}]","مندوب مر, مر, افضل مندوب, علي الاتصالات, مر علينا, يوم, عليه, والله, مندوب, افضل",66
2061902787314123,S25120024,300,"رأيك يهمنا، فضلاً شاركنا تعليق او مقترح يساعد في تحسين التجربة",TEXT_INPUT,"نواجه نقصًا حادًا في تزويدنا بشرائح الاتصال، حيث لا يتناسب العدد المورّد مع حجم مبيعاتنا وتعدد فروعنا. هذا القصور يؤثر بشكل مباشر على عملياتنا التجارية ويعيق تلبية طلبات عملائنا. نطالب بزيادة الكميات المورّدة بشكل عاجل لضمان استمرارية العمل وعدم تعطل المبيعات.","نواجه نقصًا حادًا في تزويدنا بشرائح الاتصال، حيث لا يتناسب العدد المورّد مع حجم مبيعاتنا وتعدد فروعنا هذا القصور يؤثر بشكل مباشر علي عملياتنا التجاريه ويعيق تلبيه طلبات عملائنا نطالب بزياده الكميات المورّده بشكل عاجل لضمان استمراريه العمل وعدم تعطل المبيعات",negative,"[{'text': 'نقصًا حادًا', 'label': 'حدث', 'score': 0.30993765592575073, 'start': 6, 'end': 17}, {'text': 'الاتصال', 'label': 'منتج', 'score': 0.4140307903289795, 'start': 36, 'end': 43}, {'text': 'المورّد', 'label': 'منتج', 'score': 0.7516374588012695, 'start': 65, 'end': 72}, {'text': 'مبيعاتنا', 'label': 'حدث', 'score': 0.5343669056892395, 'start': 80, 'end': 88}, {'text': 'فروعنا', 'label': 'منظمة', 'score': 0.5739856362342834, 'start': 95, 'end': 101}, {'text': 'عملياتنا التجاريه', 'label': 'حدث', 'score': 0.5315526127815247, 'start': 133, 'end': 150}, {'text': 'عملائنا', 'label': 'شخص', 'score': 0.7381698489189148, 'start': 169, 'end': 176}, {'text': 'المورّده', 'label': 'منتج', 'score': 0.723212718963623, 'start': 198, 'end': 206}, {'text': 'استمراريه العمل', 'label': 'حدث', 'score': 0.37870287895202637, 'start': 223, 'end': 238}, {'text': 'المبيعات', 'label': 'حدث', 'score': 0.5130085349082947, 'start': 249, 'end': 257}]","وعدم, ولا, بشكل, تم, بسبب, قنوات, ان, شريحه, الان, التجار",2
46948458479015314,S25120024,300,"رأيك يهمنا، فضلاً شاركنا تعليق او مقترح يساعد في تحسين التجربة",TEXT_INPUT,نواجه بعض الصعوبات الرجاء العمل على حلها في أسرع وقت ممكن ,نواجه بعض الصعوبات الرجاء العمل علي حلها في اسرع وقت ممكن,neutral,"[{'text': 'نواجه', 'label': 'شخص', 'score': 0.6437110900878906, 'start': 0, 'end': 5}, {'text': 'الصعوبات', 'label': 'حدث', 'score': 0.6004526019096375, 'start': 10, 'end': 18}, {'text': 'حلها', 'label': 'حدث', 'score': 0.36135756969451904, 'start': 36, 'end': 40}, {'text': 'اسرع وقت ممكن', 'label': 'وقت', 'score': 0.5445142984390259, 'start': 44, 'end': 57}]","اسرع, نواجه, اللتي, بعد, الا بعد, الا, عده, نامل منكم, تطوير, البصمه",86
36302515904204777,S25120024,300,"رأيك يهمنا، فضلاً شاركنا تعليق او مقترح يساعد في تحسين التجربة",TEXT_INPUT,نمبر ون,نمبر ون,neutral,"[{'text': 'نمبر ون', 'label': 'شخص', 'score': 0.5620987415313721, 'start': 0, 'end': 7}]","خدمه, خدمه مميزه, مميزه, ممتازه, جدا ممتازه, خدمه جدا, سيئه, سريعه, خدمات, خدماتكم",5
14160814135564855,S25120024,300,"رأيك يهمنا، فضلاً شاركنا تعليق او مقترح يساعد في تحسين التجربة",TEXT_INPUT,نفس المشكله في كل مره عدد الشرايح قليل جدا ,نفس المشكله في كل مره عدد الشرايح قليل جدا,negative,"[{'text': 'نفس المشكله', 'label': 'حدث', 'score': 0.36382967233657837, 'start': 0, 'end': 11}, {'text': 'كل مره', 'label': 'وقت', 'score': 0.4250280261039734, 'start': 15, 'end': 21}, {'text': 'عدد الشرايح', 'label': 'شخص', 'score': 0.4874909520149231, 'start': 22, 'end': 33}]",متنوع,-1
12395673358287744,S25120024,300,"رأيك يهمنا، فضلاً شاركنا تعليق او مقترح يساعد في تحسين التجربة",TEXT_INPUT,نعيش مع شركة قنوات معاناة كبيره بسبب شح في المخزون من الشرائح مما جعل التجار يقدمون عليها باقي الشركات في التسويق للعملاء وهذا بلا شك يؤثر سلباً على اداء الشركة,نعيش مع شركه قنوات معاناه كبيره بسبب شح في المخزون الشرائح مما جعل التجار يقدمون عليها باقي الشركات في التسويق للعملاء وهذا بلا شك يؤثر سلباً علي اداء الشركه,negative,"[{'text': 'شركه قنوات', 'label': 'منظمة', 'score': 0.6528476476669312, 'start': 8, 'end': 18}, {'text': 'معاناه', 'label': 'حدث', 'score': 0.32196658849716187, 'start': 19, 'end': 25}, {'text': 'شح', 'label': 'حدث', 'score': 0.35695844888687134, 'start': 37, 'end': 39}, {'text': 'المخزون', 'label': 'منتج', 'score': 0.49092844128608704, 'start': 43, 'end': 50}, {'text': 'الشرائح', 'label': 'منتج', 'score': 0.6747592091560364, 'start': 51, 'end': 58}, {'text': 'التجار', 'label': 'شخص', 'score': 0.7553803324699402, 'start': 67, 'end': 73}, {'text': 'الشركات', 'label': 'منظمة', 'score': 0.5683321952819824, 'start': 92, 'end': 99}, {'text': 'التسويق', 'label': 'حدث', 'score': 0.6250281929969788, 'start': 103, 'end': 110}, {'text': 'الشركه', 'label': 'منظمة', 'score': 0.6393528580665588, 'start': 151, 'end': 157}]","وعدم, ولا, بشكل, تم, بسبب, قنوات, ان, شريحه, الان, التجار",2
27377878104667014,S25120024,300,"رأيك يهمنا، فضلاً شاركنا تعليق او مقترح يساعد في تحسين التجربة",TEXT_INPUT,نعم يوجد لدي مشاكل,نعم يوجد لدي مشاكل,negative,"[{'text': 'لدي', 'label': 'شخص', 'score': 0.5198853611946106, 'start': 9, 'end': 12}, {'text': 'مشاكل', 'label': 'حدث', 'score': 0.39946040511131287, 'start': 13, 'end': 18}]","لدي مشاكل, يوجد لدي, ملاحظه, اي, لدي, مشاكل, لايوجد, يوجد, , ",68
10778654627001017,S25120024,300,"رأيك يهمنا، فضلاً شاركنا تعليق او مقترح يساعد في تحسين التجربة",TEXT_INPUT,نعاني نحن التجار من عدم توفير المخزون الكافي من شرايح الخخام وكذلك عدم اصلاح الاخطاء الفنية في تطبيق كويك بلس,نعاني نحن التجار عدم توفير المخزون الكافي شرايح الخخام وكذلك عدم اصلاح الاخطاء الفنيه في تطبيق كويك بلس,negative,"[{'text': 'التجار', 'label': 'منظمة', 'score': 0.731121301651001, 'start': 10, 'end': 16}, {'text': 'عدم توفير المخزون الكافي', 'label': 'حدث', 'score': 0.33268848061561584, 'start': 17, 'end': 41}, {'text': 'شرايح الخخام', 'label': 'حدث', 'score': 0.4670993983745575, 'start': 42, 'end': 54}, {'text': 'الاخطاء الفنيه', 'label': 'حدث', 'score': 0.5969097018241882, 'start': 71, 'end': 85}, {'text': 'كويك بلس', 'label': 'منتج', 'score': 0.6949890851974487, 'start': 95, 'end': 103}]","تطبيق كويك, تطبيق, كويك بلس, بلس, كويك, نعاني, التجار, المخزون, عدم, شح",43
21204603676514220,S25120024,300,"رأيك يهمنا، فضلاً شاركنا تعليق او مقترح يساعد في تحسين التجربة",TEXT_INPUT,نعاني نحن التجار من شح مخزون الشرائح الى دجة اننا نجلس بالايام بدون شرايح وكذلك كثرة الاعطال في تطبيق كويك بلس,نعاني نحن التجار شح مخزون الشرائح الي دجه اننا نجلس بالايام بدون شرايح وكذلك كثره الاعطال في تطبيق كويك بلس,negative,"[{'text': 'التجار', 'label': 'منظمة', 'score': 0.7174967527389526, 'start': 10, 'end': 16}, {'text': 'الشرائح', 'label': 'منتج', 'score': 0.6421564221382141, 'start': 26, 'end': 33}, {'text': 'دجه', 'label': 'مكان', 'score': 0.452880322933197, 'start': 38, 'end': 41}, {'text': 'بالايام', 'label': 'وقت', 'score': 0.3556196689605713, 'start': 52, 'end': 59}, {'text': 'شرايح', 'label': 'منتج', 'score': 0.5855823159217834, 'start': 65, 'end': 70}, {'text': 'الاعطال', 'label': 'حدث', 'score': 0.6011463403701782, 'start': 82, 'end': 89}, {'text': 'تطبيق كويك بلس', 'label': 'منتج', 'score': 0.6872833371162415, 'start': 93, 'end': 107}]","تطبيق كويك, تطبيق, كويك بلس, بلس, كويك, نعاني, التجار, المخزون, عدم, شح",43
16308803299267764,S25120024,300,"رأيك يهمنا، فضلاً شاركنا تعليق او مقترح يساعد في تحسين التجربة",TEXT_INPUT,نعاني من عدم توفر الشرايح بشكميات كافيه واحياناً يتعطل العمل بسبب عدم وجودها,نعاني عدم توفر الشرايح بشكميات كافيه واحياناً يتعطل العمل بسبب عدم وجودها,negative,"[{'text': 'الشرايح', 'label': 'منتج', 'score': 0.7327971458435059, 'start': 15, 'end': 22}, {'text': 'كافيه', 'label': 'منتج', 'score': 0.3604925572872162, 'start': 31, 'end': 36}, {'text': 'العمل', 'label': 'حدث', 'score': 0.5587659478187561, 'start': 52, 'end': 57}, {'text': 'عدم وجودها', 'label': 'حدث', 'score': 0.3273491859436035, 'start': 63, 'end': 73}]",متنوع,-1
51610575677121440,S25120024,300,"رأيك يهمنا، فضلاً شاركنا تعليق او مقترح يساعد في تحسين التجربة",TEXT_INPUT,نظام توزيع الشرايح سيء جدا اغلب الوقت منقطعه علينا بحجة المستودع فاضي ,نظام توزيع الشرايح سيء جدا اغلب الوقت منقطعه علينا بحجه المستودع فاضي,negative,"[{'text': 'نظام توزيع', 'label': 'منظمة', 'score': 0.3453228175640106, 'start': 0, 'end': 10}, {'text': 'الشرايح', 'label': 'منتج', 'score': 0.5913199782371521, 'start': 11, 'end': 18}, {'text': 'اغلب الوقت', 'label': 'وقت', 'score': 0.5372715592384338, 'start': 27, 'end': 37}, {'text': 'المستودع', 'label': 'مكان', 'score': 0.7047392129898071, 'start': 56, 'end': 64}]",متنوع,-1
59061218899209707,S25120024,300,"رأيك يهمنا، فضلاً شاركنا تعليق او مقترح يساعد في تحسين التجربة",TEXT_INPUT,نطلب زيادة عدد الشرائح بكميات كبيرة ,نطلب زياده عدد الشرائح بكميات كبيره,neutral,"[{'text': 'نطلب', 'label': 'شخص', 'score': 0.550312340259552, 'start': 0, 'end': 4}, {'text': 'الشرائح', 'label': 'منتج', 'score': 0.6123992800712585, 'start': 15, 'end': 22}]","زياده, كبيره, اسعار, الطلب, وشكرا لكم, اللي, الشركات الاخري, بي, الشرائح, الباقات",24
30266249798947497,S25120024,300,"رأيك يهمنا، فضلاً شاركنا تعليق او مقترح يساعد في تحسين التجربة",TEXT_INPUT,نضام التفعيل.  كثير المشاكل  كثره التوقف في النظام عند التفعيل,نضام التفعيل كثير المشاكل كثره التوقف في النظام عند التفعيل,negative,"[{'text': 'نضام التفعيل', 'label': 'منظمة', 'score': 0.4693259298801422, 'start': 0, 'end': 12}, {'text': 'المشاكل', 'label': 'حدث', 'score': 0.5147748589515686, 'start': 18, 'end': 25}, {'text': 'التوقف', 'label': 'حدث', 'score': 0.5922442674636841, 'start': 31, 'end': 37}, {'text': 'النظام', 'label': 'منظمة', 'score': 0.6225398182868958, 'start': 41, 'end': 47}, {'text': 'التفعيل', 'label': 'حدث', 'score': 0.6329141855239868, 'start': 52, 'end': 59}]",متنوع,-1
10857524491432423,S25120024,300,"رأيك يهمنا، فضلاً شاركنا تعليق او مقترح يساعد في تحسين التجربة",TEXT_INPUT,نشكركم على الدعم لنا كموزع معتمد ,نشكركم علي الدعم لنا كموزع معتمد,positive,"[{'text': 'نشكركم', 'label': 'شخص', 'score': 0.4770316779613495, 'start': 0, 'end': 6}, {'text': 'الدعم', 'label': 'حدث', 'score': 0.42325887084007263, 'start': 11, 'end': 16}, {'text': 'معتمد', 'label': 'منظمة', 'score': 0.35845184326171875, 'start': 27, 'end': 32}]",متنوع,-1
20711600780290678,S25120024,300,"رأيك يهمنا، فضلاً شاركنا تعليق او مقترح يساعد في تحسين التجربة",TEXT_INPUT,نشكركم على الخدمه المميزه ,نشكركم علي الخدمه المميزه,positive,"[{'text': 'نشكركم', 'label': 'شخص', 'score': 0.6009387969970703, 'start': 0, 'end': 6}, {'text': 'الخدمه', 'label': 'حدث', 'score': 0.4917448163032532, 'start': 11, 'end': 17}]","علي الخدمه, الخدمه المميزه, المميزه, الخدمه, شكرا علي, عل, والاخلاق, علي التعاون, لكم علي, شكرا لكم",13
49716329236930565,S25120024,300,"رأيك يهمنا، فضلاً شاركنا تعليق او مقترح يساعد في تحسين التجربة",TEXT_INPUT,نشكرا ,نشكرا,positive,"[{'text': 'نشكرا', 'label': 'شخص', 'score': 0.5410236120223999, 'start': 0, 'end': 5}]","بقوه, ممتاز, , , , , , , , ",26
1906979342530946,S25120024,300,"رأيك يهمنا، فضلاً شاركنا تعليق او مقترح يساعد في تحسين التجربة",TEXT_INPUT,نشكر لكم حسن التعاون ,نشكر لكم حسن التعاون,positive,"[{'text': 'نشكر', 'label': 'شخص', 'score': 0.3570709228515625, 'start': 0, 'end': 4}, {'text': 'لكم', 'label': 'شخص', 'score': 0.5875855684280396, 'start': 5, 'end': 8}, {'text': 'حسن التعاون', 'label': 'حدث', 'score': 0.3436686396598816, 'start': 9, 'end': 20}]","حسن, تعاونه, تعمل ممتاز, حسن تعاملكم, شاكر, تعاملكم شاكر, لكم حسن, حسن التعاون, وشكرا علي, تعاملكم",28
53700732687154511,S25120024,300,"رأيك يهمنا، فضلاً شاركنا تعليق او مقترح يساعد في تحسين التجربة",TEXT_INPUT,نشكر عبدالرحمن علا حسن تعمل,نشكر عبدالرحمن علا حسن تعمل,positive,"[{'text': 'عبدالرحمن علا حسن', 'label': 'شخص', 'score': 0.906114399433136, 'start': 5, 'end': 22}]","حسن, تعاونه, تعمل ممتاز, حسن تعاملكم, شاكر, تعاملكم شاكر, لكم حسن, حسن التعاون, وشكرا علي, تعاملكم",28
36226118592587130,S25120024,300,"رأيك يهمنا، فضلاً شاركنا تعليق او مقترح يساعد في تحسين التجربة",TEXT_INPUT,نشكر تركي عبدالله على المتابعة المستمره,نشكر تركي عبدالله علي المتابعه المستمره,positive,"[{'text': 'تركي عبدالله', 'label': 'شخص', 'score': 0.9264319539070129, 'start': 5, 'end': 17}, {'text': 'المتابعه المستمره', 'label': 'حدث', 'score': 0.36476102471351624, 'start': 22, 'end': 39}]","ممتاز جدا, ممتاز, جدا ممتاز, رائع جدا, جدا, طيب, تعامل, الغامدي, جدا جدا, رائع",15
48833449281999755,S25120024,300,"رأيك يهمنا، فضلاً شاركنا تعليق او مقترح يساعد في تحسين التجربة",TEXT_INPUT,نشكر الموظف على التعاون وسرعة الخدمة ,نشكر الموظف علي التعاون وسرعه الخدمه,positive,"[{'text': 'الموظف', 'label': 'شخص', 'score': 0.9039762616157532, 'start': 5, 'end': 11}, {'text': 'التعاون', 'label': 'حدث', 'score': 0.45974528789520264, 'start': 16, 'end': 23}, {'text': 'الخدمه', 'label': 'حدث', 'score': 0.5302249789237976, 'start': 30, 'end': 36}]",متنوع,-1
19768644333459386,S25120024,300,"رأيك يهمنا، فضلاً شاركنا تعليق او مقترح يساعد في تحسين التجربة",TEXT_INPUT,نشكر الموضف تركي عبدالله على سرعة استجابته وحسن تعامله وتجاوبه معنا في اي وق ,نشكر الموضف تركي عبدالله علي سرعه استجابته وحسن تعامله وتجاوبه معنا في اي وق,positive,"[{'text': 'الموضف', 'label': 'شخص', 'score': 0.39172759652137756, 'start': 5, 'end': 11}, {'text': 'تركي عبدالله', 'label': 'شخص', 'score': 0.8315151333808899, 'start': 12, 'end': 24}, {'text': 'سرعه استجابته', 'label': 'حدث', 'score': 0.37821125984191895, 'start': 29, 'end': 42}, {'text': 'اي وق', 'label': 'وقت', 'score': 0.30415815114974976, 'start': 71, 'end': 76}]","تعامله, حسن تعامله, اشكر الموظف, اشكر, استجابته, الموظف رضا, الشمري علي, رضا الشمري, رضا, علي حسن",11
56376204277848316,S25120024,300,"رأيك يهمنا، فضلاً شاركنا تعليق او مقترح يساعد في تحسين التجربة",TEXT_INPUT,نشكر المندوب تركي على سرعة الاستجابة والمتابعه,نشكر المندوب تركي علي سرعه الاستجابه والمتابعه,positive,"[{'text': 'المندوب تركي', 'label': 'شخص', 'score': 0.8166166543960571, 'start': 5, 'end': 17}, {'text': 'سرعه الاستجابه', 'label': 'حدث', 'score': 0.4248753488063812, 'start': 22, 'end': 36}]","سرعه الاستجابه, علي سرعه, الاستجابه والمتابعه, تركي علي, الاستجابه, سرعه, والمتابعه, نشكر, تركي, والمتابعه المستمره",8
36747317882808552,S25120024,300,"رأيك يهمنا، فضلاً شاركنا تعليق او مقترح يساعد في تحسين التجربة",TEXT_INPUT,نشكر المندوب تركي عبدالله على المتابعة حتى في الويكند,نشكر المندوب تركي عبدالله علي المتابعه حتي في الويكند,positive,"[{'text': 'تركي عبدالله', 'label': 'شخص', 'score': 0.8333364725112915, 'start': 13, 'end': 25}, {'text': 'المتابعه', 'label': 'حدث', 'score': 0.3823799192905426, 'start': 30, 'end': 38}, {'text': 'الويكند', 'label': 'مكان', 'score': 0.6333005428314209, 'start': 46, 'end': 53}]","المندوب تركي, نشكر المندوب, عبدالله علي, تركي عبدالله, المتابعه, علي المتابعه, عبدالله, حتي, المتابعه المستمره, نشكر",65
19769651777035665,S25120024,300,"رأيك يهمنا، فضلاً شاركنا تعليق او مقترح يساعد في تحسين التجربة",TEXT_INPUT,نشكر المندوب تركي عبدالله على المتابعة المستمره ,نشكر المندوب تركي عبدالله علي المتابعه المستمره,positive,"[{'text': 'المندوب', 'label': 'شخص', 'score': 0.308513879776001, 'start': 5, 'end': 12}, {'text': 'تركي عبدالله', 'label': 'شخص', 'score': 0.740474283695221, 'start': 13, 'end': 25}, {'text': 'المتابعه المستمره', 'label': 'حدث', 'score': 0.41156384348869324, 'start': 30, 'end': 47}]","المندوب تركي, نشكر المندوب, عبدالله علي, تركي عبدالله, المتابعه, علي المتابعه, عبدالله, حتي, المتابعه المستمره, نشكر",65
21628194559035540,S25120024,300,"رأيك يهمنا، فضلاً شاركنا تعليق او مقترح يساعد في تحسين التجربة",TEXT_INPUT,نشكر المندوب الغامدي ,نشكر المندوب الغامدي,positive,"[{'text': 'المندوب الغامدي', 'label': 'شخص', 'score': 0.7896332740783691, 'start': 5, 'end': 20}]","اشكرك, نشكر المندوب, الغامدي, المندوب, نشكر, شكرا, , , , ",69
47908487878856694,S25120024,300,"رأيك يهمنا، فضلاً شاركنا تعليق او مقترح يساعد في تحسين التجربة",TEXT_INPUT,نشكر المشرف تركي على سىدرعة,نشكر المشرف تركي علي سيدرعه,positive,"[{'text': 'المشرف', 'label': 'شخص', 'score': 0.42103978991508484, 'start': 5, 'end': 11}, {'text': 'تركي علي سيدرعه', 'label': 'شخص', 'score': 0.6700580716133118, 'start': 12, 'end': 27}]",متنوع,-1
47908487878856694,S25120024,300,"رأيك يهمنا، فضلاً شاركنا تعليق او مقترح يساعد في تحسين التجربة",TEXT_INPUT,نشكر المشرف تركي على سرعة الاستجابه,نشكر المشرف تركي علي سرعه الاستجابه,positive,"[{'text': 'المشرف تركي', 'label': 'شخص', 'score': 0.8154033422470093, 'start': 5, 'end': 16}, {'text': 'سرعه الاستجابه', 'label': 'حدث', 'score': 0.452835351228714, 'start': 21, 'end': 35}]","سرعه الاستجابه, علي سرعه, الاستجابه والمتابعه, تركي علي, الاستجابه, سرعه, والمتابعه, نشكر, تركي, والمتابعه المستمره",8
17954178895438930,S25120024,300,"رأيك يهمنا، فضلاً شاركنا تعليق او مقترح يساعد في تحسين التجربة",TEXT_INPUT,نشكر الاستاذ تركي على سرعة الاستجابة والمتابعة المستمرة,نشكر الاستاذ تركي علي سرعه الاستجابه والمتابعه المستمره,positive,"[{'text': 'الاستاذ تركي', 'label': 'شخص', 'score': 0.8655611276626587, 'start': 5, 'end': 17}, {'text': 'سرعه الاستجابه', 'label': 'حدث', 'score': 0.4955465495586395, 'start': 22, 'end': 36}]","سرعه الاستجابه, علي سرعه, الاستجابه والمتابعه, تركي علي, الاستجابه, سرعه, والمتابعه, نشكر, تركي, والمتابعه المستمره",8
51799587326449392,S25120024,300,"رأيك يهمنا، فضلاً شاركنا تعليق او مقترح يساعد في تحسين التجربة",TEXT_INPUT,نشكر الاستاذ تركي على سرعة الاستجابة,نشكر الاستاذ تركي علي سرعه الاستجابه,positive,"[{'text': 'الاستاذ تركي', 'label': 'شخص', 'score': 0.8521972894668579, 'start': 5, 'end': 17}, {'text': 'سرعه الاستجابه', 'label': 'حدث', 'score': 0.48321664333343506, 'start': 22, 'end': 36}]","سرعه الاستجابه, علي سرعه, الاستجابه والمتابعه, تركي علي, الاستجابه, سرعه, والمتابعه, نشكر, تركي, والمتابعه المستمره",8
7.52799E+14,S25120024,300,"رأيك يهمنا، فضلاً شاركنا تعليق او مقترح يساعد في تحسين التجربة",TEXT_INPUT,نشكر الاستاذ تركي ال حمزه على حسن التعامل والتوضيح والمتابعه,نشكر الاستاذ تركي ال حمزه علي حسن التعامل والتوضيح والمتابعه,positive,"[{'text': 'الاستاذ تركي ال حمزه', 'label': 'شخص', 'score': 0.7211140990257263, 'start': 5, 'end': 25}, {'text': 'علي حسن', 'label': 'شخص', 'score': 0.45120498538017273, 'start': 26, 'end': 33}, {'text': 'التعامل', 'label': 'حدث', 'score': 0.3058071434497833, 'start': 34, 'end': 41}]","المستمره نشكر, المستمره, نشكر الاخ, والتواصل, علي المتابعه, المتابعه, الاخ تركي, نشكر, تركي علي, والمتابعه المستمره",44
20269244689786271,S25120024,300,"رأيك يهمنا، فضلاً شاركنا تعليق او مقترح يساعد في تحسين التجربة",TEXT_INPUT,نشكر الاخ مبارك بن ناصر ونتمنا له التوفيق والنجاح ونشكر إدارة stc ,نشكر الاخ مبارك بن ناصر ونتمنا له التوفيق والنجاح ونشكر اداره,positive,"[{'text': 'مبارك بن ناصر', 'label': 'شخص', 'score': 0.8809595704078674, 'start': 10, 'end': 23}, {'text': 'التوفيق', 'label': 'حدث', 'score': 0.5071454644203186, 'start': 34, 'end': 41}, {'text': 'اداره', 'label': 'منظمة', 'score': 0.6685891151428223, 'start': 56, 'end': 61}]",متنوع,-1
52484409103008292,S25120024,300,"رأيك يهمنا، فضلاً شاركنا تعليق او مقترح يساعد في تحسين التجربة",TEXT_INPUT,نشكر الاخ تركي على سرعة الاسجتابه في الجعبة,نشكر الاخ تركي علي سرعه الاسجتابه في الجعبه,positive,"[{'text': 'الاخ تركي', 'label': 'شخص', 'score': 0.8713660836219788, 'start': 5, 'end': 14}, {'text': 'سرعه', 'label': 'حدث', 'score': 0.36591318249702454, 'start': 19, 'end': 23}, {'text': 'الاسجتابه', 'label': 'حدث', 'score': 0.5507535934448242, 'start': 24, 'end': 33}, {'text': 'الجعبه', 'label': 'منتج', 'score': 0.6836256980895996, 'start': 37, 'end': 43}]","سرعه الاستجابه, علي سرعه, الاستجابه والمتابعه, تركي علي, الاستجابه, سرعه, والمتابعه, نشكر, تركي, والمتابعه المستمره",8
47471364512576462,S25120024,300,"رأيك يهمنا، فضلاً شاركنا تعليق او مقترح يساعد في تحسين التجربة",TEXT_INPUT,نشكر الاخ تركي على سرعت الاستجابه,نشكر الاخ تركي علي سرعت الاستجابه,positive,"[{'text': 'الاخ تركي', 'label': 'شخص', 'score': 0.8403148055076599, 'start': 5, 'end': 14}, {'text': 'سرعت الاستجابه', 'label': 'حدث', 'score': 0.48933494091033936, 'start': 19, 'end': 33}]","سرعه الاستجابه, علي سرعه, الاستجابه والمتابعه, تركي علي, الاستجابه, سرعه, والمتابعه, نشكر, تركي, والمتابعه المستمره",8
54121670936998451,S25120024,300,"رأيك يهمنا، فضلاً شاركنا تعليق او مقترح يساعد في تحسين التجربة",TEXT_INPUT,نشكر الاخ تركي على سرعة الاستجابه,نشكر الاخ تركي علي سرعه الاستجابه,positive,"[{'text': 'الاخ تركي', 'label': 'شخص', 'score': 0.8410210609436035, 'start': 5, 'end': 14}, {'text': 'سرعه الاستجابه', 'label': 'حدث', 'score': 0.48891931772232056, 'start': 19, 'end': 33}]","سرعه الاستجابه, علي سرعه, الاستجابه والمتابعه, تركي علي, الاستجابه, سرعه, والمتابعه, نشكر, تركي, والمتابعه المستمره",8
45667444556733941,S25120024,300,"رأيك يهمنا، فضلاً شاركنا تعليق او مقترح يساعد في تحسين التجربة",TEXT_INPUT,نشكر الاخ تركي على حسن المعاملة وسرعة الاستحابة,نشكر الاخ تركي علي حسن المعامله وسرعه الاستحابه,positive,"[{'text': 'الاخ تركي', 'label': 'شخص', 'score': 0.8507276177406311, 'start': 5, 'end': 14}, {'text': 'حسن المعامله', 'label': 'حدث', 'score': 0.535135805606842, 'start': 19, 'end': 31}, {'text': 'الاستحابه', 'label': 'حدث', 'score': 0.44976621866226196, 'start': 38, 'end': 47}]",متنوع,-1
45567068165326724,S25120024,300,"رأيك يهمنا، فضلاً شاركنا تعليق او مقترح يساعد في تحسين التجربة",TEXT_INPUT,نشكر الاخ تركي على حسن المعاملة,نشكر الاخ تركي علي حسن المعامله,positive,"[{'text': 'الاخ تركي', 'label': 'شخص', 'score': 0.853692352771759, 'start': 5, 'end': 14}, {'text': 'المعامله', 'label': 'حدث', 'score': 0.5158416032791138, 'start': 23, 'end': 31}]","المعامله, حسن المعامله, الاخ, الاخ تركي, نشكر الاخ, عل, جزيلا, شكرا جزيلا, شكرا الاخ, وليد",38
35688385318882936,S25120024,300,"رأيك يهمنا، فضلاً شاركنا تعليق او مقترح يساعد في تحسين التجربة",TEXT_INPUT,نشكر الاخ تركي على الزيارة والمتابعه المستمره ,نشكر الاخ تركي علي الزياره والمتابعه المستمره,positive,"[{'text': 'الاخ تركي', 'label': 'شخص', 'score': 0.8704759478569031, 'start': 5, 'end': 14}, {'text': 'الزياره', 'label': 'حدث', 'score': 0.6343021988868713, 'start': 19, 'end': 26}]","ممتاز جدا, ممتاز, جدا ممتاز, رائع جدا, جدا, طيب, تعامل, الغامدي, جدا جدا, رائع",15
36730574798093468,S25120024,300,"رأيك يهمنا، فضلاً شاركنا تعليق او مقترح يساعد في تحسين التجربة",TEXT_INPUT,نشكر الأخ تركي على تعاونه الجميل وسرعة الرد والابتسامة الدائمة وسرعة الإنجاز ,نشكر الاخ تركي علي تعاونه الجميل وسرعه الرد والابتسامه الدائمه وسرعه الانجاز,positive,"[{'text': 'الاخ تركي', 'label': 'شخص', 'score': 0.8402059078216553, 'start': 5, 'end': 14}, {'text': 'تعاونه الجميل', 'label': 'حدث', 'score': 0.34662678837776184, 'start': 19, 'end': 32}, {'text': 'الانجاز', 'label': 'حدث', 'score': 0.5057342648506165, 'start': 69, 'end': 76}]",متنوع,-1
58369404351993551,S25120024,300,"رأيك يهمنا، فضلاً شاركنا تعليق او مقترح يساعد في تحسين التجربة",TEXT_INPUT,نشكر الأخ تركي على المتابعة الدايمة,نشكر الاخ تركي علي المتابعه الدايمه,positive,"[{'text': 'الاخ تركي', 'label': 'شخص', 'score': 0.8457347750663757, 'start': 5, 'end': 14}, {'text': 'المتابعه الدايمه', 'label': 'حدث', 'score': 0.3506966531276703, 'start': 19, 'end': 35}]","ممتاز جدا, ممتاز, جدا ممتاز, رائع جدا, جدا, طيب, تعامل, الغامدي, جدا جدا, رائع",15
9.52475E+14,S25120024,300,"رأيك يهمنا، فضلاً شاركنا تعليق او مقترح يساعد في تحسين التجربة",TEXT_INPUT,نشكر الأخ تركي عبدالله علَى حسن التعامل,نشكر الاخ تركي عبدالله علَي حسن التعامل,positive,"[{'text': 'تركي عبدالله', 'label': 'شخص', 'score': 0.7917439341545105, 'start': 10, 'end': 22}, {'text': 'التعامل', 'label': 'حدث', 'score': 0.5473688840866089, 'start': 32, 'end': 39}]","المعامله, حسن المعامله, الاخ, الاخ تركي, نشكر الاخ, عل, جزيلا, شكرا جزيلا, شكرا الاخ, وليد",38
39706001044163677,S25120024,300,"رأيك يهمنا، فضلاً شاركنا تعليق او مقترح يساعد في تحسين التجربة",TEXT_INPUT,نريد عمولة الشحنه الاولى للشرائح الفاضيه,نريد عموله الشحنه الاولي للشرائح الفاضيه,negative,"[{'text': 'نريد', 'label': 'شخص', 'score': 0.37303587794303894, 'start': 0, 'end': 4}, {'text': 'عموله', 'label': 'حدث', 'score': 0.37647294998168945, 'start': 5, 'end': 10}, {'text': 'الشحنه الاولي', 'label': 'حدث', 'score': 0.6259872317314148, 'start': 11, 'end': 24}, {'text': 'للشرائح الفاضيه', 'label': 'منتج', 'score': 0.4093562662601471, 'start': 25, 'end': 40}]","للشرائح, عموله, اول, سعر, لكي, البصمه, فقط, البيع, صرف, للعميل",27
58274903331899903,S25120024,300,"رأيك يهمنا، فضلاً شاركنا تعليق او مقترح يساعد في تحسين التجربة",TEXT_INPUT,نرغب زيادة الطلب الشريحة لنا بكميات كبيرة عندنا شغل وعملاء ,نرغب زياده الطلب الشريحه لنا بكميات كبيره عندنا شغل وعملاء,neutral,"[{'text': 'نرغب', 'label': 'شخص', 'score': 0.34578457474708557, 'start': 0, 'end': 4}, {'text': 'الطلب', 'label': 'حدث', 'score': 0.38701021671295166, 'start': 11, 'end': 16}, {'text': 'الشريحه', 'label': 'منظمة', 'score': 0.6046174168586731, 'start': 17, 'end': 24}, {'text': 'شغل', 'label': 'شخص', 'score': 0.6184130907058716, 'start': 48, 'end': 51}]","زياده, كبيره, اسعار, الطلب, وشكرا لكم, اللي, الشركات الاخري, بي, الشرائح, الباقات",24
52267958750652348,S25120024,300,"رأيك يهمنا، فضلاً شاركنا تعليق او مقترح يساعد في تحسين التجربة",TEXT_INPUT,نرجو توفر الشرايح عند التاجر,نرجو توفر الشرايح عند التاجر,neutral,"[{'text': 'نرجو', 'label': 'شخص', 'score': 0.35796859860420227, 'start': 0, 'end': 4}, {'text': 'الشرايح', 'label': 'منتج', 'score': 0.6647768616676331, 'start': 10, 'end': 17}, {'text': 'التاجر', 'label': 'شخص', 'score': 0.7353330254554749, 'start': 22, 'end': 28}]","سويا, لكي, والنجاح, حسب, توفير الشرايح, توفير شرائح, عدم توفير, توفير, توفر الشرايح, العمل",74
43126928647424223,S25120024,300,"رأيك يهمنا، فضلاً شاركنا تعليق او مقترح يساعد في تحسين التجربة",TEXT_INPUT,نحتاج رقم لدعم الفني,نحتاج رقم لدعم الفني,neutral,"[{'text': 'رقم', 'label': 'شخص', 'score': 0.48332923650741577, 'start': 6, 'end': 9}]","الرجاء, رقم, توفير, تواصل, التاجر, الشركه, معي, التواصل, قنوات, نحتاج",4
1642995323710697,S25120024,300,"رأيك يهمنا، فضلاً شاركنا تعليق او مقترح يساعد في تحسين التجربة",TEXT_INPUT,نحتاج خدمة نقل الملكيه من زياره او جواز الئ اثامه,نحتاج خدمه نقل الملكيه زياره او جواز الئ اثامه,negative,"[{'text': 'نحتاج', 'label': 'شخص', 'score': 0.31938305497169495, 'start': 0, 'end': 5}, {'text': 'خدمه نقل الملكيه', 'label': 'منظمة', 'score': 0.6057173013687134, 'start': 6, 'end': 22}, {'text': 'زياره', 'label': 'حدث', 'score': 0.44361039996147156, 'start': 23, 'end': 28}, {'text': 'جواز', 'label': 'حدث', 'score': 0.3030831813812256, 'start': 32, 'end': 36}, {'text': 'الئ', 'label': 'شخص', 'score': 0.46283549070358276, 'start': 37, 'end': 40}, {'text': 'اثامه', 'label': 'حدث', 'score': 0.43122199177742004, 'start': 41, 'end': 46}]","ولم, شرائح, نقل, الفرع, الرقم, اطلب, لي, اكثر, او, عرض",1
39792842449645952,S25120024,300,"رأيك يهمنا، فضلاً شاركنا تعليق او مقترح يساعد في تحسين التجربة",TEXT_INPUT,نبغا عمولة الشحنه الاولى للشرائح الفاضيه ,نبغا عموله الشحنه الاولي للشرائح الفاضيه,negative,"[{'text': 'نبغا', 'label': 'شخص', 'score': 0.6347433924674988, 'start': 0, 'end': 4}, {'text': 'عموله', 'label': 'شخص', 'score': 0.3952009379863739, 'start': 5, 'end': 10}, {'text': 'الشحنه الاولي', 'label': 'حدث', 'score': 0.6197552680969238, 'start': 11, 'end': 24}, {'text': 'للشرائح الفاضيه', 'label': 'منتج', 'score': 0.4633602797985077, 'start': 25, 'end': 40}]","للشرائح, عموله, اول, سعر, لكي, البصمه, فقط, البيع, صرف, للعميل",27
40352113756928803,S25120024,300,"رأيك يهمنا، فضلاً شاركنا تعليق او مقترح يساعد في تحسين التجربة",TEXT_INPUT,نامل منكم تطوير تطبيق كويك بلس ومعالجة المشاكل التقنيه اللتي نعاني منها مثل عدم قراءة البصمة الا بعد عدة محاولات  ,نامل منكم تطوير تطبيق كويك بلس ومعالجه المشاكل التقنيه اللتي نعاني منها مثل عدم قراءه البصمه الا بعد عده محاولات,neutral,"[{'text': 'نامل', 'label': 'شخص', 'score': 0.5599774718284607, 'start': 0, 'end': 4}, {'text': 'كويك بلس', 'label': 'منتج', 'score': 0.6766907572746277, 'start': 22, 'end': 30}, {'text': 'المشاكل التقنيه', 'label': 'حدث', 'score': 0.4555540978908539, 'start': 39, 'end': 54}, {'text': 'عدم قراءه البصمه', 'label': 'حدث', 'score': 0.4814096689224243, 'start': 76, 'end': 92}, {'text': 'عده محاولات', 'label': 'وقت', 'score': 0.43634361028671265, 'start': 101, 'end': 112}]","اسرع, نواجه, اللتي, بعد, الا بعد, الا, عده, نامل منكم, تطوير, البصمه",86
35869059899097142,S25120024,300,"رأيك يهمنا، فضلاً شاركنا تعليق او مقترح يساعد في تحسين التجربة",TEXT_INPUT,نامل تحسين منافذ اشارة GPS ضعيفة بطئ البرنامج ,نامل تحسين منافذ اشاره ضعيفه بطئ البرنامج,negative,"[{'text': 'نامل', 'label': 'منظمة', 'score': 0.5323882699012756, 'start': 0, 'end': 4}, {'text': 'تحسين منافذ اشاره ضعيفه', 'label': 'حدث', 'score': 0.3917200565338135, 'start': 5, 'end': 28}, {'text': 'بطئ', 'label': 'حدث', 'score': 0.33913594484329224, 'start': 29, 'end': 32}, {'text': 'البرنامج', 'label': 'منتج', 'score': 0.5250674486160278, 'start': 33, 'end': 41}]",متنوع,-1
35970414801025553,S25120024,300,"رأيك يهمنا، فضلاً شاركنا تعليق او مقترح يساعد في تحسين التجربة",TEXT_INPUT,نأمل صرف العمولات المتأخرة,نامل صرف العمولات المتاخره,negative,"[{'text': 'نامل', 'label': 'منظمة', 'score': 0.5586599707603455, 'start': 0, 'end': 4}, {'text': 'صرف العمولات المتاخره', 'label': 'مكان', 'score': 0.380153089761734, 'start': 5, 'end': 26}]","للشرائح, عموله, اول, سعر, لكي, البصمه, فقط, البيع, صرف, للعميل",27
54040031762782437,S25120024,300,"رأيك يهمنا، فضلاً شاركنا تعليق او مقترح يساعد في تحسين التجربة",TEXT_INPUT,ميه ميه,ميه ميه,negative,"[{'text': 'ميه', 'label': 'شخص', 'score': 0.3419021666049957, 'start': 4, 'end': 7}]",متنوع,-1
31620667193532680,S25120024,300,"رأيك يهمنا، فضلاً شاركنا تعليق او مقترح يساعد في تحسين التجربة",TEXT_INPUT,موظف ممتاز,موظف ممتاز,positive,"[{'text': 'موظف ممتاز', 'label': 'شخص', 'score': 0.7085942029953003, 'start': 0, 'end': 10}]","تعمل ممتاز, راقي جدا, مقبول, ممتاز, تعمل, جيد, راقي, الموظف, موظف, جدا",29
34415429503238982,S25120024,300,"رأيك يهمنا، فضلاً شاركنا تعليق او مقترح يساعد في تحسين التجربة",TEXT_INPUT,موظف متميز ,موظف متميز,positive,"[{'text': 'موظف متميز', 'label': 'شخص', 'score': 0.6723228693008423, 'start': 0, 'end': 10}]","رجل محترم, عمل, موظف متميز, رائع, مندوب رائع, متميز, رجل, محترم, موظف, مندوب",59
57236208804364856,S25120024,300,"رأيك يهمنا، فضلاً شاركنا تعليق او مقترح يساعد في تحسين التجربة",TEXT_INPUT,موظف قمة في الأخلاق و التعامل,موظف قمه في الاخلاق و التعامل,positive,"[{'text': 'موظف', 'label': 'شخص', 'score': 0.8156958818435669, 'start': 0, 'end': 4}, {'text': 'الاخلاق و التعامل', 'label': 'حدث', 'score': 0.35918182134628296, 'start': 12, 'end': 29}]","والتعاون, جدا راقي, الاخلاق, راقي, موظف, التعامل, الموظف, جدا, , ",75
44188493477760470,S25120024,300,"رأيك يهمنا، فضلاً شاركنا تعليق او مقترح يساعد في تحسين التجربة",TEXT_INPUT,موظف سريع ومميز ,موظف سريع ومميز,positive,"[{'text': 'موظف', 'label': 'شخص', 'score': 0.7663863897323608, 'start': 0, 'end': 4}]",متنوع,-1
42263061084629334,S25120024,300,"رأيك يهمنا، فضلاً شاركنا تعليق او مقترح يساعد في تحسين التجربة",TEXT_INPUT,موظف رائع ومييز في الدقه والانجاز ,موظف رائع ومييز في الدقه والانجاز,positive,"[{'text': 'موظف', 'label': 'شخص', 'score': 0.8354753851890564, 'start': 0, 'end': 4}]","وسريع, جدا راقي, والاخلاق, المندوب تعامله, الممتاز, وسرعه بالانجاز, وسريع الاستجابه, وخلوق, بالانجاز, موزع",14
44794906780552026,S25120024,300,"رأيك يهمنا، فضلاً شاركنا تعليق او مقترح يساعد في تحسين التجربة",TEXT_INPUT,موظف جدا متعاون وسريع الاستجابه شكرا لخخدمته الموظف سلطان رابح ,موظف جدا متعاون وسريع الاستجابه شكرا لخخدمته الموظف سلطان رابح,positive,"[{'text': 'موظف', 'label': 'شخص', 'score': 0.5737180113792419, 'start': 0, 'end': 4}, {'text': 'الموظف', 'label': 'شخص', 'score': 0.34420743584632874, 'start': 45, 'end': 51}, {'text': 'سلطان رابح', 'label': 'شخص', 'score': 0.7951725125312805, 'start': 52, 'end': 62}]","ومتعاون, محترم, متعاون, ويستحق, موظف مثالي, وسريع, والمندوب, مثالي, ومحترم, موظف",0
55147998758605212,S25120024,300,"رأيك يهمنا، فضلاً شاركنا تعليق او مقترح يساعد في تحسين التجربة",TEXT_INPUT,موزع يتميز بالدقه والاخلاق والتعامل الممتاز,موزع يتميز بالدقه والاخلاق والتعامل الممتاز,positive,"[{'text': 'موزع', 'label': 'منظمة', 'score': 0.6895443797111511, 'start': 0, 'end': 4}]","وسريع, جدا راقي, والاخلاق, المندوب تعامله, الممتاز, وسرعه بالانجاز, وسريع الاستجابه, وخلوق, بالانجاز, موزع",14
3734956051691107,S25120024,300,"رأيك يهمنا، فضلاً شاركنا تعليق او مقترح يساعد في تحسين التجربة",TEXT_INPUT,موزع ذو خبره ومحترم وننصح به,موزع ذو خبره ومحترم وننصح به,neutral,"[{'text': 'موزع', 'label': 'شخص', 'score': 0.8025661110877991, 'start': 0, 'end': 4}]","ومتعاون, محترم, متعاون, ويستحق, موظف مثالي, وسريع, والمندوب, مثالي, ومحترم, موظف",0
29836447898442703,S25120024,300,"رأيك يهمنا، فضلاً شاركنا تعليق او مقترح يساعد في تحسين التجربة",TEXT_INPUT,مندوب وشركة فايف ستار,مندوب وشركه فايف ستار,neutral,"[{'text': 'مندوب', 'label': 'شخص', 'score': 0.7637358903884888, 'start': 0, 'end': 5}, {'text': 'فايف ستار', 'label': 'منظمة', 'score': 0.6538791656494141, 'start': 12, 'end': 21}]","مندوب, افضل, افضل الشركات, الله يوفقه, يوفقه, جدا ممتاز, تعاملت معه, تعاملت, وافضل مندوب, واخلاقه",25
59053857925606777,S25120024,300,"رأيك يهمنا، فضلاً شاركنا تعليق او مقترح يساعد في تحسين التجربة",TEXT_INPUT,مندوب وبرنامج رائع جدا ,مندوب وبرنامج رائع جدا,positive,"[{'text': 'مندوب', 'label': 'شخص', 'score': 0.806405782699585, 'start': 0, 'end': 5}]","التعامل ممتاز, تعامل راقي, جدا ممتاز, رائع جدا, محل, مميز, ممتاز جدا, ممتاز, راقي, رائع",40
1297903103316212,S25120024,300,"رأيك يهمنا، فضلاً شاركنا تعليق او مقترح يساعد في تحسين التجربة",TEXT_INPUT,مندوب محترم وسريع الرد ومتجاوب وعلى دراية بجميع التفاصيل,مندوب محترم وسريع الرد ومتجاوب وعلي درايه بجميع التفاصيل,positive,"[{'text': 'مندوب', 'label': 'شخص', 'score': 0.8342298269271851, 'start': 0, 'end': 5}]","ومتعاون, محترم, متعاون, ويستحق, موظف مثالي, وسريع, والمندوب, مثالي, ومحترم, موظف",0
49375919120653571,S25120024,300,"رأيك يهمنا، فضلاً شاركنا تعليق او مقترح يساعد في تحسين التجربة",TEXT_INPUT,مندوب مامثله احد تعامله واخلاقه,مندوب مامثله احد تعامله واخلاقه,positive,"[{'text': 'مندوب', 'label': 'شخص', 'score': 0.7535856366157532, 'start': 0, 'end': 5}, {'text': 'احد', 'label': 'شخص', 'score': 0.6147467494010925, 'start': 13, 'end': 16}]",متنوع,-1
30005684326588631,S25120024,300,"رأيك يهمنا، فضلاً شاركنا تعليق او مقترح يساعد في تحسين التجربة",TEXT_INPUT,مندوب رائع وخلوق شكراً لكم,مندوب رائع وخلوق شكراً لكم,positive,"[{'text': 'مندوب', 'label': 'شخص', 'score': 0.8232927322387695, 'start': 0, 'end': 5}, {'text': 'لكم', 'label': 'شخص', 'score': 0.5398245453834534, 'start': 23, 'end': 26}]","مندوب رائع, رائع, تعاملنا, الموظف سيء, جدا رائع, تعامل الموظف, تعامل جيد, معهم, وخلوق, سيء جدا",30
4379325494709021,S25120024,300,"رأيك يهمنا، فضلاً شاركنا تعليق او مقترح يساعد في تحسين التجربة",TEXT_INPUT,مندوب رائع بالتعامل,مندوب رائع بالتعامل,positive,"[{'text': 'مندوب', 'label': 'شخص', 'score': 0.7864500880241394, 'start': 0, 'end': 5}]","مندوب رائع, رائع, تعاملنا, الموظف سيء, جدا رائع, تعامل الموظف, تعامل جيد, معهم, وخلوق, سيء جدا",30
54034276647476152,S25120024,300,"رأيك يهمنا، فضلاً شاركنا تعليق او مقترح يساعد في تحسين التجربة",TEXT_INPUT,مندوب رائع,مندوب رائع,positive,"[{'text': 'مندوب رائع', 'label': 'شخص', 'score': 0.6796276569366455, 'start': 0, 'end': 10}]","رجل محترم, عمل, موظف متميز, رائع, مندوب رائع, متميز, رجل, محترم, موظف, مندوب",59
24808888757340523,S25120024,300,"رأيك يهمنا، فضلاً شاركنا تعليق او مقترح يساعد في تحسين التجربة",TEXT_INPUT,مندوب خلوق واحترام وسرعه في توصيل الشرائح يستاهل كل خير يعلم الله,مندوب خلوق واحترام وسرعه في توصيل الشرائح يستاهل كل خير يعلم الله,positive,"[{'text': 'مندوب', 'label': 'شخص', 'score': 0.9062772989273071, 'start': 0, 'end': 5}, {'text': 'الشرائح', 'label': 'منتج', 'score': 0.662444531917572, 'start': 34, 'end': 41}, {'text': 'خير', 'label': 'حدث', 'score': 0.4481155276298523, 'start': 52, 'end': 55}, {'text': 'الله', 'label': 'منظمة', 'score': 0.38462555408477783, 'start': 61, 'end': 65}]","ومتعاون, محترم, متعاون, ويستحق, موظف مثالي, وسريع, والمندوب, مثالي, ومحترم, موظف",0
32166802375444497,S25120024,300,"رأيك يهمنا، فضلاً شاركنا تعليق او مقترح يساعد في تحسين التجربة",TEXT_INPUT,مندوب المبيعات غير متعاون ,مندوب المبيعات غير متعاون,negative,"[{'text': 'مندوب المبيعات', 'label': 'شخص', 'score': 0.7461798191070557, 'start': 0, 'end': 14}]","متعاون, بقوه, جدا متعاون, الموظف متعاون, حل, مندوب المبيعات, متعاون جدا, المشاكل, المبيعات, معي",18
48068575521369502,S25120024,300,"رأيك يهمنا، فضلاً شاركنا تعليق او مقترح يساعد في تحسين التجربة",TEXT_INPUT,مندوب المبيعات اخلاقه عاليه ودايماً اتصل عليه عليه استفسر يرد علي على طول ,مندوب المبيعات اخلاقه عاليه ودايماً اتصل عليه عليه استفسر يرد علي علي طول,positive,"[{'text': 'مندوب المبيعات', 'label': 'شخص', 'score': 0.7892010807991028, 'start': 0, 'end': 14}, {'text': 'استفسر', 'label': 'حدث', 'score': 0.30625060200691223, 'start': 51, 'end': 57}]","عليه, اخلاقه عاليه, يحيي, نايف سعد, سعد, سعد العتيبي, موظفين, مسفر, لو, الموظف نايف",60
39344288411733649,S25120024,300,"رأيك يهمنا، فضلاً شاركنا تعليق او مقترح يساعد في تحسين التجربة",TEXT_INPUT,مندوب  ومشرف متعاون شكرا لهم,مندوب ومشرف متعاون شكرا لهم,positive,"[{'text': 'مندوب', 'label': 'شخص', 'score': 0.7453249096870422, 'start': 0, 'end': 5}, {'text': 'لهم', 'label': 'شخص', 'score': 0.3239283561706543, 'start': 24, 'end': 27}]","ومتعاون, محترم, متعاون, ويستحق, موظف مثالي, وسريع, والمندوب, مثالي, ومحترم, موظف",0
,S25120024,300,"رأيك يهمنا، فضلاً شاركنا تعليق او مقترح يساعد في تحسين التجربة",TEXT_INPUT,منافذتعبتنا جدا صعب كل 4 ساعات نشغل النفاذ في صيام وفي موظفين ينامون فنضيع الزباين وقت نومهم,منافذتعبتنا جدا صعب كل 4 ساعات نشغل النفاذ في صيام وفي موظفين ينامون فنضيع الزباين وقت نومهم,negative,"[{'text': 'منافذتعبتنا', 'label': 'مكان', 'score': 0.7167057991027832, 'start': 0, 'end': 11}, {'text': '4 ساعات', 'label': 'وقت', 'score': 0.7168107032775879, 'start': 23, 'end': 30}, {'text': 'النفاذ', 'label': 'منظمة', 'score': 0.5147064328193665, 'start': 36, 'end': 42}, {'text': 'صيام', 'label': 'حدث', 'score': 0.7109772562980652, 'start': 46, 'end': 50}, {'text': 'موظفين', 'label': 'شخص', 'score': 0.7601662874221802, 'start': 55, 'end': 61}, {'text': 'الزباين', 'label': 'شخص', 'score': 0.6556193828582764, 'start': 75, 'end': 82}, {'text': 'نومهم', 'label': 'حدث', 'score': 0.37812840938568115, 'start': 87, 'end': 92}]",متنوع,-1
41668151378743564,S25120024,300,"رأيك يهمنا، فضلاً شاركنا تعليق او مقترح يساعد في تحسين التجربة",TEXT_INPUT,من افضل واطيب مندوب في اس تي سي ,افضل واطيب مندوب في اس تي سي,positive,"[{'text': 'مندوب', 'label': 'شخص', 'score': 0.633881151676178, 'start': 11, 'end': 16}, {'text': 'اس تي سي', 'label': 'منظمة', 'score': 0.7138160467147827, 'start': 20, 'end': 28}]","مندوب, افضل, افضل الشركات, الله يوفقه, يوفقه, جدا ممتاز, تعاملت معه, تعاملت, وافضل مندوب, واخلاقه",25
30256024886742225,S25120024,300,"رأيك يهمنا، فضلاً شاركنا تعليق او مقترح يساعد في تحسين التجربة",TEXT_INPUT,من افضل الموظفين 🤍,افضل الموظفين,positive,"[{'text': 'افضل الموظفين', 'label': 'شخص', 'score': 0.6475182771682739, 'start': 0, 'end': 13}]","افضل, افضل مندوب, موظف, مندوب, , , , , , ",37
15923711952260159,S25120024,300,"رأيك يهمنا، فضلاً شاركنا تعليق او مقترح يساعد في تحسين التجربة",TEXT_INPUT,من افضل الموزعين سلطان رابح البدراني,افضل الموزعين سلطان رابح البدراني,positive,"[{'text': 'افضل الموزعين', 'label': 'منظمة', 'score': 0.539301335811615, 'start': 0, 'end': 13}, {'text': 'سلطان رابح البدراني', 'label': 'شخص', 'score': 0.6836650967597961, 'start': 14, 'end': 33}]","مبيعات, سلطان رابح, يحي الرشيدي, موظف متميز, الجاسر, الاستاذ محمد, رابح, تركي المعاوي, يحي, موظف مثالي",58
22401761059531676,S25120024,300,"رأيك يهمنا، فضلاً شاركنا تعليق او مقترح يساعد في تحسين التجربة",TEXT_INPUT,من افضل المناديب سرعه تنفيذ تعامل جيد,افضل المناديب سرعه تنفيذ تعامل جيد,positive,"[{'text': 'افضل المناديب', 'label': 'منظمة', 'score': 0.6226671934127808, 'start': 0, 'end': 13}, {'text': 'سرعه', 'label': 'حدث', 'score': 0.41811680793762207, 'start': 14, 'end': 18}, {'text': 'تنفيذ', 'label': 'حدث', 'score': 0.48687314987182617, 'start': 19, 'end': 24}, {'text': 'تعامل جيد', 'label': 'حدث', 'score': 0.4163386821746826, 'start': 25, 'end': 34}]","المناديب, تعامل جيد, تنفيذ, جيد, تعامل, افضل, التعامل, سرعه, , ",76
14534117704300203,S25120024,300,"رأيك يهمنا، فضلاً شاركنا تعليق او مقترح يساعد في تحسين التجربة",TEXT_INPUT,من افضل المناديب تعامل ,افضل المناديب تعامل,positive,"[{'text': 'افضل المناديب', 'label': 'منظمة', 'score': 0.6615144610404968, 'start': 0, 'end': 13}, {'text': 'تعامل', 'label': 'حدث', 'score': 0.30547088384628296, 'start': 14, 'end': 19}]","المناديب, تعامل جيد, تنفيذ, جيد, تعامل, افضل, التعامل, سرعه, , ",76
24807663776995760,S25120024,300,"رأيك يهمنا، فضلاً شاركنا تعليق او مقترح يساعد في تحسين التجربة",TEXT_INPUT,من افضل المتاجر ,افضل المتاجر,neutral,"[{'text': 'افضل المتاجر', 'label': 'منظمة', 'score': 0.6295890212059021, 'start': 0, 'end': 12}]","افضل, افضل مندوب, موظف, مندوب, , , , , , ",37
36990005584316568,S25120024,300,"رأيك يهمنا، فضلاً شاركنا تعليق او مقترح يساعد في تحسين التجربة",TEXT_INPUT,من افضل الشركات الي تعاملت معه وافضل من مندوب ,افضل الشركات الي تعاملت معه وافضل مندوب,positive,"[{'text': 'افضل الشركات', 'label': 'منظمة', 'score': 0.5831537842750549, 'start': 0, 'end': 12}, {'text': 'مندوب', 'label': 'شخص', 'score': 0.6922339797019958, 'start': 34, 'end': 39}]","مندوب, افضل, افضل الشركات, الله يوفقه, يوفقه, جدا ممتاز, تعاملت معه, تعاملت, وافضل مندوب, واخلاقه",25
52393282140986085,S25120024,300,"رأيك يهمنا، فضلاً شاركنا تعليق او مقترح يساعد في تحسين التجربة",TEXT_INPUT,من أفضل من تعاملنا معهم,افضل تعاملنا معهم,positive,"[{'text': 'تعاملنا', 'label': 'حدث', 'score': 0.3601576089859009, 'start': 5, 'end': 12}]","مندوب رائع, رائع, تعاملنا, الموظف سيء, جدا رائع, تعامل الموظف, تعامل جيد, معهم, وخلوق, سيء جدا",30
50418281019178448,S25120024,300,"رأيك يهمنا، فضلاً شاركنا تعليق او مقترح يساعد في تحسين التجربة",TEXT_INPUT,من أفضل المناديب من ناحية التعامل و التجواب ,افضل المناديب ناحيه التعامل و التجواب,neutral,"[{'text': 'افضل المناديب', 'label': 'منظمة', 'score': 0.6107773780822754, 'start': 0, 'end': 13}, {'text': 'التعامل و التجواب', 'label': 'مكان', 'score': 0.35622847080230713, 'start': 20, 'end': 37}]","المناديب, تعامل جيد, تنفيذ, جيد, تعامل, افضل, التعامل, سرعه, , ",76
16345061485613592,S25120024,300,"رأيك يهمنا، فضلاً شاركنا تعليق او مقترح يساعد في تحسين التجربة",TEXT_INPUT,مممتازين جداً في التعامل اخص بالشكر الاستاذ رايد واللستاذ محمد,مممتازين جداً في التعامل اخص بالشكر الاستاذ رايد واللستاذ محمد,positive,"[{'text': 'التعامل', 'label': 'حدث', 'score': 0.45288804173469543, 'start': 17, 'end': 24}, {'text': 'الاستاذ رايد', 'label': 'شخص', 'score': 0.8132824897766113, 'start': 36, 'end': 48}, {'text': 'محمد', 'label': 'شخص', 'score': 0.4903712868690491, 'start': 58, 'end': 62}]","الاستاذ, اشكره, التوفيق, جدا التعامل, يستاهل اعلي, يمثل, وانجاز, قصر, التقييم, اعلي",22
49288943855012474,S25120024,300,"رأيك يهمنا، فضلاً شاركنا تعليق او مقترح يساعد في تحسين التجربة",TEXT_INPUT,ممتازه ,ممتازه,positive,"[{'text': 'ممتازه', 'label': 'منتج', 'score': 0.6377257108688354, 'start': 0, 'end': 6}]",متنوع,-1
3584495182415206,S25120024,300,"رأيك يهمنا، فضلاً شاركنا تعليق او مقترح يساعد في تحسين التجربة",TEXT_INPUT,ممتازجدا,ممتازجدا,positive,"[{'text': 'ممتازجدا', 'label': 'منتج', 'score': 0.6729199886322021, 'start': 0, 'end': 8}]","بقوه, ممتاز, , , , , , , , ",26
20291326867428222,S25120024,300,"رأيك يهمنا، فضلاً شاركنا تعليق او مقترح يساعد في تحسين التجربة",TEXT_INPUT,ممتازة جدا ,ممتازه جدا,positive,"[{'text': 'ممتازه', 'label': 'منتج', 'score': 0.4037410318851471, 'start': 0, 'end': 6}]","رائعه, جدا جدا, جدا, ممتازه, شركه, , , , , ",77
14139616501698795,S25120024,300,"رأيك يهمنا، فضلاً شاركنا تعليق او مقترح يساعد في تحسين التجربة",TEXT_INPUT,ممتاز ومجتهد ,ممتاز ومجتهد,positive,"[{'text': 'ممتاز', 'label': 'شخص', 'score': 0.5548768043518066, 'start': 0, 'end': 5}]","التعامل ممتاز, تعامل راقي, جدا ممتاز, رائع جدا, محل, مميز, ممتاز جدا, ممتاز, راقي, رائع",40
24898127357545710,S25120024,300,"رأيك يهمنا، فضلاً شاركنا تعليق او مقترح يساعد في تحسين التجربة",TEXT_INPUT,ممتاز وفن التعامل وشرح العروض ,ممتاز وفن التعامل وشرح العروض,positive,"[{'text': 'ممتاز', 'label': 'منتج', 'score': 0.652431070804596, 'start': 0, 'end': 5}, {'text': 'العروض', 'label': 'حدث', 'score': 0.3019358515739441, 'start': 23, 'end': 29}]","ممتاز وفن, وفن, وفن التعامل, التعامل, التعامل ممتاز, جدا التعامل, ممتاز, فن, فن التعامل, جدا جدا",41
4343577760283925,S25120024,300,"رأيك يهمنا، فضلاً شاركنا تعليق او مقترح يساعد في تحسين التجربة",TEXT_INPUT,ممتاز وفن التعامل وسرعه الانجاز ,ممتاز وفن التعامل وسرعه الانجاز,positive,"[{'text': 'ممتاز', 'label': 'منتج', 'score': 0.6542748808860779, 'start': 0, 'end': 5}, {'text': 'الانجاز', 'label': 'حدث', 'score': 0.31366828083992004, 'start': 24, 'end': 31}]","الانجاز, وسرعه الانجاز, وفن التعامل, وفن, التعامل, وسرعه, وسرعه بالانجاز, الانجاز ممتاز, فن التعامل, ممتاز وفن",31
32172015695006216,S25120024,300,"رأيك يهمنا، فضلاً شاركنا تعليق او مقترح يساعد في تحسين التجربة",TEXT_INPUT,ممتاز وفن التعامل ,ممتاز وفن التعامل,positive,"[{'text': 'ممتاز', 'label': 'منتج', 'score': 0.5981529951095581, 'start': 0, 'end': 5}]","ممتاز وفن, وفن, وفن التعامل, التعامل, التعامل ممتاز, جدا التعامل, ممتاز, فن, فن التعامل, جدا جدا",41
15055279420738807,S25120024,300,"رأيك يهمنا، فضلاً شاركنا تعليق او مقترح يساعد في تحسين التجربة",TEXT_INPUT,ممتاز في التعامل وسرعه الانجاز ,ممتاز في التعامل وسرعه الانجاز,positive,"[{'text': 'ممتاز', 'label': 'منتج', 'score': 0.4749995470046997, 'start': 0, 'end': 5}, {'text': 'التعامل', 'label': 'حدث', 'score': 0.4562015235424042, 'start': 9, 'end': 16}, {'text': 'الانجاز', 'label': 'حدث', 'score': 0.4054683446884155, 'start': 23, 'end': 30}]","الانجاز, وسرعه الانجاز, وفن التعامل, وفن, التعامل, وسرعه, وسرعه بالانجاز, الانجاز ممتاز, فن التعامل, ممتاز وفن",31
29303140733552971,S25120024,300,"رأيك يهمنا، فضلاً شاركنا تعليق او مقترح يساعد في تحسين التجربة",TEXT_INPUT,ممتاز فن التعامل وشكرا على الانجاز ,ممتاز فن التعامل وشكرا علي الانجاز,positive,"[{'text': 'ممتاز', 'label': 'منتج', 'score': 0.49817076325416565, 'start': 0, 'end': 5}, {'text': 'فن التعامل', 'label': 'منتج', 'score': 0.43959254026412964, 'start': 6, 'end': 16}, {'text': 'الانجاز', 'label': 'حدث', 'score': 0.5575687289237976, 'start': 27, 'end': 34}]",متنوع,-1
11219114061065783,S25120024,300,"رأيك يهمنا، فضلاً شاركنا تعليق او مقترح يساعد في تحسين التجربة",TEXT_INPUT,ممتاز حداً,ممتاز حداً,positive,"[{'text': 'ممتاز', 'label': 'منتج', 'score': 0.3240545392036438, 'start': 0, 'end': 5}]","بقوه, ممتاز, , , , , , , , ",26
50231626676209724,S25120024,300,"رأيك يهمنا، فضلاً شاركنا تعليق او مقترح يساعد في تحسين التجربة",TEXT_INPUT,ممتاز جدا وشكرا على تعاونه,ممتاز جدا وشكرا علي تعاونه,positive,"[{'text': 'ممتاز', 'label': 'شخص', 'score': 0.42901527881622314, 'start': 0, 'end': 5}, {'text': 'تعاونه', 'label': 'حدث', 'score': 0.40031519532203674, 'start': 20, 'end': 26}]","حسن, تعاونه, تعمل ممتاز, حسن تعاملكم, شاكر, تعاملكم شاكر, لكم حسن, حسن التعاون, وشكرا علي, تعاملكم",28
55941849084298198,S25120024,300,"رأيك يهمنا، فضلاً شاركنا تعليق او مقترح يساعد في تحسين التجربة",TEXT_INPUT,ممتاز جدا جدا ,ممتاز جدا جدا,positive,"[{'text': 'ممتاز', 'label': 'منتج', 'score': 0.4988034963607788, 'start': 0, 'end': 5}]","المتابعه, علي المتابعه, الشكر موصول, المتابعه المستمره, المستمره, موصول, حسن التعامل, للاستاذ, الشكر, للاخ تركي",6
50414120749492166,S25120024,300,"رأيك يهمنا، فضلاً شاركنا تعليق او مقترح يساعد في تحسين التجربة",TEXT_INPUT,ممتاز جدا,ممتاز جدا,positive,"[{'text': 'ممتاز', 'label': 'منتج', 'score': 0.4022237956523895, 'start': 0, 'end': 5}]","المتابعه, علي المتابعه, الشكر موصول, المتابعه المستمره, المستمره, موصول, حسن التعامل, للاستاذ, الشكر, للاخ تركي",6
13178438320281355,S25120024,300,"رأيك يهمنا، فضلاً شاركنا تعليق او مقترح يساعد في تحسين التجربة",TEXT_INPUT,ممتاز بقوه,ممتاز بقوه,positive,"[{'text': 'ممتاز', 'label': 'منتج', 'score': 0.5219544768333435, 'start': 0, 'end': 5}]","بقوه, ممتاز, , , , , , , , ",26
13600430070289521,S25120024,300,"رأيك يهمنا، فضلاً شاركنا تعليق او مقترح يساعد في تحسين التجربة",TEXT_INPUT,ممتاز المندوب جدا في التعامل ,ممتاز المندوب جدا في التعامل,positive,"[{'text': 'ممتاز', 'label': 'شخص', 'score': 0.6051109433174133, 'start': 0, 'end': 5}, {'text': 'المندوب', 'label': 'شخص', 'score': 0.7025428414344788, 'start': 6, 'end': 13}, {'text': 'التعامل', 'label': 'حدث', 'score': 0.3639034032821655, 'start': 21, 'end': 28}]","ممتاز وفن, وفن, وفن التعامل, التعامل, التعامل ممتاز, جدا التعامل, ممتاز, فن, فن التعامل, جدا جدا",41
18033939640806671,S25120024,300,"رأيك يهمنا، فضلاً شاركنا تعليق او مقترح يساعد في تحسين التجربة",TEXT_INPUT,ممتاز الاستلذ خالد,ممتاز الاستلذ خالد,positive,"[{'text': 'ممتاز الاستلذ', 'label': 'شخص', 'score': 0.7187995314598083, 'start': 0, 'end': 13}, {'text': 'خالد', 'label': 'شخص', 'score': 0.6420426368713379, 'start': 14, 'end': 18}]",متنوع,-1
31640753287155438,S25120024,300,"رأيك يهمنا، فضلاً شاركنا تعليق او مقترح يساعد في تحسين التجربة",TEXT_INPUT,ممتاز ,ممتاز,positive,"[{'text': 'ممتاز', 'label': 'منتج', 'score': 0.6465521454811096, 'start': 0, 'end': 5}]",متنوع,-1
27808541393143271,S25120024,300,"رأيك يهمنا، فضلاً شاركنا تعليق او مقترح يساعد في تحسين التجربة",TEXT_INPUT,ملبي جميع طلباتنا وزياده الله يوفقه,ملبي جميع طلباتنا وزياده الله يوفقه,positive,"[{'text': 'ملبي', 'label': 'شخص', 'score': 0.7196593284606934, 'start': 0, 'end': 4}, {'text': 'طلباتنا', 'label': 'حدث', 'score': 0.46224072575569153, 'start': 10, 'end': 17}, {'text': 'الله', 'label': 'شخص', 'score': 0.5963759422302246, 'start': 25, 'end': 29}]","ابو, الله يعطيه, يوفقه, انتم, الله يوفقه, جميع, يعطيه, المندوب تركي, احمد, الله يسعده",56
32158125026791212,S25120024,300,"رأيك يهمنا، فضلاً شاركنا تعليق او مقترح يساعد في تحسين التجربة",TEXT_INPUT,معامله ممتاززززه 👍🏼👍🏼👍🏼,معامله ممتاززززه,positive,"[{'text': 'معامله ممتاززززه', 'label': 'منتج', 'score': 0.5322949290275574, 'start': 0, 'end': 16}]",متنوع,-1
30945937422031539,S25120024,300,"رأيك يهمنا، فضلاً شاركنا تعليق او مقترح يساعد في تحسين التجربة",TEXT_INPUT,مشكور مشكور على المتابعة المستمره ,مشكور مشكور علي المتابعه المستمره,positive,"[{'text': 'مشكور', 'label': 'شخص', 'score': 0.4248504638671875, 'start': 0, 'end': 5}, {'text': 'مشكور', 'label': 'شخص', 'score': 0.4045712351799011, 'start': 6, 'end': 11}, {'text': 'المتابعه المستمره', 'label': 'حدث', 'score': 0.498151957988739, 'start': 16, 'end': 33}]","المستمره نشكر, المستمره, نشكر الاخ, والتواصل, علي المتابعه, المتابعه, الاخ تركي, نشكر, تركي علي, والمتابعه المستمره",44
30605896061347373,S25120024,300,"رأيك يهمنا، فضلاً شاركنا تعليق او مقترح يساعد في تحسين التجربة",TEXT_INPUT,مشكلتنا في عدم توفر الشرايح ,مشكلتنا في عدم توفر الشرايح,negative,"[{'text': 'مشكلتنا', 'label': 'حدث', 'score': 0.3865836262702942, 'start': 0, 'end': 7}, {'text': 'الشرايح', 'label': 'منتج', 'score': 0.6550307273864746, 'start': 20, 'end': 27}]","عدم توفر, توفر, الشرائح, تسليم الشرائح, توفر الشرايح, تسليم, عدم, يتم, الشرايح, ",61
52227623938680674,S25120024,300,"رأيك يهمنا، فضلاً شاركنا تعليق او مقترح يساعد في تحسين التجربة",TEXT_INPUT,مشكلة الاعطال فقط وياليت تشال العموله ليتوحد سعر البيع,مشكله الاعطال فقط وياليت تشال العموله ليتوحد سعر البيع,negative,"[{'text': 'الاعطال', 'label': 'حدث', 'score': 0.5588916540145874, 'start': 6, 'end': 13}, {'text': 'العموله', 'label': 'منظمة', 'score': 0.5111597776412964, 'start': 30, 'end': 37}, {'text': 'سعر البيع', 'label': 'حدث', 'score': 0.430009663105011, 'start': 45, 'end': 54}]","للشرائح, عموله, اول, سعر, لكي, البصمه, فقط, البيع, صرف, للعميل",27
35717317169893150,S25120024,300,"رأيك يهمنا، فضلاً شاركنا تعليق او مقترح يساعد في تحسين التجربة",TEXT_INPUT,مشاكل في نظام متكررة خصوصا مشكلة الموظف بعيد عن الفرع ,مشاكل في نظام متكرره خصوصا مشكله الموظف بعيد عن الفرع,negative,"[{'text': 'مشاكل', 'label': 'حدث', 'score': 0.3809203803539276, 'start': 0, 'end': 5}, {'text': 'نظام', 'label': 'منظمة', 'score': 0.671675443649292, 'start': 9, 'end': 13}, {'text': 'مشكله', 'label': 'حدث', 'score': 0.3446652591228485, 'start': 27, 'end': 32}, {'text': 'الموظف', 'label': 'شخص', 'score': 0.877525269985199, 'start': 33, 'end': 39}, {'text': 'الفرع', 'label': 'منظمة', 'score': 0.6595231890678406, 'start': 48, 'end': 53}]","الوصول, اول, اصعب, صعب, متكرره, فقط, الفرع, نظام, منطقه, وهذا",73
4273046469896180,S25120024,300,"رأيك يهمنا، فضلاً شاركنا تعليق او مقترح يساعد في تحسين التجربة",TEXT_INPUT,مشاكل بالتفعيل مستمره وانقطاعات من مزود بأوقات متفرقه مما اثر علينا بشكل سلبي الخدمه,مشاكل بالتفعيل مستمره وانقطاعات مزود باوقات متفرقه مما اثر علينا بشكل سلبي الخدمه,negative,"[{'text': 'مشاكل بالتفعيل', 'label': 'حدث', 'score': 0.5227262377738953, 'start': 0, 'end': 14}, {'text': 'مزود', 'label': 'منتج', 'score': 0.4772174656391144, 'start': 32, 'end': 36}, {'text': 'باوقات متفرقه', 'label': 'وقت', 'score': 0.3496868312358856, 'start': 37, 'end': 50}, {'text': 'الخدمه', 'label': 'منتج', 'score': 0.6765859723091125, 'start': 75, 'end': 81}]",متنوع,-1
60771653698903402,S25120024,300,"رأيك يهمنا، فضلاً شاركنا تعليق او مقترح يساعد في تحسين التجربة",TEXT_INPUT,مشاء الله كل شيء طيب ورجال طيب ما يقصر في النصايح وكل شيء ودايما موجود في اي وقت احتاجه ,مشاء الله كل شيء طيب ورجال طيب ما يقصر في النصايح وكل شيء ودايما موجود في اي وقت احتاجه,positive,"[{'text': 'مشاء الله', 'label': 'شخص', 'score': 0.3667127192020416, 'start': 0, 'end': 9}, {'text': 'كل شيء', 'label': 'منتج', 'score': 0.40350091457366943, 'start': 10, 'end': 16}, {'text': 'النصايح', 'label': 'شخص', 'score': 0.4922144412994385, 'start': 42, 'end': 49}, {'text': 'وقت', 'label': 'وقت', 'score': 0.6090373396873474, 'start': 77, 'end': 80}, {'text': 'احتاجه', 'label': 'شخص', 'score': 0.3939168155193329, 'start': 81, 'end': 87}]","شيء, طيب, ومحترم, مشاء, مشاء الله, عيد القحطاني, الاخ محمد, عيد, رجل راقي, ودايما",57
60438437442924153,S25120024,300,"رأيك يهمنا، فضلاً شاركنا تعليق او مقترح يساعد في تحسين التجربة",TEXT_INPUT,مسفر هتيله وابراهيم مهري خيرة من يمثل اس تي سي,مسفر هتيله وابراهيم مهري خيره يمثل اس تي سي,negative,"[{'text': 'مسفر هتيله', 'label': 'شخص', 'score': 0.7864195108413696, 'start': 0, 'end': 10}, {'text': 'مهري خيره', 'label': 'شخص', 'score': 0.4258515238761902, 'start': 20, 'end': 29}, {'text': 'اس تي سي', 'label': 'منظمة', 'score': 0.7406845092773438, 'start': 35, 'end': 43}]",متنوع,-1
13829512218067878,S25120024,300,"رأيك يهمنا، فضلاً شاركنا تعليق او مقترح يساعد في تحسين التجربة",TEXT_INPUT,مسفر من افضل المندوبسن لدى stc ويحث على زيادة الانتاجية,مسفر افضل المندوبسن لدي ويحث علي زياده الانتاجيه,positive,"[{'text': 'مسفر', 'label': 'شخص', 'score': 0.735336184501648, 'start': 0, 'end': 4}, {'text': 'المندوبسن', 'label': 'منظمة', 'score': 0.506313681602478, 'start': 10, 'end': 19}, {'text': 'زياده الانتاجيه', 'label': 'حدث', 'score': 0.4514114558696747, 'start': 33, 'end': 48}]","عليه, اخلاقه عاليه, يحيي, نايف سعد, سعد, سعد العتيبي, موظفين, مسفر, لو, الموظف نايف",60
55171279666847177,S25120024,300,"رأيك يهمنا، فضلاً شاركنا تعليق او مقترح يساعد في تحسين التجربة",TEXT_INPUT,مريحنا كثير الله يسعده ويوفقه ويرزقه من حيث لا يحتسب,مريحنا كثير الله يسعده ويوفقه ويرزقه حيث لا يحتسب,positive,"[{'text': 'مريحنا', 'label': 'شخص', 'score': 0.6542242765426636, 'start': 0, 'end': 6}, {'text': 'الله', 'label': 'شخص', 'score': 0.5557141900062561, 'start': 12, 'end': 16}]","يسعده, بيض, الله, الله يسعده, والله, الله يعطيه, شي, وليد, الاخلاق, يعطيه العافيه",19
59038991060836795,S25120024,300,"رأيك يهمنا، فضلاً شاركنا تعليق او مقترح يساعد في تحسين التجربة",TEXT_INPUT,مرره شكرا,مرره شكرا,positive,"[{'text': 'مرره', 'label': 'شخص', 'score': 0.4007899761199951, 'start': 0, 'end': 4}, {'text': 'شكرا', 'label': 'شخص', 'score': 0.5210950374603271, 'start': 5, 'end': 9}]","الف, الف الف, الف شكرا, يعطيك, يعطيك العافيه, العافيه, الله يعطيك, الف شكر, الله, اخ",3
30257584448299430,S25120024,300,"رأيك يهمنا، فضلاً شاركنا تعليق او مقترح يساعد في تحسين التجربة",TEXT_INPUT,مررره شكرا لك ي اخ عبدالله,مررره شكرا لك ي اخ عبدالله,positive,"[{'text': 'مررره', 'label': 'حدث', 'score': 0.3049483597278595, 'start': 0, 'end': 5}, {'text': 'عبدالله', 'label': 'شخص', 'score': 0.7268344163894653, 'start': 19, 'end': 26}]","الف, الف الف, الف شكرا, يعطيك, يعطيك العافيه, العافيه, الله يعطيك, الف شكر, الله, اخ",3
50669150211038853,S25120024,300,"رأيك يهمنا، فضلاً شاركنا تعليق او مقترح يساعد في تحسين التجربة",TEXT_INPUT,محل وموسسة محمد عبدالله العنزي للاتصالات محقدم خدمة مميزز منذ سنوات طويله وارصي بالتعامل معه بشده في محافظة رفحاء,محل وموسسه محمد عبدالله العنزي للاتصالات محقدم خدمه مميزز منذ سنوات طويله وارصي بالتعامل معه بشده في محافظه رفحاء,positive,"[{'text': 'محمد عبدالله العنزي', 'label': 'شخص', 'score': 0.8353846073150635, 'start': 11, 'end': 30}, {'text': 'خدمه مميزز', 'label': 'منتج', 'score': 0.33743977546691895, 'start': 47, 'end': 57}, {'text': 'سنوات طويله', 'label': 'وقت', 'score': 0.5169373154640198, 'start': 62, 'end': 73}, {'text': 'محافظه رفحاء', 'label': 'مكان', 'score': 0.7794319987297058, 'start': 101, 'end': 113}]",متنوع,-1
19375199319044714,S25120024,300,"رأيك يهمنا، فضلاً شاركنا تعليق او مقترح يساعد في تحسين التجربة",TEXT_INPUT,محل مميز وكفوووو,محل مميز وكفوووو,positive,"[{'text': 'محل', 'label': 'مكان', 'score': 0.571472704410553, 'start': 0, 'end': 3}, {'text': 'وكفوووو', 'label': 'مكان', 'score': 0.3013070821762085, 'start': 9, 'end': 16}]","التعامل ممتاز, تعامل راقي, جدا ممتاز, رائع جدا, محل, مميز, ممتاز جدا, ممتاز, راقي, رائع",40
25770215354099020,S25120024,300,"رأيك يهمنا، فضلاً شاركنا تعليق او مقترح يساعد في تحسين التجربة",TEXT_INPUT,محظوظين أنتم ب ابو أحمد,محظوظين انتم ب ابو احمد,positive,"[{'text': 'ابو احمد', 'label': 'شخص', 'score': 0.8946035504341125, 'start': 15, 'end': 23}]","ابو, الله يعطيه, يوفقه, انتم, الله يوفقه, جميع, يعطيه, المندوب تركي, احمد, الله يسعده",56
19423515921359886,S25120024,300,"رأيك يهمنا، فضلاً شاركنا تعليق او مقترح يساعد في تحسين التجربة",TEXT_INPUT,محترم وخلوق وسرعه في التوصيل,محترم وخلوق وسرعه في التوصيل,positive,"[{'text': 'محترم', 'label': 'شخص', 'score': 0.5743165612220764, 'start': 0, 'end': 5}, {'text': 'التوصيل', 'label': 'حدث', 'score': 0.3907192647457123, 'start': 21, 'end': 28}]","وسريع, جدا راقي, والاخلاق, المندوب تعامله, الممتاز, وسرعه بالانجاز, وسريع الاستجابه, وخلوق, بالانجاز, موزع",14
40918749617366650,S25120024,300,"رأيك يهمنا، فضلاً شاركنا تعليق او مقترح يساعد في تحسين التجربة",TEXT_INPUT,متفاعل جدا,متفاعل جدا,positive,"[{'text': 'متفاعل جدا', 'label': 'شخص', 'score': 0.35962197184562683, 'start': 0, 'end': 10}]",متنوع,-1
54637641912017372,S25120024,300,"رأيك يهمنا، فضلاً شاركنا تعليق او مقترح يساعد في تحسين التجربة",TEXT_INPUT,متعاون ويساعد في حل المشاكل,متعاون ويساعد في حل المشاكل,positive,"[{'text': 'متعاون', 'label': 'شخص', 'score': 0.7049346566200256, 'start': 0, 'end': 6}, {'text': 'المشاكل', 'label': 'حدث', 'score': 0.46356847882270813, 'start': 20, 'end': 27}]","متعاون, بقوه, جدا متعاون, الموظف متعاون, حل, مندوب المبيعات, متعاون جدا, المشاكل, المبيعات, معي",18
59041843757797344,S25120024,300,"رأيك يهمنا، فضلاً شاركنا تعليق او مقترح يساعد في تحسين التجربة",TEXT_INPUT,متعاون جدا اشكره من كل اعماق قلبي علي كل ما يقدمه ,متعاون جدا اشكره كل اعماق قلبي علي كل ما يقدمه,positive,"[{'text': 'متعاون', 'label': 'شخص', 'score': 0.6552570462226868, 'start': 0, 'end': 6}, {'text': 'قلبي', 'label': 'شخص', 'score': 0.30007830262184143, 'start': 26, 'end': 30}, {'text': 'يقدمه', 'label': 'شخص', 'score': 0.4480278491973877, 'start': 41, 'end': 46}]","الاستاذ, اشكره, التوفيق, جدا التعامل, يستاهل اعلي, يمثل, وانجاز, قصر, التقييم, اعلي",22
51525587893128568,S25120024,300,"رأيك يهمنا، فضلاً شاركنا تعليق او مقترح يساعد في تحسين التجربة",TEXT_INPUT,متعاون جدا ,متعاون جدا,positive,"[{'text': 'متعاون جدا', 'label': 'شخص', 'score': 0.605196475982666, 'start': 0, 'end': 10}]","متعاون, بقوه, جدا متعاون, الموظف متعاون, حل, مندوب المبيعات, متعاون جدا, المشاكل, المبيعات, معي",18
31197490523887266,S25120024,300,"رأيك يهمنا، فضلاً شاركنا تعليق او مقترح يساعد في تحسين التجربة",TEXT_INPUT,متعاون جدآ وشكري لكم ,متعاون جدا وشكري لكم,positive,"[{'text': 'متعاون', 'label': 'شخص', 'score': 0.6163719892501831, 'start': 0, 'end': 6}, {'text': 'لكم', 'label': 'شخص', 'score': 0.492445707321167, 'start': 17, 'end': 20}]",متنوع,-1
1.67362E+14,S25120024,300,"رأيك يهمنا، فضلاً شاركنا تعليق او مقترح يساعد في تحسين التجربة",TEXT_INPUT,متعاون,متعاون,positive,"[{'text': 'متعاون', 'label': 'شخص', 'score': 0.6745234727859497, 'start': 0, 'end': 6}]","متعاون, بقوه, جدا متعاون, الموظف متعاون, حل, مندوب المبيعات, متعاون جدا, المشاكل, المبيعات, معي",18
2760565137922665,S25120024,300,"رأيك يهمنا، فضلاً شاركنا تعليق او مقترح يساعد في تحسين التجربة",TEXT_INPUT,متعامل,متعامل,neutral,"[{'text': 'متعامل', 'label': 'شخص', 'score': 0.5602862238883972, 'start': 0, 'end': 6}]",متنوع,-1
48858459771049523,S25120024,300,"رأيك يهمنا، فضلاً شاركنا تعليق او مقترح يساعد في تحسين التجربة",TEXT_INPUT,متجاوب جدا,متجاوب جدا,positive,[],"متجاوب, بسبب, معنا, المندوب, الموظف, جدا, علي, , , ",20
13399554500079190,S25120024,300,"رأيك يهمنا، فضلاً شاركنا تعليق او مقترح يساعد في تحسين التجربة",TEXT_INPUT,متجاوب,متجاوب,positive,"[{'text': 'متجاوب', 'label': 'منظمة', 'score': 0.4521084725856781, 'start': 0, 'end': 6}]","متجاوب, بسبب, معنا, المندوب, الموظف, جدا, علي, , , ",20
,S25120024,300,"رأيك يهمنا، فضلاً شاركنا تعليق او مقترح يساعد في تحسين التجربة",TEXT_INPUT,متاز,متاز,positive,"[{'text': 'متاز', 'label': 'شخص', 'score': 0.6164842844009399, 'start': 0, 'end': 4}]","بقوه, ممتاز, , , , , , , , ",26
50406815031833552,S25120024,300,"رأيك يهمنا، فضلاً شاركنا تعليق او مقترح يساعد في تحسين التجربة",TEXT_INPUT,مامنكم فايده,مامنكم فايده,negative,"[{'text': 'مامنكم', 'label': 'مكان', 'score': 0.5273747444152832, 'start': 0, 'end': 6}, {'text': 'فايده', 'label': 'منتج', 'score': 0.48493021726608276, 'start': 7, 'end': 12}]","لدي مشاكل, يوجد لدي, ملاحظه, اي, لدي, مشاكل, لايوجد, يوجد, , ",68
39196988599905697,S25120024,300,"رأيك يهمنا، فضلاً شاركنا تعليق او مقترح يساعد في تحسين التجربة",TEXT_INPUT,ماشالله سرعة الخدمة و الإشراف شكرا لكم ,ماشالله سرعه الخدمه و الاشراف شكرا لكم,positive,"[{'text': 'ماشالله', 'label': 'حدث', 'score': 0.3274216651916504, 'start': 0, 'end': 7}, {'text': 'سرعه', 'label': 'حدث', 'score': 0.34109610319137573, 'start': 8, 'end': 12}, {'text': 'الخدمه', 'label': 'منظمة', 'score': 0.6204396486282349, 'start': 13, 'end': 19}, {'text': 'الاشراف', 'label': 'منظمة', 'score': 0.5504376888275146, 'start': 22, 'end': 29}, {'text': 'شكرا لكم', 'label': 'شخص', 'score': 0.5696308016777039, 'start': 30, 'end': 38}]","شكرا لكم, لكم, لكم ولكن, سريعه, ماشالله, ولكن يوجد, يوجد ملاحظه, خدمات, رائعه, الخدمه",16
30169085327962893,S25120024,300,"رأيك يهمنا، فضلاً شاركنا تعليق او مقترح يساعد في تحسين التجربة",TEXT_INPUT,ماشالله تبارك الله مندوب متعاون ومتجاوب وحاضر في كل وقت ,ماشالله تبارك الله مندوب متعاون ومتجاوب وحاضر في كل وقت,positive,"[{'text': 'ماشالله تبارك الله', 'label': 'شخص', 'score': 0.3199653923511505, 'start': 0, 'end': 18}, {'text': 'مندوب', 'label': 'شخص', 'score': 0.8526527881622314, 'start': 19, 'end': 24}, {'text': 'وقت', 'label': 'وقت', 'score': 0.6058228611946106, 'start': 52, 'end': 55}]","ومتعاون, محترم, متعاون, ويستحق, موظف مثالي, وسريع, والمندوب, مثالي, ومحترم, موظف",0
37005621104050835,S25120024,300,"رأيك يهمنا، فضلاً شاركنا تعليق او مقترح يساعد في تحسين التجربة",TEXT_INPUT,ماشاء الله سرعه في التواصل والتوصيل,ماشاء الله سرعه في التواصل والتوصيل,positive,"[{'text': 'سرعه', 'label': 'حدث', 'score': 0.3697985112667084, 'start': 11, 'end': 15}, {'text': 'التواصل', 'label': 'حدث', 'score': 0.49769556522369385, 'start': 19, 'end': 26}]","الطلب, فهد, الرحمن, اشكر اخوي, اشكره, مشاء, سرعه التواصل, واللنجاز, عبد الرحمن, مشاء الله",55
16097402053853006,S25120024,300,"رأيك يهمنا، فضلاً شاركنا تعليق او مقترح يساعد في تحسين التجربة",TEXT_INPUT,‏ماذا يحدث في هذه الشركة من سنوات طويلة ونحن نعمل مع شركة قنوات ‏إدارة الأمثلة لها تستجيب بمجرد اتصال أو رسالة والآن ننتظر أكثر من 10 أيام ولا يستجيب أحد فارجو منكم النظر,ماذا يحدث في هذه الشركه سنوات طويله ونحن نعمل مع شركه قنوات اداره الامثله لها تستجيب بمجرد اتصال او رساله والان ننتظر اكثر 10 ايام ولا يستجيب احد فارجو منكم النظر,negative,"[{'text': 'الشركه', 'label': 'منظمة', 'score': 0.5745682716369629, 'start': 17, 'end': 23}, {'text': 'سنوات طويله', 'label': 'وقت', 'score': 0.45004725456237793, 'start': 24, 'end': 35}, {'text': 'قنوات اداره الامثله', 'label': 'منظمة', 'score': 0.6639177203178406, 'start': 54, 'end': 73}, {'text': 'اتصال', 'label': 'حدث', 'score': 0.5840176939964294, 'start': 91, 'end': 96}, {'text': 'رساله', 'label': 'حدث', 'score': 0.5339481234550476, 'start': 100, 'end': 105}, {'text': '10 ايام', 'label': 'وقت', 'score': 0.5803152918815613, 'start': 123, 'end': 130}, {'text': 'احد', 'label': 'شخص', 'score': 0.6091939210891724, 'start': 142, 'end': 145}]","وعدم, ولا, بشكل, تم, بسبب, قنوات, ان, شريحه, الان, التجار",2
56125052309490479,S25120024,300,"رأيك يهمنا، فضلاً شاركنا تعليق او مقترح يساعد في تحسين التجربة",TEXT_INPUT,لي يومين ماتنزل الشرائح ع منافذ ,لي يومين ماتنزل الشرائح ع منافذ,negative,"[{'text': 'يومين', 'label': 'وقت', 'score': 0.5650277733802795, 'start': 3, 'end': 8}, {'text': 'الشرائح', 'label': 'منتج', 'score': 0.6669073700904846, 'start': 16, 'end': 23}, {'text': 'منافذ', 'label': 'مكان', 'score': 0.5336741209030151, 'start': 26, 'end': 31}]","ولم, شرائح, نقل, الفرع, الرقم, اطلب, لي, اكثر, او, عرض",1
28689596068361915,S25120024,300,"رأيك يهمنا، فضلاً شاركنا تعليق او مقترح يساعد في تحسين التجربة",TEXT_INPUT,لي مايقارب الشهر والنصف احاول انهاء الاجراءات وكانت بطيئة للغايه جدا والتواصل مع الموظف المختص بالطائف اصعب ولايوجد تعاون وعندما احال الامر للمندوب لتوصيل الشرايح ومنتجات stc  للان لم يتواصل معنا احد .. وعن الاسم اللذي زودنا به الموظف المختص نتواصل معه وابلغنا يوم الاحد انه سيحضر اليوم التالي ثم لم يحضر ولايتجاوب معنا ولا على رسائلنا ,لي مايقارب الشهر والنصف احاول انهاء الاجراءات وكانت بطيئه للغايه جدا والتواصل مع الموظف المختص بالطائف اصعب ولايوجد تعاون وعندما احال الامر للمندوب لتوصيل الشرايح ومنتجات للان لم يتواصل معنا احد وعن الاسم اللذي زودنا به الموظف المختص نتواصل معه وابلغنا يوم الاحد انه سيحضر اليوم التالي ثم لم يحضر ولايتجاوب معنا ولا علي رسائلنا,negative,"[{'text': 'الشهر والنصف', 'label': 'وقت', 'score': 0.45294302701950073, 'start': 11, 'end': 23}, {'text': 'الاجراءات', 'label': 'حدث', 'score': 0.5344831347465515, 'start': 36, 'end': 45}, {'text': 'الموظف المختص', 'label': 'شخص', 'score': 0.7467789649963379, 'start': 81, 'end': 94}, {'text': 'بالطائف', 'label': 'مكان', 'score': 0.31788939237594604, 'start': 95, 'end': 102}, {'text': 'الشرايح', 'label': 'منتج', 'score': 0.6001349091529846, 'start': 155, 'end': 162}, {'text': 'الاسم', 'label': 'شخص', 'score': 0.47861650586128235, 'start': 199, 'end': 204}, {'text': 'الموظف المختص', 'label': 'شخص', 'score': 0.8047102093696594, 'start': 220, 'end': 233}, {'text': 'الاحد', 'label': 'تاريخ', 'score': 0.6711657643318176, 'start': 257, 'end': 262}, {'text': 'اليوم التالي', 'label': 'وقت', 'score': 0.46917274594306946, 'start': 273, 'end': 285}]","وعدم, ولا, بشكل, تم, بسبب, قنوات, ان, شريحه, الان, التجار",2
46278050251683713,S25120024,300,"رأيك يهمنا، فضلاً شاركنا تعليق او مقترح يساعد في تحسين التجربة",TEXT_INPUT,لي اكثر من اسبوعين اطلب شرائح وفي الاخير يعطيني 30 شريحة ,لي اكثر اسبوعين اطلب شرائح وفي الاخير يعطيني 30 شريحه,neutral,"[{'text': 'لي', 'label': 'شخص', 'score': 0.4694729745388031, 'start': 0, 'end': 2}, {'text': 'اسبوعين', 'label': 'وقت', 'score': 0.6761944890022278, 'start': 8, 'end': 15}, {'text': 'شرائح', 'label': 'منتج', 'score': 0.6932123303413391, 'start': 21, 'end': 26}, {'text': 'الاخير', 'label': 'وقت', 'score': 0.45663008093833923, 'start': 31, 'end': 37}, {'text': 'يعطيني', 'label': 'شخص', 'score': 0.30901116132736206, 'start': 38, 'end': 44}, {'text': 'شريحه', 'label': 'منتج', 'score': 0.5951542854309082, 'start': 48, 'end': 53}]","ولم, شرائح, نقل, الفرع, الرقم, اطلب, لي, اكثر, او, عرض",1
25559777219972013,S25120024,300,"رأيك يهمنا، فضلاً شاركنا تعليق او مقترح يساعد في تحسين التجربة",TEXT_INPUT,لو تشوفون وضع اليوزر كل شري نرفع طلب تنشيط اليوزر,لو تشوفون وضع اليوزر كل شري نرفع طلب تنشيط اليوزر,neutral,"[{'text': 'اليوزر', 'label': 'منتج', 'score': 0.8108355402946472, 'start': 14, 'end': 20}, {'text': 'شري', 'label': 'شخص', 'score': 0.7205167412757874, 'start': 24, 'end': 27}, {'text': 'طلب', 'label': 'حدث', 'score': 0.3233666718006134, 'start': 33, 'end': 36}, {'text': 'اليوزر', 'label': 'منتج', 'score': 0.8065626621246338, 'start': 43, 'end': 49}]","اليوزر, وغير, طلب, تعليق, تعليق اليوزر, لو, متوفره, اشهر, كثره, وضع",72
1375414260750112,S25120024,300,"رأيك يهمنا، فضلاً شاركنا تعليق او مقترح يساعد في تحسين التجربة",TEXT_INPUT,لنظام مشاكله كثير عكس باقي الشركات الاخرى,لنظام مشاكله كثير عكس باقي الشركات الاخري,negative,"[{'text': 'لنظام', 'label': 'منظمة', 'score': 0.4367257058620453, 'start': 0, 'end': 5}, {'text': 'مشاكله', 'label': 'حدث', 'score': 0.41296112537384033, 'start': 6, 'end': 12}, {'text': 'الشركات', 'label': 'منظمة', 'score': 0.5640414953231812, 'start': 27, 'end': 34}]",متنوع,-1
34583181136171304,S25120024,300,"رأيك يهمنا، فضلاً شاركنا تعليق او مقترح يساعد في تحسين التجربة",TEXT_INPUT,لن تتطور قنوات مالم يوجد منافس لها داخل شركة اس تي سي,لن تتطور قنوات مالم يوجد منافس لها داخل شركه اس تي سي,positive,"[{'text': 'قنوات', 'label': 'منتج', 'score': 0.5752636194229126, 'start': 9, 'end': 14}, {'text': 'منافس', 'label': 'شخص', 'score': 0.5154855847358704, 'start': 25, 'end': 30}, {'text': 'شركه اس تي سي', 'label': 'منظمة', 'score': 0.6518773436546326, 'start': 40, 'end': 53}]",متنوع,-1
43756144018639551,S25120024,300,"رأيك يهمنا، فضلاً شاركنا تعليق او مقترح يساعد في تحسين التجربة",TEXT_INPUT,لماذا لايوجد مسابقات او عمولة إضافية منذ 6 اشهر,لماذا لايوجد مسابقات او عموله اضافيه منذ 6 اشهر,negative,"[{'text': 'مسابقات', 'label': 'حدث', 'score': 0.6431559324264526, 'start': 13, 'end': 20}, {'text': 'عموله اضافيه', 'label': 'حدث', 'score': 0.425876647233963, 'start': 24, 'end': 36}, {'text': '6 اشهر', 'label': 'وقت', 'score': 0.6012115478515625, 'start': 41, 'end': 47}]","ولم, شرائح, نقل, الفرع, الرقم, اطلب, لي, اكثر, او, عرض",1
23708507105658160,S25120024,300,"رأيك يهمنا، فضلاً شاركنا تعليق او مقترح يساعد في تحسين التجربة",TEXT_INPUT,لم يتم تسليم الشرائح,لم يتم تسليم الشرائح,negative,"[{'text': 'الشرائح', 'label': 'منتج', 'score': 0.5819883346557617, 'start': 13, 'end': 20}]","عدم توفر, توفر, الشرائح, تسليم الشرائح, توفر الشرايح, تسليم, عدم, يتم, الشرايح, ",61
26294194634418246,S25120024,300,"رأيك يهمنا، فضلاً شاركنا تعليق او مقترح يساعد في تحسين التجربة",TEXT_INPUT,للأمانه موظف مثالي ويستحق كل الشكر ,للامانه موظف مثالي ويستحق كل الشكر,positive,"[{'text': 'للامانه', 'label': 'شخص', 'score': 0.555686354637146, 'start': 0, 'end': 7}, {'text': 'موظف', 'label': 'شخص', 'score': 0.7387940883636475, 'start': 8, 'end': 12}, {'text': 'مثالي', 'label': 'شخص', 'score': 0.32085368037223816, 'start': 13, 'end': 18}, {'text': 'الشكر', 'label': 'حدث', 'score': 0.31222283840179443, 'start': 29, 'end': 34}]","ومتعاون, محترم, متعاون, ويستحق, موظف مثالي, وسريع, والمندوب, مثالي, ومحترم, موظف",0
1473545316222154,S25120024,300,"رأيك يهمنا، فضلاً شاركنا تعليق او مقترح يساعد في تحسين التجربة",TEXT_INPUT,للأمانه موظف مثالي ومتفاني في عمله,للامانه موظف مثالي ومتفاني في عمله,positive,"[{'text': 'للامانه', 'label': 'منظمة', 'score': 0.5816529393196106, 'start': 0, 'end': 7}, {'text': 'موظف', 'label': 'شخص', 'score': 0.7358555197715759, 'start': 8, 'end': 12}, {'text': 'مثالي', 'label': 'شخص', 'score': 0.4234134554862976, 'start': 13, 'end': 18}, {'text': 'عمله', 'label': 'حدث', 'score': 0.3264215290546417, 'start': 30, 'end': 34}]","ومتعاون, محترم, متعاون, ويستحق, موظف مثالي, وسريع, والمندوب, مثالي, ومحترم, موظف",0
55587819333278411,S25120024,300,"رأيك يهمنا، فضلاً شاركنا تعليق او مقترح يساعد في تحسين التجربة",TEXT_INPUT,لقد وصلتني منكم شرايح ولكن لم يستطيع مندوب,لقد وصلتني منكم شرايح ولكن لم يستطيع مندوب,neutral,"[{'text': 'شرايح', 'label': 'منتج', 'score': 0.7091594934463501, 'start': 16, 'end': 21}, {'text': 'مندوب', 'label': 'شخص', 'score': 0.8271415829658508, 'start': 37, 'end': 42}]","ولم, شرائح, نقل, الفرع, الرقم, اطلب, لي, اكثر, او, عرض",1
60948014998042038,S25120024,300,"رأيك يهمنا، فضلاً شاركنا تعليق او مقترح يساعد في تحسين التجربة",TEXT_INPUT,لديكم مشكلة في التواصل بين الشريك التجاري والشركة,لديكم مشكله في التواصل بين الشريك التجاري والشركه,neutral,"[{'text': 'مشكله', 'label': 'حدث', 'score': 0.4331221580505371, 'start': 6, 'end': 11}, {'text': 'التواصل', 'label': 'حدث', 'score': 0.44176027178764343, 'start': 15, 'end': 22}, {'text': 'الشريك التجاري', 'label': 'شخص', 'score': 0.6820442080497742, 'start': 27, 'end': 41}]",متنوع,-1
13510891456582055,S25120024,300,"رأيك يهمنا، فضلاً شاركنا تعليق او مقترح يساعد في تحسين التجربة",TEXT_INPUT,لايوجد ملاحضاتوسرعه في الطلب مشاء الله ,لايوجد ملاحضاتوسرعه في الطلب مشاء الله,negative,"[{'text': 'ملاحضاتوسرعه', 'label': 'شخص', 'score': 0.3680643141269684, 'start': 7, 'end': 19}, {'text': 'الطلب', 'label': 'حدث', 'score': 0.45884981751441956, 'start': 23, 'end': 28}, {'text': 'مشاء الله', 'label': 'شخص', 'score': 0.44654756784439087, 'start': 29, 'end': 38}]","الطلب, فهد, الرحمن, اشكر اخوي, اشكره, مشاء, سرعه التواصل, واللنجاز, عبد الرحمن, مشاء الله",55
16087118871819782,S25120024,300,"رأيك يهمنا، فضلاً شاركنا تعليق او مقترح يساعد في تحسين التجربة",TEXT_INPUT,لايوجد شيء ,لايوجد شيء,negative,[],"لايوجد, شيء, يوجد, , , , , , , ",71
57205037496013261,S25120024,300,"رأيك يهمنا، فضلاً شاركنا تعليق او مقترح يساعد في تحسين التجربة",TEXT_INPUT,لايوجد شرايح من النندمناديب,لايوجد شرايح النندمناديب,negative,"[{'text': 'شرايح', 'label': 'منتج', 'score': 0.39688390493392944, 'start': 7, 'end': 12}, {'text': 'النندمناديب', 'label': 'منتج', 'score': 0.5314763188362122, 'start': 13, 'end': 24}]","شرايح, لايوجد, بطيئه, مره, الاستحابه, متوفره, اطلب, عدد, مشكله, الشرايح",17
,S25120024,300,"رأيك يهمنا، فضلاً شاركنا تعليق او مقترح يساعد في تحسين التجربة",TEXT_INPUT,لايوجد شرايح stc مشكله ,لايوجد شرايح مشكله,negative,"[{'text': 'شرايح', 'label': 'حدث', 'score': 0.31397882103919983, 'start': 7, 'end': 12}, {'text': 'مشكله', 'label': 'شخص', 'score': 0.3275902569293976, 'start': 13, 'end': 18}]","شرايح, لايوجد, بطيئه, مره, الاستحابه, متوفره, اطلب, عدد, مشكله, الشرايح",17
29057908104404808,S25120024,300,"رأيك يهمنا، فضلاً شاركنا تعليق او مقترح يساعد في تحسين التجربة",TEXT_INPUT,لايوجد حاليا,لايوجد حاليا,neutral,"[{'text': 'حاليا', 'label': 'وقت', 'score': 0.459555983543396, 'start': 7, 'end': 12}]","لايوجد, شيء, يوجد, , , , , , , ",71
51768427408377823,S25120024,300,"رأيك يهمنا، فضلاً شاركنا تعليق او مقترح يساعد في تحسين التجربة",TEXT_INPUT,لايوجد اي ملاحظه,لايوجد اي ملاحظه,negative,[],"لدي مشاكل, يوجد لدي, ملاحظه, اي, لدي, مشاكل, لايوجد, يوجد, , ",68
55512782604491748,S25120024,300,"رأيك يهمنا، فضلاً شاركنا تعليق او مقترح يساعد في تحسين التجربة",TEXT_INPUT,لايوجد,لايوجد,negative,[],"شك, جيد, لايوجد, شكرا, , , , , , ",21
53534365534261739,S25120024,300,"رأيك يهمنا، فضلاً شاركنا تعليق او مقترح يساعد في تحسين التجربة",TEXT_INPUT,لامثيل له,لامثيل له,negative,"[{'text': 'لامثيل', 'label': 'شخص', 'score': 0.5120213031768799, 'start': 0, 'end': 6}]",متنوع,-1
27473580689626003,S25120024,300,"رأيك يهمنا، فضلاً شاركنا تعليق او مقترح يساعد في تحسين التجربة",TEXT_INPUT,لازلنا نعاني من عدم وفرة المخزون من الشرايح وكذلك اخطاء تطبيق كويك بلس,لازلنا نعاني عدم وفره المخزون الشرايح وكذلك اخطاء تطبيق كويك بلس,negative,"[{'text': 'عدم وفره', 'label': 'حدث', 'score': 0.3704231381416321, 'start': 13, 'end': 21}, {'text': 'المخزون الشرايح', 'label': 'منتج', 'score': 0.6154701113700867, 'start': 22, 'end': 37}, {'text': 'اخطاء', 'label': 'حدث', 'score': 0.35745877027511597, 'start': 44, 'end': 49}, {'text': 'تطبيق', 'label': 'منتج', 'score': 0.34489893913269043, 'start': 50, 'end': 55}, {'text': 'كويك بلس', 'label': 'منظمة', 'score': 0.5735995769500732, 'start': 56, 'end': 64}]","تطبيق كويك, تطبيق, كويك بلس, بلس, كويك, نعاني, التجار, المخزون, عدم, شح",43
22972687950227100,S25120024,300,"رأيك يهمنا، فضلاً شاركنا تعليق او مقترح يساعد في تحسين التجربة",TEXT_INPUT,لازالت معاناتنا مستمره مع شركة قنوات وتوفير الشرايح وكذاك الدعم الفني ,لازالت معاناتنا مستمره مع شركه قنوات وتوفير الشرايح وكذاك الدعم الفني,negative,"[{'text': 'معاناتنا', 'label': 'حدث', 'score': 0.54299396276474, 'start': 7, 'end': 15}, {'text': 'شركه قنوات', 'label': 'منظمة', 'score': 0.7818543910980225, 'start': 26, 'end': 36}, {'text': 'الشرايح', 'label': 'منتج', 'score': 0.5859605073928833, 'start': 44, 'end': 51}, {'text': 'الدعم الفني', 'label': 'منتج', 'score': 0.46997061371803284, 'start': 58, 'end': 69}]","عدم وجود, قنوات وتوفير, مستمر, يستجيب, مستمره, المندوب ناصر, الدعم, الفني, وتوفير, ناصر الشمري",67
18501724460175850,S25120024,300,"رأيك يهمنا، فضلاً شاركنا تعليق او مقترح يساعد في تحسين التجربة",TEXT_INPUT,لا يوجد,لا يوجد,neutral,[],"لايوجد, شيء, يوجد, , , , , , , ",71
13345311028014435,S25120024,300,"رأيك يهمنا، فضلاً شاركنا تعليق او مقترح يساعد في تحسين التجربة",TEXT_INPUT,كنتم من افضل الشركات والان التطبيق اعطال بشكل شبه يومي والشرايح يصرف لنا بالقطارة مما جعلنا نضع سوا الخيار الاخير للعملاء ونحاول نقنعهم في باقي الشركات بسبب اننا لانضمن ان يصرف لنا شرايح في حال نفاذها ,كنتم افضل الشركات والان التطبيق اعطال بشكل شبه يومي والشرايح يصرف لنا بالقطاره مما جعلنا نضع سوا الخيار الاخير للعملاء ونحاول نقنعهم في باقي الشركات بسبب اننا لانضمن ان يصرف لنا شرايح في حال نفاذها,negative,"[{'text': 'الشركات', 'label': 'منظمة', 'score': 0.6764559149742126, 'start': 10, 'end': 17}, {'text': 'التطبيق', 'label': 'منتج', 'score': 0.5781198740005493, 'start': 24, 'end': 31}, {'text': 'اعطال', 'label': 'حدث', 'score': 0.6334385871887207, 'start': 32, 'end': 37}, {'text': 'الشركات', 'label': 'منظمة', 'score': 0.7030772566795349, 'start': 141, 'end': 148}, {'text': 'شرايح', 'label': 'منتج', 'score': 0.7176195979118347, 'start': 178, 'end': 183}]","وعدم, ولا, بشكل, تم, بسبب, قنوات, ان, شريحه, الان, التجار",2
60866404015340171,S25120024,300,"رأيك يهمنا، فضلاً شاركنا تعليق او مقترح يساعد في تحسين التجربة",TEXT_INPUT,"كنتم في السابق الأفضل بلا منازع في تقديم خدماتكم بجودة وكفاءة عالية، ولكن للأسف، مع مرور الوقت تراجعت مستويات الأداء بشكل ملحوظ، وأصبحتم الآن من بين الأسوأ في تلبية احتياجات العملاء وتقديم الدعم المطلوب.","كنتم في السابق الافضل بلا منازع في تقديم خدماتكم بجوده وكفاءه عاليه، ولكن للاسف، مع مرور الوقت تراجعت مستويات الاداء بشكل ملحوظ، واصبحتم الان بين الاسوا في تلبيه احتياجات العملاء وتقديم الدعم المطلوب",negative,"[{'text': 'السابق', 'label': 'وقت', 'score': 0.48620545864105225, 'start': 8, 'end': 14}, {'text': 'خدماتكم', 'label': 'منتج', 'score': 0.5343504548072815, 'start': 41, 'end': 48}, {'text': 'الوقت', 'label': 'وقت', 'score': 0.5753053426742554, 'start': 89, 'end': 94}, {'text': 'مستويات الاداء', 'label': 'حدث', 'score': 0.3121785819530487, 'start': 102, 'end': 116}, {'text': 'الاسوا', 'label': 'شخص', 'score': 0.38060951232910156, 'start': 146, 'end': 152}, {'text': 'العملاء', 'label': 'شخص', 'score': 0.7645304203033447, 'start': 171, 'end': 178}, {'text': 'الدعم', 'label': 'حدث', 'score': 0.44646158814430237, 'start': 186, 'end': 191}]","وعدم, ولا, بشكل, تم, بسبب, قنوات, ان, شريحه, الان, التجار",2
32237213701822733,S25120024,300,"رأيك يهمنا، فضلاً شاركنا تعليق او مقترح يساعد في تحسين التجربة",TEXT_INPUT,كلمات الشكر لاتفي بمايقدمه رضا الشمري من حسن تعامل الله يجزاك خير ,كلمات الشكر لاتفي بمايقدمه رضا الشمري حسن تعامل الله يجزاك خير,positive,"[{'text': 'كلمات الشكر', 'label': 'حدث', 'score': 0.3836802542209625, 'start': 0, 'end': 11}, {'text': 'رضا الشمري', 'label': 'شخص', 'score': 0.9259239435195923, 'start': 27, 'end': 37}, {'text': 'حسن', 'label': 'شخص', 'score': 0.3158121705055237, 'start': 38, 'end': 41}, {'text': 'الله', 'label': 'منظمة', 'score': 0.4048950672149658, 'start': 48, 'end': 52}, {'text': 'خير', 'label': 'حدث', 'score': 0.3257654905319214, 'start': 59, 'end': 62}]",متنوع,-1
27920545410669827,S25120024,300,"رأيك يهمنا، فضلاً شاركنا تعليق او مقترح يساعد في تحسين التجربة",TEXT_INPUT,‏كل شي ممتاز,كل شي ممتاز,positive,"[{'text': 'كل شي', 'label': 'منتج', 'score': 0.4206242859363556, 'start': 0, 'end': 5}, {'text': 'ممتاز', 'label': 'منتج', 'score': 0.47495028376579285, 'start': 6, 'end': 11}]","شي, الخدمات, تمام, جيده, ممتاز, , , , , ",62
16659820709505332,S25120024,300,"رأيك يهمنا، فضلاً شاركنا تعليق او مقترح يساعد في تحسين التجربة",TEXT_INPUT,كل شي تمام,كل شي تمام,positive,"[{'text': 'كل شي تمام', 'label': 'حدث', 'score': 0.30880415439605713, 'start': 0, 'end': 10}]","شي, الخدمات, تمام, جيده, ممتاز, , , , , ",62
15226869903645151,S25120024,300,"رأيك يهمنا، فضلاً شاركنا تعليق او مقترح يساعد في تحسين التجربة",TEXT_INPUT,كل الشكرا للمندوب فيصل ,كل الشكرا للمندوب فيصل,positive,"[{'text': 'فيصل', 'label': 'شخص', 'score': 0.799898624420166, 'start': 18, 'end': 22}]","للمندوب, شكرا للمندوب, شكر للمندوب, للمندوب علي, وشكر, علي شكرا, رضاء محمد, سرعه الانجاز, لمندوب, وشكر خاص",10
60751185487679686,S25120024,300,"رأيك يهمنا، فضلاً شاركنا تعليق او مقترح يساعد في تحسين التجربة",TEXT_INPUT,كل الشكر لمندوب رضا,كل الشكر لمندوب رضا,positive,"[{'text': 'لمندوب رضا', 'label': 'شخص', 'score': 0.5696614384651184, 'start': 9, 'end': 19}]","للمندوب, شكرا للمندوب, شكر للمندوب, للمندوب علي, وشكر, علي شكرا, رضاء محمد, سرعه الانجاز, لمندوب, وشكر خاص",10
45915611449801728,S25120024,300,"رأيك يهمنا، فضلاً شاركنا تعليق او مقترح يساعد في تحسين التجربة",TEXT_INPUT,كل الشكر لمسؤول المبيعات ياسر المحيميد,كل الشكر لمسؤول المبيعات ياسر المحيميد,positive,"[{'text': 'المبيعات', 'label': 'منظمة', 'score': 0.3874977231025696, 'start': 16, 'end': 24}, {'text': 'ياسر المحيميد', 'label': 'شخص', 'score': 0.8621435165405273, 'start': 25, 'end': 38}]","للمندوب, شكرا للمندوب, شكر للمندوب, للمندوب علي, وشكر, علي شكرا, رضاء محمد, سرعه الانجاز, لمندوب, وشكر خاص",10
16004566765968499,S25120024,300,"رأيك يهمنا، فضلاً شاركنا تعليق او مقترح يساعد في تحسين التجربة",TEXT_INPUT,كل الشكر للموظف مزيد على حسن تعامله ,كل الشكر للموظف مزيد علي حسن تعامله,positive,"[{'text': 'مزيد', 'label': 'شخص', 'score': 0.8125485181808472, 'start': 16, 'end': 20}, {'text': 'حسن', 'label': 'شخص', 'score': 0.4831732213497162, 'start': 25, 'end': 28}, {'text': 'تعامله', 'label': 'حدث', 'score': 0.39386799931526184, 'start': 29, 'end': 35}]","للموظف, الدائمه, القلب للموظف, الرائع, علي تعامله, علي رحابه, رحابه صدره, شكرا القلب, رحابه, صدره",54
15824186043628060,S25120024,300,"رأيك يهمنا، فضلاً شاركنا تعليق او مقترح يساعد في تحسين التجربة",TEXT_INPUT,كل الشكر للمندوب جدآ متفاعل وعملي وسريع الخدمة لنا ,كل الشكر للمندوب جدا متفاعل وعملي وسريع الخدمه لنا,positive,"[{'text': 'للمندوب', 'label': 'شخص', 'score': 0.6531925201416016, 'start': 9, 'end': 16}, {'text': 'الخدمه', 'label': 'شخص', 'score': 0.488446980714798, 'start': 40, 'end': 46}, {'text': 'لنا', 'label': 'شخص', 'score': 0.3499486446380615, 'start': 47, 'end': 50}]","ومتعاون, محترم, متعاون, ويستحق, موظف مثالي, وسريع, والمندوب, مثالي, ومحترم, موظف",0
43668635506343635,S25120024,300,"رأيك يهمنا، فضلاً شاركنا تعليق او مقترح يساعد في تحسين التجربة",TEXT_INPUT,كل الشكر,كل الشكر,positive,"[{'text': 'كل الشكر', 'label': 'شخص', 'score': 0.3199963867664337, 'start': 0, 'end': 8}]","عبدالمجيد, العبدلي, الشكر, شكرا, , , , , , ",83
22760213862868993,S25120024,300,"رأيك يهمنا، فضلاً شاركنا تعليق او مقترح يساعد في تحسين التجربة",TEXT_INPUT,كل الخدمات جيده,كل الخدمات جيده,positive,"[{'text': 'الخدمات', 'label': 'منظمة', 'score': 0.48794636130332947, 'start': 3, 'end': 10}]","شي, الخدمات, تمام, جيده, ممتاز, , , , , ",62
22502085760057363,S25120024,300,"رأيك يهمنا، فضلاً شاركنا تعليق او مقترح يساعد في تحسين التجربة",TEXT_INPUT,كفيتو ووفيتو ,كفيتو ووفيتو,positive,[],متنوع,-1
26719672483360709,S25120024,300,"رأيك يهمنا، فضلاً شاركنا تعليق او مقترح يساعد في تحسين التجربة",TEXT_INPUT,كفو,كفو,positive,"[{'text': 'كفو', 'label': 'منتج', 'score': 0.4517982304096222, 'start': 0, 'end': 3}]","تم, , , , , , , , , ",82
46846198134018139,S25120024,300,"رأيك يهمنا، فضلاً شاركنا تعليق او مقترح يساعد في تحسين التجربة",TEXT_INPUT,كثرت تعليق اليوزر وقله في توفير الشرائح ,كثرت تعليق اليوزر وقله في توفير الشرائح,negative,"[{'text': 'تعليق', 'label': 'حدث', 'score': 0.37391552329063416, 'start': 5, 'end': 10}, {'text': 'اليوزر', 'label': 'منظمة', 'score': 0.6136530041694641, 'start': 11, 'end': 17}, {'text': 'توفير', 'label': 'حدث', 'score': 0.30862322449684143, 'start': 26, 'end': 31}, {'text': 'الشرائح', 'label': 'منتج', 'score': 0.6718499064445496, 'start': 32, 'end': 39}]",متنوع,-1
48576263681396623,S25120024,300,"رأيك يهمنا، فضلاً شاركنا تعليق او مقترح يساعد في تحسين التجربة",TEXT_INPUT,كثرة تعليق اليوزر وغير متوفرة الشرائح ,كثره تعليق اليوزر وغير متوفره الشرائح,negative,"[{'text': 'تعليق', 'label': 'حدث', 'score': 0.4722675085067749, 'start': 5, 'end': 10}, {'text': 'اليوزر', 'label': 'منتج', 'score': 0.799663782119751, 'start': 11, 'end': 17}, {'text': 'الشرائح', 'label': 'منتج', 'score': 0.4671183228492737, 'start': 30, 'end': 37}]","اليوزر, وغير, طلب, تعليق, تعليق اليوزر, لو, متوفره, اشهر, كثره, وضع",72
56454827091326015,S25120024,300,"رأيك يهمنا، فضلاً شاركنا تعليق او مقترح يساعد في تحسين التجربة",TEXT_INPUT,كثرت الأعطال في الستسم ,كثرت الاعطال في الستسم,negative,"[{'text': 'الاعطال', 'label': 'حدث', 'score': 0.6851646304130554, 'start': 5, 'end': 12}, {'text': 'الستسم', 'label': 'مكان', 'score': 0.7641315460205078, 'start': 16, 'end': 22}]","نقص, كثرت, عندي, صرف, الاعطال, زياده, الشرايح, , , ",51
24819926131693519,S25120024,300,"رأيك يهمنا، فضلاً شاركنا تعليق او مقترح يساعد في تحسين التجربة",TEXT_INPUT,كاول يوم تعامل معه جميل جدا متساعد متفهم يحاول تسهيل احتاجتنا,كاول يوم تعامل معه جميل جدا متساعد متفهم يحاول تسهيل احتاجتنا,positive,"[{'text': 'كاول يوم', 'label': 'وقت', 'score': 0.6082720160484314, 'start': 0, 'end': 8}, {'text': 'معه', 'label': 'شخص', 'score': 0.3714432120323181, 'start': 15, 'end': 18}, {'text': 'متساعد', 'label': 'شخص', 'score': 0.35618728399276733, 'start': 28, 'end': 34}, {'text': 'متفهم', 'label': 'شخص', 'score': 0.43716496229171753, 'start': 35, 'end': 40}, {'text': 'احتاجتنا', 'label': 'حدث', 'score': 0.32718953490257263, 'start': 53, 'end': 61}]","ومتعاون, محترم, متعاون, ويستحق, موظف مثالي, وسريع, والمندوب, مثالي, ومحترم, موظف",0
50063231142085878,S25120024,300,"رأيك يهمنا، فضلاً شاركنا تعليق او مقترح يساعد في تحسين التجربة",TEXT_INPUT,كان اسرع من ماهو متوقع ,كان اسرع ماهو متوقع,positive,"[{'text': 'اسرع', 'label': 'وقت', 'score': 0.32308652997016907, 'start': 4, 'end': 8}]",متنوع,-1
54370788641893578,S25120024,300,"رأيك يهمنا، فضلاً شاركنا تعليق او مقترح يساعد في تحسين التجربة",TEXT_INPUT,قمه في الأدب والاحترام والتعاون ,قمه في الادب والاحترام والتعاون,positive,"[{'text': 'قمه', 'label': 'وقت', 'score': 0.5057931542396545, 'start': 0, 'end': 3}, {'text': 'الادب', 'label': 'مكان', 'score': 0.3447534143924713, 'start': 7, 'end': 12}]","والتعاون, جدا راقي, الاخلاق, راقي, موظف, التعامل, الموظف, جدا, , ",75
46848052428588825,S25120024,300,"رأيك يهمنا، فضلاً شاركنا تعليق او مقترح يساعد في تحسين التجربة",TEXT_INPUT,قلة في الشرايح وعدم توفيرها بشكل دايم,قله في الشرايح وعدم توفيرها بشكل دايم,negative,"[{'text': 'قله', 'label': 'حدث', 'score': 0.3778633773326874, 'start': 0, 'end': 3}, {'text': 'الشرايح', 'label': 'منتج', 'score': 0.6949458718299866, 'start': 7, 'end': 14}, {'text': 'توفيرها', 'label': 'حدث', 'score': 0.3903201222419739, 'start': 20, 'end': 27}]","دايم, الوصول, قله, كافي, الشرايح وعدم, العدد, للشرائح, تاخير, بشكل, وعدم",89
11190990621135544,S25120024,300,"رأيك يهمنا، فضلاً شاركنا تعليق او مقترح يساعد في تحسين التجربة",TEXT_INPUT,قصر الثريا,قصر الثريا,neutral,"[{'text': 'قصر الثريا', 'label': 'مكان', 'score': 0.7863250970840454, 'start': 0, 'end': 10}]",متنوع,-1
30607239823476934,S25120024,300,"رأيك يهمنا، فضلاً شاركنا تعليق او مقترح يساعد في تحسين التجربة",TEXT_INPUT,قسم بالله أفضل موظف,قسم بالله افضل موظف,positive,"[{'text': 'قسم بالله', 'label': 'شخص', 'score': 0.38725197315216064, 'start': 0, 'end': 9}, {'text': 'افضل موظف', 'label': 'شخص', 'score': 0.6503151655197144, 'start': 10, 'end': 19}]",متنوع,-1
37010049919910489,S25120024,300,"رأيك يهمنا، فضلاً شاركنا تعليق او مقترح يساعد في تحسين التجربة",TEXT_INPUT,فيه مشاكل نواجهها في استخراج الشرايح احيان من اليوزر واحيان منكنافذ,فيه مشاكل نواجهها في استخراج الشرايح احيان اليوزر واحيان منكنافذ,negative,"[{'text': 'فيه', 'label': 'حدث', 'score': 0.3191002309322357, 'start': 0, 'end': 3}, {'text': 'مشاكل', 'label': 'حدث', 'score': 0.46334779262542725, 'start': 4, 'end': 9}, {'text': 'استخراج', 'label': 'حدث', 'score': 0.307417094707489, 'start': 21, 'end': 28}, {'text': 'الشرايح', 'label': 'منتج', 'score': 0.6244476437568665, 'start': 29, 'end': 36}, {'text': 'اليوزر', 'label': 'منتج', 'score': 0.6609084010124207, 'start': 43, 'end': 49}, {'text': 'منكنافذ', 'label': 'منتج', 'score': 0.5558896064758301, 'start': 57, 'end': 64}]","استخراج, اليوزر, بدون, مستمر, رد, متكرره, وقت, خلال, شريحه, فيه",81
12748608340265986,S25120024,300,"رأيك يهمنا، فضلاً شاركنا تعليق او مقترح يساعد في تحسين التجربة",TEXT_INPUT,فيصل خبراني افضل مندوب في جزا,فيصل خبراني افضل مندوب في جزا,positive,"[{'text': 'فيصل خبراني', 'label': 'شخص', 'score': 0.8894582390785217, 'start': 0, 'end': 11}, {'text': 'جزا', 'label': 'مكان', 'score': 0.6694796681404114, 'start': 26, 'end': 29}]","مندوب, افضل, افضل الشركات, الله يوفقه, يوفقه, جدا ممتاز, تعاملت معه, تعاملت, وافضل مندوب, واخلاقه",25
42206898460777241,S25120024,300,"رأيك يهمنا، فضلاً شاركنا تعليق او مقترح يساعد في تحسين التجربة",TEXT_INPUT,فيصل العمري شكراً جزيلاً على ماتقدمه,فيصل العمري شكراً جزيلاً علي ماتقدمه,positive,"[{'text': 'فيصل العمري', 'label': 'شخص', 'score': 0.9093068242073059, 'start': 0, 'end': 11}]","المعامله, حسن المعامله, الاخ, الاخ تركي, نشكر الاخ, عل, جزيلا, شكرا جزيلا, شكرا الاخ, وليد",38
29915602227226512,S25120024,300,"رأيك يهمنا، فضلاً شاركنا تعليق او مقترح يساعد في تحسين التجربة",TEXT_INPUT,في تاخير,في تاخير,negative,"[{'text': 'تاخير', 'label': 'مكان', 'score': 0.43062952160835266, 'start': 3, 'end': 8}]",متنوع,-1
14025557352434435,S25120024,300,"رأيك يهمنا، فضلاً شاركنا تعليق او مقترح يساعد في تحسين التجربة",TEXT_INPUT,فنوات من اسوأ الشركات اللتي في السوق وهذا يؤسفنا نتعامل مع جميع ا,فنوات اسوا الشركات اللتي في السوق وهذا يؤسفنا نتعامل مع جميع ا,negative,"[{'text': 'فنوات اسوا', 'label': 'منتج', 'score': 0.4466002285480499, 'start': 0, 'end': 10}, {'text': 'الشركات', 'label': 'منظمة', 'score': 0.7729399800300598, 'start': 11, 'end': 18}, {'text': 'السوق', 'label': 'مكان', 'score': 0.7524124383926392, 'start': 28, 'end': 33}, {'text': 'جميع', 'label': 'شخص', 'score': 0.3028060495853424, 'start': 56, 'end': 60}]",متنوع,-1
13518816578678860,S25120024,300,"رأيك يهمنا، فضلاً شاركنا تعليق او مقترح يساعد في تحسين التجربة",TEXT_INPUT,فن التعامل وصرعه الانجاز ,فن التعامل وصرعه الانجاز,positive,"[{'text': 'فن التعامل', 'label': 'منتج', 'score': 0.37919917702674866, 'start': 0, 'end': 10}, {'text': 'الانجاز', 'label': 'حدث', 'score': 0.44617170095443726, 'start': 17, 'end': 24}]","الانجاز, وسرعه الانجاز, وفن التعامل, وفن, التعامل, وسرعه, وسرعه بالانجاز, الانجاز ممتاز, فن التعامل, ممتاز وفن",31
2770337413279530,S25120024,300,"رأيك يهمنا، فضلاً شاركنا تعليق او مقترح يساعد في تحسين التجربة",TEXT_INPUT,فن التعامل ,فن التعامل,neutral,[],"ممتاز وفن, وفن, وفن التعامل, التعامل, التعامل ممتاز, جدا التعامل, ممتاز, فن, فن التعامل, جدا جدا",41
29391631592282706,S25120024,300,"رأيك يهمنا، فضلاً شاركنا تعليق او مقترح يساعد في تحسين التجربة",TEXT_INPUT,غير محترفين,غير محترفين,neutral,"[{'text': 'غير محترفين', 'label': 'منظمة', 'score': 0.5435663461685181, 'start': 0, 'end': 11}]",متنوع,-1
59147004862307694,S25120024,300,"رأيك يهمنا، فضلاً شاركنا تعليق او مقترح يساعد في تحسين التجربة",TEXT_INPUT,غير متجاوبين معنا,غير متجاوبين معنا,negative,"[{'text': 'غير متجاوبين', 'label': 'شخص', 'score': 0.43517038226127625, 'start': 0, 'end': 12}]","متجاوب, بسبب, معنا, المندوب, الموظف, جدا, علي, , , ",20
45810139557439921,S25120024,300,"رأيك يهمنا، فضلاً شاركنا تعليق او مقترح يساعد في تحسين التجربة",TEXT_INPUT,غير متجاوب المندوب,غير متجاوب المندوب,negative,"[{'text': 'المندوب', 'label': 'شخص', 'score': 0.7169572710990906, 'start': 11, 'end': 18}]","متجاوب, بسبب, معنا, المندوب, الموظف, جدا, علي, , , ",20
59488450209680066,S25120024,300,"رأيك يهمنا، فضلاً شاركنا تعليق او مقترح يساعد في تحسين التجربة",TEXT_INPUT,غير متجاوب ,غير متجاوب,negative,[],"متجاوب, بسبب, معنا, المندوب, الموظف, جدا, علي, , , ",20
24377498264647910,S25120024,300,"رأيك يهمنا، فضلاً شاركنا تعليق او مقترح يساعد في تحسين التجربة",TEXT_INPUT,عيباد الله شهود في الروضه الموضفين عيد القحطاني يجيك على طول ومحترم جدا,عيباد الله شهود في الروضه الموضفين عيد القحطاني يجيك علي طول ومحترم جدا,positive,"[{'text': 'عيباد الله', 'label': 'منظمة', 'score': 0.5414751172065735, 'start': 0, 'end': 10}, {'text': 'الروضه', 'label': 'مكان', 'score': 0.7452484965324402, 'start': 19, 'end': 25}, {'text': 'الموضفين', 'label': 'منظمة', 'score': 0.4183225929737091, 'start': 26, 'end': 34}, {'text': 'عيد القحطاني', 'label': 'شخص', 'score': 0.8276585340499878, 'start': 35, 'end': 47}]","شيء, طيب, ومحترم, مشاء, مشاء الله, عيد القحطاني, الاخ محمد, عيد, رجل راقي, ودايما",57
35611055608189736,S25120024,300,"رأيك يهمنا، فضلاً شاركنا تعليق او مقترح يساعد في تحسين التجربة",TEXT_INPUT,عندي نقص بشرايح ,عندي نقص بشرايح,negative,"[{'text': 'عندي', 'label': 'شخص', 'score': 0.4751759469509125, 'start': 0, 'end': 4}, {'text': 'بشرايح', 'label': 'شخص', 'score': 0.48261526226997375, 'start': 9, 'end': 15}]","نقص, كثرت, عندي, صرف, الاعطال, زياده, الشرايح, , , ",51
14980618866041079,S25120024,300,"رأيك يهمنا، فضلاً شاركنا تعليق او مقترح يساعد في تحسين التجربة",TEXT_INPUT,عندنا مشكله مع المندوب ناصر الشمري عدم التجاوب معانا وعدم توفير شرائح وعدم اخبارنا عن المسابقات من ما يسبب لنا قله في المبيعات مع العلم انه يتم توفير مايقارب ٢٥٠ شريحه لمحل واحد في المنطقه بسبب المعرفه بينهم ونحن لا يتجاوب معنا اتمنى من مدير المنطقة زيارة المحلات لمعرفة المشاكل مع هذا المندوب ,عندنا مشكله مع المندوب ناصر الشمري عدم التجاوب معانا وعدم توفير شرائح وعدم اخبارنا عن المسابقات ما يسبب لنا قله في المبيعات مع العلم انه يتم توفير مايقارب ٢٥٠ شريحه لمحل واحد في المنطقه بسبب المعرفه بينهم ونحن لا يتجاوب معنا اتمني مدير المنطقه زياره المحلات لمعرفه المشاكل مع هذا المندوب,negative,"[{'text': 'المندوب', 'label': 'شخص', 'score': 0.32687628269195557, 'start': 15, 'end': 22}, {'text': 'ناصر الشمري', 'label': 'شخص', 'score': 0.8468788862228394, 'start': 23, 'end': 34}, {'text': 'شرائح', 'label': 'منتج', 'score': 0.5915698409080505, 'start': 64, 'end': 69}, {'text': 'المسابقات', 'label': 'حدث', 'score': 0.76992267370224, 'start': 86, 'end': 95}, {'text': 'شريحه', 'label': 'منتج', 'score': 0.6132580637931824, 'start': 159, 'end': 164}, {'text': 'المنطقه', 'label': 'مكان', 'score': 0.7690485715866089, 'start': 178, 'end': 185}, {'text': 'المنطقه', 'label': 'مكان', 'score': 0.6618640422821045, 'start': 236, 'end': 243}, {'text': 'المحلات', 'label': 'مكان', 'score': 0.5548712015151978, 'start': 250, 'end': 257}, {'text': 'المندوب', 'label': 'شخص', 'score': 0.5399326086044312, 'start': 280, 'end': 287}]","وعدم, ولا, بشكل, تم, بسبب, قنوات, ان, شريحه, الان, التجار",2
20727649595725546,S25120024,300,"رأيك يهمنا، فضلاً شاركنا تعليق او مقترح يساعد في تحسين التجربة",TEXT_INPUT,عندنا مشكله اذا عندك اكثر من فرع,عندنا مشكله اذا عندك اكثر فرع,negative,"[{'text': 'عندنا', 'label': 'شخص', 'score': 0.31782466173171997, 'start': 0, 'end': 5}, {'text': 'مشكله', 'label': 'حدث', 'score': 0.4906992018222809, 'start': 6, 'end': 11}, {'text': 'فرع', 'label': 'منظمة', 'score': 0.6115894913673401, 'start': 26, 'end': 29}]",متنوع,-1
51700709911994923,S25120024,300,"رأيك يهمنا، فضلاً شاركنا تعليق او مقترح يساعد في تحسين التجربة",TEXT_INPUT,عمل رائع ,عمل رائع,positive,"[{'text': 'عمل رائع', 'label': 'منتج', 'score': 0.5249274373054504, 'start': 0, 'end': 8}]","رجل محترم, عمل, موظف متميز, رائع, مندوب رائع, متميز, رجل, محترم, موظف, مندوب",59
50043395032432104,S25120024,300,"رأيك يهمنا، فضلاً شاركنا تعليق او مقترح يساعد في تحسين التجربة",TEXT_INPUT,عرض,عرض,neutral,"[{'text': 'عرض', 'label': 'حدث', 'score': 0.5722169280052185, 'start': 0, 'end': 3}]","جيده, عرض, سيئه, , , , , , , ",84
41425745097900233,S25120024,300,"رأيك يهمنا، فضلاً شاركنا تعليق او مقترح يساعد في تحسين التجربة",TEXT_INPUT,عدم وجود مسابقات ,عدم وجود مسابقات,negative,"[{'text': 'مسابقات', 'label': 'حدث', 'score': 0.57889324426651, 'start': 9, 'end': 16}]",متنوع,-1
57297626246079762,S25120024,300,"رأيك يهمنا، فضلاً شاركنا تعليق او مقترح يساعد في تحسين التجربة",TEXT_INPUT,عدم توفير شرائح ننتظر بالأسبوع حتى تجينا ,عدم توفير شرائح ننتظر بالاسبوع حتي تجينا,negative,"[{'text': 'شرائح', 'label': 'منتج', 'score': 0.6315076947212219, 'start': 10, 'end': 15}, {'text': 'بالاسبوع', 'label': 'وقت', 'score': 0.46356794238090515, 'start': 22, 'end': 30}, {'text': 'تجينا', 'label': 'حدث', 'score': 0.3349081575870514, 'start': 35, 'end': 40}]",متنوع,-1
25259437444622011,S25120024,300,"رأيك يهمنا، فضلاً شاركنا تعليق او مقترح يساعد في تحسين التجربة",TEXT_INPUT,عدم توفير شرائح حسب احتيجاتنا  ,عدم توفير شرائح حسب احتيجاتنا,negative,"[{'text': 'شرائح', 'label': 'منتج', 'score': 0.608072817325592, 'start': 10, 'end': 15}, {'text': 'احتيجاتنا', 'label': 'مكان', 'score': 0.37998005747795105, 'start': 20, 'end': 29}]","سويا, لكي, والنجاح, حسب, توفير الشرايح, توفير شرائح, عدم توفير, توفير, توفر الشرايح, العمل",74
22480597697924189,S25120024,300,"رأيك يهمنا، فضلاً شاركنا تعليق او مقترح يساعد في تحسين التجربة",TEXT_INPUT,عدم توفر شرائح ,عدم توفر شرائح,negative,"[{'text': 'شرائح', 'label': 'منتج', 'score': 0.4634733498096466, 'start': 9, 'end': 14}]",متنوع,-1
30338039521140350,S25120024,300,"رأيك يهمنا، فضلاً شاركنا تعليق او مقترح يساعد في تحسين التجربة",TEXT_INPUT,عدم توفر الشرائح دائماااا ,عدم توفر الشرائح دائماااا,negative,"[{'text': 'الشرائح', 'label': 'منتج', 'score': 0.5431094765663147, 'start': 9, 'end': 16}]","عدم توفر, توفر, الشرائح, تسليم الشرائح, توفر الشرايح, تسليم, عدم, يتم, الشرايح, ",61
15417226999570466,S25120024,300,"رأيك يهمنا، فضلاً شاركنا تعليق او مقترح يساعد في تحسين التجربة",TEXT_INPUT,عدم توافر الشرائح لنا بكمية مطلوبه,عدم توافر الشرائح لنا بكميه مطلوبه,negative,"[{'text': 'الشرائح', 'label': 'منتج', 'score': 0.6510387063026428, 'start': 10, 'end': 17}, {'text': 'لنا', 'label': 'شخص', 'score': 0.4220620393753052, 'start': 18, 'end': 21}]","زياده, كبيره, اسعار, الطلب, وشكرا لكم, اللي, الشركات الاخري, بي, الشرائح, الباقات",24
19249828141707422,S25120024,300,"رأيك يهمنا، فضلاً شاركنا تعليق او مقترح يساعد في تحسين التجربة",TEXT_INPUT,عدم الراد وتاخير في توصيل المعلومات,عدم الراد وتاخير في توصيل المعلومات,negative,"[{'text': 'عدم الراد', 'label': 'حدث', 'score': 0.4269353151321411, 'start': 0, 'end': 9}, {'text': 'توصيل المعلومات', 'label': 'حدث', 'score': 0.35576462745666504, 'start': 20, 'end': 35}]","تجاوب, تاخير, وعدم, المعلومات, كثير المشاكل, عدم التجاوب, الشرايح وعدم, تسليم, عدم, لي",52
25436636379066711,S25120024,300,"رأيك يهمنا، فضلاً شاركنا تعليق او مقترح يساعد في تحسين التجربة",TEXT_INPUT,عدم التعاون من قبل ناصر الشمري مندوب المبيعات بعدم توفير الشرايح والتعذر بعدم توفر الشرايح في المستودع,عدم التعاون قبل ناصر الشمري مندوب المبيعات بعدم توفير الشرايح والتعذر بعدم توفر الشرايح في المستودع,negative,"[{'text': 'ناصر الشمري', 'label': 'شخص', 'score': 0.9451513886451721, 'start': 16, 'end': 27}, {'text': 'المبيعات', 'label': 'منظمة', 'score': 0.4170013666152954, 'start': 34, 'end': 42}, {'text': 'الشرايح', 'label': 'منتج', 'score': 0.7854652404785156, 'start': 54, 'end': 61}, {'text': 'الشرايح', 'label': 'منتج', 'score': 0.7771209478378296, 'start': 80, 'end': 87}, {'text': 'المستودع', 'label': 'مكان', 'score': 0.7773606181144714, 'start': 91, 'end': 99}]",متنوع,-1
28540915192449579,S25120024,300,"رأيك يهمنا، فضلاً شاركنا تعليق او مقترح يساعد في تحسين التجربة",TEXT_INPUT,عدم التعاون من قبل المندوب ناصر الشمري تم رفع الطلب الشرائح وبعد خمس ايام تم التوفير عدد ٥٠ شريحه وعدم إبلاغنا عن المسابقات والعروض وهذه المشكله في جميع المحلات عدا محل واحد يتم التوفير الشرايح بشكل سريع وبكميات عاليه بسبب المعرف بينهم ,عدم التعاون قبل المندوب ناصر الشمري تم رفع الطلب الشرائح وبعد خمس ايام تم التوفير عدد ٥٠ شريحه وعدم ابلاغنا عن المسابقات والعروض وهذه المشكله في جميع المحلات عدا محل واحد يتم التوفير الشرايح بشكل سريع وبكميات عاليه بسبب المعرف بينهم,negative,"[{'text': 'عدم التعاون', 'label': 'وقت', 'score': 0.31595858931541443, 'start': 0, 'end': 11}, {'text': 'المندوب', 'label': 'شخص', 'score': 0.31563830375671387, 'start': 16, 'end': 23}, {'text': 'ناصر الشمري', 'label': 'شخص', 'score': 0.835510790348053, 'start': 24, 'end': 35}, {'text': 'الشرائح', 'label': 'منتج', 'score': 0.7470003962516785, 'start': 49, 'end': 56}, {'text': 'خمس ايام', 'label': 'وقت', 'score': 0.6852222084999084, 'start': 62, 'end': 70}, {'text': '٥٠', 'label': 'منتج', 'score': 0.31319767236709595, 'start': 86, 'end': 88}, {'text': 'شريحه', 'label': 'منتج', 'score': 0.6054401397705078, 'start': 89, 'end': 94}, {'text': 'المسابقات', 'label': 'حدث', 'score': 0.6829581260681152, 'start': 111, 'end': 120}, {'text': 'المحلات', 'label': 'مكان', 'score': 0.6229843497276306, 'start': 150, 'end': 157}, {'text': 'محل واحد', 'label': 'مكان', 'score': 0.5669814348220825, 'start': 162, 'end': 170}, {'text': 'الشرايح', 'label': 'منتج', 'score': 0.6757498383522034, 'start': 183, 'end': 190}, {'text': 'المعرف', 'label': 'شخص', 'score': 0.5901592373847961, 'start': 220, 'end': 226}]","وعدم, ولا, بشكل, تم, بسبب, قنوات, ان, شريحه, الان, التجار",2
11211805309505576,S25120024,300,"رأيك يهمنا، فضلاً شاركنا تعليق او مقترح يساعد في تحسين التجربة",TEXT_INPUT,عدم التجاوب في كثير من المشاكل  تسببت لي بالخسائر ,عدم التجاوب في كثير المشاكل تسببت لي بالخسائر,negative,"[{'text': 'عدم التجاوب', 'label': 'شخص', 'score': 0.42942869663238525, 'start': 0, 'end': 11}, {'text': 'المشاكل', 'label': 'حدث', 'score': 0.6035140752792358, 'start': 20, 'end': 27}, {'text': 'لي', 'label': 'شخص', 'score': 0.6202512383460999, 'start': 34, 'end': 36}]","تجاوب, تاخير, وعدم, المعلومات, كثير المشاكل, عدم التجاوب, الشرايح وعدم, تسليم, عدم, لي",52
60751767973958639,S25120024,300,"رأيك يهمنا، فضلاً شاركنا تعليق او مقترح يساعد في تحسين التجربة",TEXT_INPUT,عبدالمجيد العبدلي كل الشكر ,عبدالمجيد العبدلي كل الشكر,positive,"[{'text': 'عبدالمجيد العبدلي', 'label': 'شخص', 'score': 0.8920013308525085, 'start': 0, 'end': 17}]","عبدالمجيد, العبدلي, الشكر, شكرا, , , , , , ",83
23964965257212254,S25120024,300,"رأيك يهمنا، فضلاً شاركنا تعليق او مقترح يساعد في تحسين التجربة",TEXT_INPUT,عبدالكريم مندوب مثالي ,عبدالكريم مندوب مثالي,positive,"[{'text': 'عبدالكريم', 'label': 'شخص', 'score': 0.8977624773979187, 'start': 0, 'end': 9}, {'text': 'مندوب مثالي', 'label': 'شخص', 'score': 0.3429669439792633, 'start': 10, 'end': 21}]","ونعم الرجل, الرجل, عبدالكريم, مثالي, ونعم, مندوب, , , , ",88
15208206759283687,S25120024,300,"رأيك يهمنا، فضلاً شاركنا تعليق او مقترح يساعد في تحسين التجربة",TEXT_INPUT,عبدالكريم متميز بسرعه الاداء والتجاوب  وتوفير حلول للمشاكل,عبدالكريم متميز بسرعه الاداء والتجاوب وتوفير حلول للمشاكل,positive,"[{'text': 'عبدالكريم', 'label': 'شخص', 'score': 0.929045557975769, 'start': 0, 'end': 9}, {'text': 'الاداء', 'label': 'حدث', 'score': 0.33586612343788147, 'start': 22, 'end': 28}, {'text': 'حلول', 'label': 'حدث', 'score': 0.35076168179512024, 'start': 45, 'end': 49}]",متنوع,-1
55445159740703777,S25120024,300,"رأيك يهمنا، فضلاً شاركنا تعليق او مقترح يساعد في تحسين التجربة",TEXT_INPUT,طيبين,طيبين,positive,"[{'text': 'طيبين', 'label': 'شخص', 'score': 0.5431903600692749, 'start': 0, 'end': 5}]",متنوع,-1
29614249387192449,S25120024,300,"رأيك يهمنا، فضلاً شاركنا تعليق او مقترح يساعد في تحسين التجربة",TEXT_INPUT,طوروا من خدماتكم وعالجوا اخطاء تطبيق كويك بلس وامنوا التجار بالمخزون المافي من الشرائح الخام,طوروا خدماتكم وعالجوا اخطاء تطبيق كويك بلس وامنوا التجار بالمخزون المافي الشرائح الخام,neutral,"[{'text': 'خدماتكم', 'label': 'منظمة', 'score': 0.42048168182373047, 'start': 6, 'end': 13}, {'text': 'كويك بلس', 'label': 'منظمة', 'score': 0.503919243812561, 'start': 34, 'end': 42}, {'text': 'التجار', 'label': 'شخص', 'score': 0.5363511443138123, 'start': 50, 'end': 56}, {'text': 'المافي', 'label': 'منظمة', 'score': 0.4472638666629791, 'start': 66, 'end': 72}, {'text': 'الشرائح الخام', 'label': 'منتج', 'score': 0.6890271306037903, 'start': 73, 'end': 86}]","تطبيق كويك, تطبيق, كويك بلس, بلس, كويك, نعاني, التجار, المخزون, عدم, شح",43
,S25120024,300,"رأيك يهمنا، فضلاً شاركنا تعليق او مقترح يساعد في تحسين التجربة",TEXT_INPUT,طلبت عن طريق اليوزر شرائح المندوب رفض يعطيني ,طلبت عن طريق اليوزر شرائح المندوب رفض يعطيني,neutral,"[{'text': 'اليوزر', 'label': 'منظمة', 'score': 0.5616843104362488, 'start': 13, 'end': 19}, {'text': 'شرائح', 'label': 'منتج', 'score': 0.5992076992988586, 'start': 20, 'end': 25}, {'text': 'المندوب', 'label': 'شخص', 'score': 0.8485029339790344, 'start': 26, 'end': 33}]","ولم, شرائح, نقل, الفرع, الرقم, اطلب, لي, اكثر, او, عرض",1
58015457894038358,S25120024,300,"رأيك يهمنا، فضلاً شاركنا تعليق او مقترح يساعد في تحسين التجربة",TEXT_INPUT,طلبت شرائح وخلال 5 دقائق والمندوب عندي شكرا لكم,طلبت شرائح وخلال 5 دقائق والمندوب عندي شكرا لكم,neutral,"[{'text': 'شرائح', 'label': 'منتج', 'score': 0.6254138350486755, 'start': 5, 'end': 10}, {'text': '5 دقائق', 'label': 'وقت', 'score': 0.7348161935806274, 'start': 17, 'end': 24}, {'text': 'والمندوب', 'label': 'شخص', 'score': 0.49554911255836487, 'start': 25, 'end': 33}, {'text': 'شكرا لكم', 'label': 'شخص', 'score': 0.47604116797447205, 'start': 39, 'end': 47}]","ولم, شرائح, نقل, الفرع, الرقم, اطلب, لي, اكثر, او, عرض",1
46444256636537828,S25120024,300,"رأيك يهمنا، فضلاً شاركنا تعليق او مقترح يساعد في تحسين التجربة",TEXT_INPUT,طلال اجمل المناديب -دليلك الأفضل للاتصالات ,طلال اجمل المناديب -دليلك الافضل للاتصالات,positive,"[{'text': 'طلال اجمل المناديب', 'label': 'شخص', 'score': 0.8146713972091675, 'start': 0, 'end': 18}, {'text': 'دليلك الافضل للاتصالات', 'label': 'منظمة', 'score': 0.3959852159023285, 'start': 20, 'end': 42}]",متنوع,-1
,S25120024,300,"رأيك يهمنا، فضلاً شاركنا تعليق او مقترح يساعد في تحسين التجربة",TEXT_INPUT,طريقة التواصل مع الشركة أصعب من الوصول لأمير منطقة وهذا مخجل في وقت انفتاح  ,طريقه التواصل مع الشركه اصعب الوصول لامير منطقه وهذا مخجل في وقت انفتاح,negative,"[{'text': 'طريقه التواصل', 'label': 'حدث', 'score': 0.3125259578227997, 'start': 0, 'end': 13}, {'text': 'الشركه', 'label': 'منظمة', 'score': 0.7668508887290955, 'start': 17, 'end': 23}, {'text': 'منطقه', 'label': 'مكان', 'score': 0.6330363750457764, 'start': 42, 'end': 47}, {'text': 'وقت انفتاح', 'label': 'وقت', 'score': 0.5733687281608582, 'start': 61, 'end': 71}]","الوصول, اول, اصعب, صعب, متكرره, فقط, الفرع, نظام, منطقه, وهذا",73
52473682083209137,S25120024,300,"رأيك يهمنا، فضلاً شاركنا تعليق او مقترح يساعد في تحسين التجربة",TEXT_INPUT,صلاحيات نقل ملكية وصلاحيات الغاء الرقم نهائي ليت,صلاحيات نقل ملكيه وصلاحيات الغاء الرقم نهائي ليت,neutral,"[{'text': 'صلاحيات نقل ملكيه', 'label': 'حدث', 'score': 0.5486037731170654, 'start': 0, 'end': 17}, {'text': 'الغاء الرقم نهائي', 'label': 'حدث', 'score': 0.36646372079849243, 'start': 27, 'end': 44}, {'text': 'ليت', 'label': 'منتج', 'score': 0.5635284185409546, 'start': 45, 'end': 48}]","ولم, شرائح, نقل, الفرع, الرقم, اطلب, لي, اكثر, او, عرض",1
58974676072700902,S25120024,300,"رأيك يهمنا، فضلاً شاركنا تعليق او مقترح يساعد في تحسين التجربة",TEXT_INPUT,شهادة لله المندوب  علي افضل مندوب مر علينا,شهاده لله المندوب علي افضل مندوب مر علينا,positive,"[{'text': 'شهاده لله', 'label': 'حدث', 'score': 0.5340337753295898, 'start': 0, 'end': 9}, {'text': 'المندوب', 'label': 'شخص', 'score': 0.8163119554519653, 'start': 10, 'end': 17}, {'text': 'مندوب', 'label': 'شخص', 'score': 0.6912081241607666, 'start': 27, 'end': 32}]",متنوع,-1
35867736201425613,S25120024,300,"رأيك يهمنا، فضلاً شاركنا تعليق او مقترح يساعد في تحسين التجربة",TEXT_INPUT,شكرالكم على هالخدمات وسهولتها ,شكرالكم علي هالخدمات وسهولتها,positive,"[{'text': 'شكرالكم', 'label': 'شخص', 'score': 0.6626157164573669, 'start': 0, 'end': 7}, {'text': 'هالخدمات', 'label': 'منتج', 'score': 0.3987281024456024, 'start': 12, 'end': 20}]","علي الخدمه, الخدمه المميزه, المميزه, الخدمه, شكرا علي, عل, والاخلاق, علي التعاون, لكم علي, شكرا لكم",13
35618811421772972,S25120024,300,"رأيك يهمنا، فضلاً شاركنا تعليق او مقترح يساعد في تحسين التجربة",TEXT_INPUT,شكراالاخ تركي,شكراالاخ تركي,positive,"[{'text': 'شكراالاخ تركي', 'label': 'شخص', 'score': 0.5000321865081787, 'start': 0, 'end': 13}]","استاذ, تركي شكرا, شكرا للاخ, عبدالرحمن شكرا, شكرا عبدالرحمن, منصور, عبدالرحمن, شكرا, شكرا منصور, منصور شكرا",7
32145855788667529,S25120024,300,"رأيك يهمنا، فضلاً شاركنا تعليق او مقترح يساعد في تحسين التجربة",TEXT_INPUT,شكراً يحيى الرشيدي ,شكراً يحيي الرشيدي,neutral,"[{'text': 'يحيي الرشيدي', 'label': 'شخص', 'score': 0.8959411382675171, 'start': 6, 'end': 18}]","الهذيل, عبدالرحمن الهذيل, عبدالرحمن, للموظف عبدالرحمن, شكرا عبدالرحمن, للموظف, الموظف عبدالرحمن, عبد الرحمن, شكر للموظف, الرحمن",9
19084544609767077,S25120024,300,"رأيك يهمنا، فضلاً شاركنا تعليق او مقترح يساعد في تحسين التجربة",TEXT_INPUT,شكرا يا افضل مطور ,شكرا يا افضل مطور,positive,"[{'text': 'شكرا', 'label': 'شخص', 'score': 0.5124483704566956, 'start': 0, 'end': 4}, {'text': 'افضل مطور', 'label': 'منظمة', 'score': 0.49085915088653564, 'start': 8, 'end': 17}]",متنوع,-1
34664657480949950,S25120024,300,"رأيك يهمنا، فضلاً شاركنا تعليق او مقترح يساعد في تحسين التجربة",TEXT_INPUT,شكرا منصور ,شكرا منصور,positive,"[{'text': 'شكرا', 'label': 'شخص', 'score': 0.3373403251171112, 'start': 0, 'end': 4}, {'text': 'منصور', 'label': 'شخص', 'score': 0.785022497177124, 'start': 5, 'end': 10}]",متنوع,-1
17986788530683320,S25120024,300,"رأيك يهمنا، فضلاً شاركنا تعليق او مقترح يساعد في تحسين التجربة",TEXT_INPUT,شكرا من كل اعماق قلبي لي محمد فقيهي ,شكرا كل اعماق قلبي لي محمد فقيهي,positive,"[{'text': 'محمد فقيهي', 'label': 'شخص', 'score': 0.9180831909179688, 'start': 22, 'end': 32}]","الاستاذ, اشكره, التوفيق, جدا التعامل, يستاهل اعلي, يمثل, وانجاز, قصر, التقييم, اعلي",22
28790898973075814,S25120024,300,"رأيك يهمنا، فضلاً شاركنا تعليق او مقترح يساعد في تحسين التجربة",TEXT_INPUT,شكرا من القلب للموظف رضا الشمري على رحابة صدرهوتعامله الراقي وسرعة الاستجابة,شكرا القلب للموظف رضا الشمري علي رحابه صدرهوتعامله الراقي وسرعه الاستجابه,positive,"[{'text': 'رضا الشمري', 'label': 'شخص', 'score': 0.9058855772018433, 'start': 18, 'end': 28}, {'text': 'رحابه صدرهوتعامله الراقي', 'label': 'حدث', 'score': 0.4150577783584595, 'start': 33, 'end': 57}]","رحابه, رضا الشمري, يحي, القلب للموظف, رحابه صدره, للموظف رضا, يحي الرشيدي, علي رحابه, الموظف علي, رضا",63
30336618605957289,S25120024,300,"رأيك يهمنا، فضلاً شاركنا تعليق او مقترح يساعد في تحسين التجربة",TEXT_INPUT,شكرا من القلب للموظف المحترم رضا الشمري على رحابة صدره ,شكرا القلب للموظف المحترم رضا الشمري علي رحابه صدره,positive,"[{'text': 'رضا الشمري', 'label': 'شخص', 'score': 0.9102557897567749, 'start': 26, 'end': 36}, {'text': 'رحابه', 'label': 'حدث', 'score': 0.37793049216270447, 'start': 41, 'end': 46}, {'text': 'صدره', 'label': 'حدث', 'score': 0.36212655901908875, 'start': 47, 'end': 51}]","للموظف, الدائمه, القلب للموظف, الرائع, علي تعامله, علي رحابه, رحابه صدره, شكرا القلب, رحابه, صدره",54
13750731596590362,S25120024,300,"رأيك يهمنا، فضلاً شاركنا تعليق او مقترح يساعد في تحسين التجربة",TEXT_INPUT,شكرا من القلب ,شكرا القلب,positive,"[{'text': 'شكرا', 'label': 'شخص', 'score': 0.3750513792037964, 'start': 0, 'end': 4}, {'text': 'القلب', 'label': 'شخص', 'score': 0.518791139125824, 'start': 5, 'end': 10}]","شكرا لك, القلب, شكرا القلب, لك, شكرا, , , , , ",50
35956033604092940,S25120024,300,"رأيك يهمنا، فضلاً شاركنا تعليق او مقترح يساعد في تحسين التجربة",TEXT_INPUT,شكراً من الاعماق,شكراً الاعماق,positive,"[{'text': 'شكراً', 'label': 'شخص', 'score': 0.4291113615036011, 'start': 0, 'end': 5}, {'text': 'الاعماق', 'label': 'شخص', 'score': 0.5470296740531921, 'start': 6, 'end': 13}]","عبدالمجيد, العبدلي, الشكر, شكرا, , , , , , ",83
56889539524338665,S25120024,300,"رأيك يهمنا، فضلاً شاركنا تعليق او مقترح يساعد في تحسين التجربة",TEXT_INPUT,شكراً مسعد,شكراً مسعد,neutral,"[{'text': 'شكرا', 'label': 'شخص', 'score': 0.3635746240615845, 'start': 0, 'end': 4}, {'text': 'مسعد', 'label': 'شخص', 'score': 0.8468484282493591, 'start': 6, 'end': 10}]","الهذيل, عبدالرحمن الهذيل, عبدالرحمن, للموظف عبدالرحمن, شكرا عبدالرحمن, للموظف, الموظف عبدالرحمن, عبد الرحمن, شكر للموظف, الرحمن",9
32065640383631810,S25120024,300,"رأيك يهمنا، فضلاً شاركنا تعليق او مقترح يساعد في تحسين التجربة",TEXT_INPUT,شكرا لمندوبكم ,شكرا لمندوبكم,positive,"[{'text': 'شكرا', 'label': 'شخص', 'score': 0.3593961000442505, 'start': 0, 'end': 4}, {'text': 'لمندوبكم', 'label': 'شخص', 'score': 0.602912962436676, 'start': 5, 'end': 13}]","للمندوب, شكرا للمندوب, شكر للمندوب, للمندوب علي, وشكر, علي شكرا, رضاء محمد, سرعه الانجاز, لمندوب, وشكر خاص",10
19768034593393071,S25120024,300,"رأيك يهمنا، فضلاً شاركنا تعليق او مقترح يساعد في تحسين التجربة",TEXT_INPUT,شكرا للموظف على تعامله الرائع جدا,شكرا للموظف علي تعامله الرائع جدا,positive,"[{'text': 'للموظف', 'label': 'شخص', 'score': 0.6069758534431458, 'start': 5, 'end': 11}, {'text': 'تعامله', 'label': 'حدث', 'score': 0.45164579153060913, 'start': 16, 'end': 22}]","للموظف, الدائمه, القلب للموظف, الرائع, علي تعامله, علي رحابه, رحابه صدره, شكرا القلب, رحابه, صدره",54
20383613880742865,S25120024,300,"رأيك يهمنا، فضلاً شاركنا تعليق او مقترح يساعد في تحسين التجربة",TEXT_INPUT,شكرا للموظف عبدالرحمن ثانيا لايوجد لدى الموظف مخزون كافي للشرايح فضلا ادعموهم بالشرايح,شكرا للموظف عبدالرحمن ثانيا لايوجد لدي الموظف مخزون كافي للشرايح فضلا ادعموهم بالشرايح,positive,"[{'text': 'عبدالرحمن', 'label': 'شخص', 'score': 0.8400078415870667, 'start': 12, 'end': 21}, {'text': 'الموظف', 'label': 'شخص', 'score': 0.7386960983276367, 'start': 39, 'end': 45}]",متنوع,-1
54131630332196039,S25120024,300,"رأيك يهمنا، فضلاً شاركنا تعليق او مقترح يساعد في تحسين التجربة",TEXT_INPUT,شكراً للموظف عبدالرحمن الهذيل ,شكراً للموظف عبدالرحمن الهذيل,neutral,"[{'text': 'عبدالرحمن الهذيل', 'label': 'شخص', 'score': 0.8388447165489197, 'start': 13, 'end': 29}]","الهذيل, عبدالرحمن الهذيل, عبدالرحمن, للموظف عبدالرحمن, شكرا عبدالرحمن, للموظف, الموظف عبدالرحمن, عبد الرحمن, شكر للموظف, الرحمن",9
53698496735088805,S25120024,300,"رأيك يهمنا، فضلاً شاركنا تعليق او مقترح يساعد في تحسين التجربة",TEXT_INPUT,شكرا للموظف عبدالرحمن الهذيل ,شكرا للموظف عبدالرحمن الهذيل,positive,"[{'text': 'عبدالرحمن الهذيل', 'label': 'شخص', 'score': 0.8291013836860657, 'start': 12, 'end': 28}]","الهذيل, عبدالرحمن الهذيل, عبدالرحمن, للموظف عبدالرحمن, شكرا عبدالرحمن, للموظف, الموظف عبدالرحمن, عبد الرحمن, شكر للموظف, الرحمن",9
28014311276118935,S25120024,300,"رأيك يهمنا، فضلاً شاركنا تعليق او مقترح يساعد في تحسين التجربة",TEXT_INPUT,شكرا للموظف عبدالرحمن,شكرا للموظف عبدالرحمن,positive,"[{'text': 'عبدالرحمن', 'label': 'شخص', 'score': 0.7678783535957336, 'start': 12, 'end': 21}]","شكرا للموظف, للموظف, العتيبي شكرا, للموظف تركي, تركي شكرا, عبدالرحمن شكرا, للموظف راكان, للموظف عبدالرحمن, راكان العتيبي, راكان",47
4033052176112586,S25120024,300,"رأيك يهمنا، فضلاً شاركنا تعليق او مقترح يساعد في تحسين التجربة",TEXT_INPUT,شكرا للموظف رضا الشمري على سرعة الاجابة ,شكرا للموظف رضا الشمري علي سرعه الاجابه,positive,"[{'text': 'رضا الشمري', 'label': 'شخص', 'score': 0.878174364566803, 'start': 12, 'end': 22}, {'text': 'سرعه الاجابه', 'label': 'حدث', 'score': 0.4931158721446991, 'start': 27, 'end': 39}]","للموظف راكان, شكرا للموظف, العتيبي علي, للموظف, شكرا شكرا, راكان, العتيبي, الاستجابه شكرا, علي سرعه, راكان العتيبي",36
15314412669067292,S25120024,300,"رأيك يهمنا، فضلاً شاركنا تعليق او مقترح يساعد في تحسين التجربة",TEXT_INPUT,شكرا للموظف راكان مانع العتيبي على سرعة الاستجابة ,شكرا للموظف راكان مانع العتيبي علي سرعه الاستجابه,positive,"[{'text': 'راكان مانع العتيبي', 'label': 'شخص', 'score': 0.8543731570243835, 'start': 12, 'end': 30}, {'text': 'سرعه الاستجابه', 'label': 'حدث', 'score': 0.5053117871284485, 'start': 35, 'end': 49}]","للموظف راكان, شكرا للموظف, العتيبي علي, للموظف, شكرا شكرا, راكان, العتيبي, الاستجابه شكرا, علي سرعه, راكان العتيبي",36
27318705284704754,S25120024,300,"رأيك يهمنا، فضلاً شاركنا تعليق او مقترح يساعد في تحسين التجربة",TEXT_INPUT,شكرا للموظف راكان العتيبي على سرعة الاستجابه ,شكرا للموظف راكان العتيبي علي سرعه الاستجابه,positive,"[{'text': 'راكان العتيبي', 'label': 'شخص', 'score': 0.901189386844635, 'start': 12, 'end': 25}, {'text': 'سرعه الاستجابه', 'label': 'حدث', 'score': 0.515211820602417, 'start': 30, 'end': 44}]","للموظف راكان, شكرا للموظف, العتيبي علي, للموظف, شكرا شكرا, راكان, العتيبي, الاستجابه شكرا, علي سرعه, راكان العتيبي",36
60683042551849444,S25120024,300,"رأيك يهمنا، فضلاً شاركنا تعليق او مقترح يساعد في تحسين التجربة",TEXT_INPUT,شكرا للموظف راكان العتيبي على حسن السدتعامل ,شكرا للموظف راكان العتيبي علي حسن السدتعامل,positive,"[{'text': 'راكان العتيبي', 'label': 'شخص', 'score': 0.8832781314849854, 'start': 12, 'end': 25}, {'text': 'علي حسن السدتعامل', 'label': 'شخص', 'score': 0.5660296678543091, 'start': 26, 'end': 43}]","للموظف راكان, شكرا للموظف, العتيبي علي, للموظف, شكرا شكرا, راكان, العتيبي, الاستجابه شكرا, علي سرعه, راكان العتيبي",36
34142956421972879,S25120024,300,"رأيك يهمنا، فضلاً شاركنا تعليق او مقترح يساعد في تحسين التجربة",TEXT_INPUT,شكرا للموظف راكان العتيبي,شكرا للموظف راكان العتيبي,positive,"[{'text': 'راكان العتيبي', 'label': 'شخص', 'score': 0.8653494119644165, 'start': 12, 'end': 25}]","شكرا للموظف, للموظف, العتيبي شكرا, للموظف تركي, تركي شكرا, عبدالرحمن شكرا, للموظف راكان, للموظف عبدالرحمن, راكان العتيبي, راكان",47
35372419420253893,S25120024,300,"رأيك يهمنا، فضلاً شاركنا تعليق او مقترح يساعد في تحسين التجربة",TEXT_INPUT,شكرا للموظف تركي,شكرا للموظف تركي,positive,"[{'text': 'شكرا', 'label': 'شخص', 'score': 0.40447095036506653, 'start': 0, 'end': 4}, {'text': 'للموظف', 'label': 'شخص', 'score': 0.4367082417011261, 'start': 5, 'end': 11}, {'text': 'تركي', 'label': 'شخص', 'score': 0.4514303207397461, 'start': 12, 'end': 16}]","شكرا للموظف, للموظف, العتيبي شكرا, للموظف تركي, تركي شكرا, عبدالرحمن شكرا, للموظف راكان, للموظف عبدالرحمن, راكان العتيبي, راكان",47
34214994985753391,S25120024,300,"رأيك يهمنا، فضلاً شاركنا تعليق او مقترح يساعد في تحسين التجربة",TEXT_INPUT,شكرا للموظف,شكرا للموظف,positive,"[{'text': 'شكرا', 'label': 'شخص', 'score': 0.3695918917655945, 'start': 0, 'end': 4}, {'text': 'للموظف', 'label': 'شخص', 'score': 0.5473753809928894, 'start': 5, 'end': 11}]","شكرا للموظف, للموظف, العتيبي شكرا, للموظف تركي, تركي شكرا, عبدالرحمن شكرا, للموظف راكان, للموظف عبدالرحمن, راكان العتيبي, راكان",47
40383022022142887,S25120024,300,"رأيك يهمنا، فضلاً شاركنا تعليق او مقترح يساعد في تحسين التجربة",TEXT_INPUT,شكرا للمندوب وبارك الله فيه مايقصر  علينا ,شكرا للمندوب وبارك الله فيه مايقصر علينا,positive,"[{'text': 'للمندوب', 'label': 'شخص', 'score': 0.5908451080322266, 'start': 5, 'end': 12}, {'text': 'الله', 'label': 'شخص', 'score': 0.412407785654068, 'start': 19, 'end': 23}]","يسعده, بيض, الله, الله يسعده, والله, الله يعطيه, شي, وليد, الاخلاق, يعطيه العافيه",19
25154474289667770,S25120024,300,"رأيك يهمنا، فضلاً شاركنا تعليق او مقترح يساعد في تحسين التجربة",TEXT_INPUT,شكرا للمندوب على سرعة الإنجاز ,شكرا للمندوب علي سرعه الانجاز,positive,"[{'text': 'للمندوب', 'label': 'شخص', 'score': 0.6320730447769165, 'start': 5, 'end': 12}, {'text': 'سرعه', 'label': 'حدث', 'score': 0.30899927020072937, 'start': 17, 'end': 21}, {'text': 'الانجاز', 'label': 'حدث', 'score': 0.5557118654251099, 'start': 22, 'end': 29}]","للمندوب, شكرا للمندوب, شكر للمندوب, للمندوب علي, وشكر, علي شكرا, رضاء محمد, سرعه الانجاز, لمندوب, وشكر خاص",10
15652088061090213,S25120024,300,"رأيك يهمنا، فضلاً شاركنا تعليق او مقترح يساعد في تحسين التجربة",TEXT_INPUT,شكرا للمندوب علي ,شكرا للمندوب علي,positive,"[{'text': 'للمندوب', 'label': 'شخص', 'score': 0.5768281817436218, 'start': 5, 'end': 12}]","للمندوب, شكرا للمندوب, شكر للمندوب, للمندوب علي, وشكر, علي شكرا, رضاء محمد, سرعه الانجاز, لمندوب, وشكر خاص",10
41931499616382551,S25120024,300,"رأيك يهمنا، فضلاً شاركنا تعليق او مقترح يساعد في تحسين التجربة",TEXT_INPUT,شكرا للمندوب سريع ومتجاوب,شكرا للمندوب سريع ومتجاوب,positive,"[{'text': 'شكرا', 'label': 'شخص', 'score': 0.4415980577468872, 'start': 0, 'end': 4}, {'text': 'للمندوب', 'label': 'شخص', 'score': 0.4738401770591736, 'start': 5, 'end': 12}]","ومتعاون, محترم, متعاون, ويستحق, موظف مثالي, وسريع, والمندوب, مثالي, ومحترم, موظف",0
13055760591512270,S25120024,300,"رأيك يهمنا، فضلاً شاركنا تعليق او مقترح يساعد في تحسين التجربة",TEXT_INPUT,شكرا للمندوب ,شكرا للمندوب,positive,"[{'text': 'شكرا', 'label': 'شخص', 'score': 0.32876428961753845, 'start': 0, 'end': 4}, {'text': 'للمندوب', 'label': 'شخص', 'score': 0.5176270604133606, 'start': 5, 'end': 12}]","للمندوب, شكرا للمندوب, شكر للمندوب, للمندوب علي, وشكر, علي شكرا, رضاء محمد, سرعه الانجاز, لمندوب, وشكر خاص",10
13623706786272621,S25120024,300,"رأيك يهمنا، فضلاً شاركنا تعليق او مقترح يساعد في تحسين التجربة",TEXT_INPUT,شكراً للخ تركي على سرعة الاستجابة والمتابعة,شكراً للخ تركي علي سرعه الاستجابه والمتابعه,positive,"[{'text': 'للخ تركي', 'label': 'شخص', 'score': 0.767039954662323, 'start': 6, 'end': 14}, {'text': 'سرعه الاستجابه', 'label': 'حدث', 'score': 0.4311434328556061, 'start': 19, 'end': 33}]","سرعه الاستجابه, علي سرعه, الاستجابه والمتابعه, تركي علي, الاستجابه, سرعه, والمتابعه, نشكر, تركي, والمتابعه المستمره",8
30254073134040646,S25120024,300,"رأيك يهمنا، فضلاً شاركنا تعليق او مقترح يساعد في تحسين التجربة",TEXT_INPUT,شكرا للاخ علي ,شكرا للاخ علي,positive,"[{'text': 'للاخ', 'label': 'شخص', 'score': 0.4794600307941437, 'start': 5, 'end': 9}]","استاذ, تركي شكرا, شكرا للاخ, عبدالرحمن شكرا, شكرا عبدالرحمن, منصور, عبدالرحمن, شكرا, شكرا منصور, منصور شكرا",7
13191417776868522,S25120024,300,"رأيك يهمنا، فضلاً شاركنا تعليق او مقترح يساعد في تحسين التجربة",TEXT_INPUT,شكرا للاخ تركي ,شكرا للاخ تركي,positive,"[{'text': 'تركي', 'label': 'شخص', 'score': 0.5839285850524902, 'start': 10, 'end': 14}]","استاذ, تركي شكرا, شكرا للاخ, عبدالرحمن شكرا, شكرا عبدالرحمن, منصور, عبدالرحمن, شكرا, شكرا منصور, منصور شكرا",7
57675691966778705,S25120024,300,"رأيك يهمنا، فضلاً شاركنا تعليق او مقترح يساعد في تحسين التجربة",TEXT_INPUT,شكراً للأخ عبدالإله الهذيل ,شكراً للاخ عبدالاله الهذيل,positive,"[{'text': 'عبدالاله الهذيل', 'label': 'شخص', 'score': 0.7938663363456726, 'start': 11, 'end': 26}]","الهذيل, عبدالرحمن الهذيل, عبدالرحمن, للموظف عبدالرحمن, شكرا عبدالرحمن, للموظف, الموظف عبدالرحمن, عبد الرحمن, شكر للموظف, الرحمن",9
29301312722863331,S25120024,300,"رأيك يهمنا، فضلاً شاركنا تعليق او مقترح يساعد في تحسين التجربة",TEXT_INPUT,شكرا لكم ولكن يوجد ملاحظه  التاخير بمعالجه المشاكل التي تواجه التاجر مثل استخراج شرايح ودايما والبرامج معلقه ,شكرا لكم ولكن يوجد ملاحظه التاخير بمعالجه المشاكل التي تواجه التاجر مثل استخراج شرايح ودايما والبرامج معلقه,negative,"[{'text': 'شكرا لكم', 'label': 'شخص', 'score': 0.5562752485275269, 'start': 0, 'end': 8}, {'text': 'التاخير', 'label': 'حدث', 'score': 0.542197048664093, 'start': 26, 'end': 33}, {'text': 'المشاكل', 'label': 'حدث', 'score': 0.4448494613170624, 'start': 42, 'end': 49}, {'text': 'التاجر', 'label': 'شخص', 'score': 0.854860782623291, 'start': 61, 'end': 67}, {'text': 'استخراج', 'label': 'حدث', 'score': 0.34781786799430847, 'start': 72, 'end': 79}, {'text': 'شرايح', 'label': 'منتج', 'score': 0.652061402797699, 'start': 80, 'end': 85}]",متنوع,-1
29301312722863331,S25120024,300,"رأيك يهمنا، فضلاً شاركنا تعليق او مقترح يساعد في تحسين التجربة",TEXT_INPUT,شكرا لكم ولكن يوجد ملاحظه ,شكرا لكم ولكن يوجد ملاحظه,neutral,"[{'text': 'شكرا لكم', 'label': 'شخص', 'score': 0.5917215347290039, 'start': 0, 'end': 8}, {'text': 'ملاحظه', 'label': 'حدث', 'score': 0.3312547206878662, 'start': 19, 'end': 25}]","شكرا لكم, لكم, لكم ولكن, سريعه, ماشالله, ولكن يوجد, يوجد ملاحظه, خدمات, رائعه, الخدمه",16
3435466882313201,S25120024,300,"رأيك يهمنا، فضلاً شاركنا تعليق او مقترح يساعد في تحسين التجربة",TEXT_INPUT,شكرا لكم وشكر خاص للمندوب,شكرا لكم وشكر خاص للمندوب,positive,"[{'text': 'شكرا لكم', 'label': 'شخص', 'score': 0.5095615386962891, 'start': 0, 'end': 8}, {'text': 'للمندوب', 'label': 'شخص', 'score': 0.6806604266166687, 'start': 18, 'end': 25}]","للمندوب, شكرا للمندوب, شكر للمندوب, للمندوب علي, وشكر, علي شكرا, رضاء محمد, سرعه الانجاز, لمندوب, وشكر خاص",10
24470935936158696,S25120024,300,"رأيك يهمنا، فضلاً شاركنا تعليق او مقترح يساعد في تحسين التجربة",TEXT_INPUT,شكرا لكم على الخدمه المميزة ,شكرا لكم علي الخدمه المميزه,positive,"[{'text': 'شكرا لكم', 'label': 'شخص', 'score': 0.632604718208313, 'start': 0, 'end': 8}, {'text': 'الخدمه', 'label': 'حدث', 'score': 0.4856768846511841, 'start': 13, 'end': 19}]","علي الخدمه, الخدمه المميزه, المميزه, الخدمه, شكرا علي, عل, والاخلاق, علي التعاون, لكم علي, شكرا لكم",13
22485088239731534,S25120024,300,"رأيك يهمنا، فضلاً شاركنا تعليق او مقترح يساعد في تحسين التجربة",TEXT_INPUT,شكرا لكم تجاوب و تعاون من المشرف ,شكرا لكم تجاوب و تعاون المشرف,positive,"[{'text': 'شكرا لكم', 'label': 'شخص', 'score': 0.3326317071914673, 'start': 0, 'end': 8}, {'text': 'المشرف', 'label': 'شخص', 'score': 0.8760625123977661, 'start': 23, 'end': 29}]","تعاون, معنا, تجاوب, المشرف, شكرا لكم, الموظف, شكرا علي, لكم, شكر, شكرا",53
14455061888343214,S25120024,300,"رأيك يهمنا، فضلاً شاركنا تعليق او مقترح يساعد في تحسين التجربة",TEXT_INPUT,شكراً لكم,شكراً لكم,positive,"[{'text': 'شكرا', 'label': 'شخص', 'score': 0.40773624181747437, 'start': 0, 'end': 4}, {'text': 'لكم', 'label': 'شخص', 'score': 0.6185255646705627, 'start': 6, 'end': 9}]","شكرا لكم, لكم, لكم ولكن, سريعه, ماشالله, ولكن يوجد, يوجد ملاحظه, خدمات, رائعه, الخدمه",16
18540798623357639,S25120024,300,"رأيك يهمنا، فضلاً شاركنا تعليق او مقترح يساعد في تحسين التجربة",TEXT_INPUT,شكرا لكم ,شكرا لكم,positive,"[{'text': 'شكرا لكم', 'label': 'شخص', 'score': 0.6147706508636475, 'start': 0, 'end': 8}]","شكرا لكم, لكم, لكم ولكن, سريعه, ماشالله, ولكن يوجد, يوجد ملاحظه, خدمات, رائعه, الخدمه",16
53441810792277668,S25120024,300,"رأيك يهمنا، فضلاً شاركنا تعليق او مقترح يساعد في تحسين التجربة",TEXT_INPUT,شكرا لك ,شكرا لك,positive,"[{'text': 'شكرا لك', 'label': 'شخص', 'score': 0.6305601000785828, 'start': 0, 'end': 7}]","شكرا لك, القلب, شكرا القلب, لك, شكرا, , , , , ",50
57160413465172382,S25120024,300,"رأيك يهمنا، فضلاً شاركنا تعليق او مقترح يساعد في تحسين التجربة",TEXT_INPUT,شكرا لسرعة التجاوب والتعاملزااراقي ,شكرا لسرعه التجاوب والتعاملزااراقي,positive,"[{'text': 'شكرا', 'label': 'شخص', 'score': 0.6572077870368958, 'start': 0, 'end': 4}, {'text': 'التجاوب', 'label': 'حدث', 'score': 0.41207563877105713, 'start': 11, 'end': 18}]",متنوع,-1
13623058159588943,S25120024,300,"رأيك يهمنا، فضلاً شاركنا تعليق او مقترح يساعد في تحسين التجربة",TEXT_INPUT,شكرا لخدمتك لنا ,شكرا لخدمتك لنا,positive,"[{'text': 'شكرا', 'label': 'شخص', 'score': 0.4391899108886719, 'start': 0, 'end': 4}, {'text': 'لخدمتك', 'label': 'شخص', 'score': 0.33182865381240845, 'start': 5, 'end': 11}, {'text': 'لنا', 'label': 'شخص', 'score': 0.5291007161140442, 'start': 12, 'end': 15}]",متنوع,-1
,S25120024,300,"رأيك يهمنا، فضلاً شاركنا تعليق او مقترح يساعد في تحسين التجربة",TEXT_INPUT,شكرا لتعاونكم,شكرا لتعاونكم,positive,"[{'text': 'شكرا', 'label': 'شخص', 'score': 0.5173579454421997, 'start': 0, 'end': 4}]","الراقي, العتيبي شكرا, تعاملكم, شكرا, العتيبي, شكرا علي, علي, , , ",39
16340750943592401,S25120024,300,"رأيك يهمنا، فضلاً شاركنا تعليق او مقترح يساعد في تحسين التجربة",TEXT_INPUT,شكرا لتعاون الموظف معنا,شكرا لتعاون الموظف معنا,positive,"[{'text': 'شكرا', 'label': 'شخص', 'score': 0.3551045060157776, 'start': 0, 'end': 4}, {'text': 'الموظف', 'label': 'شخص', 'score': 0.8521848917007446, 'start': 12, 'end': 18}]","تعاون, معنا, تجاوب, المشرف, شكرا لكم, الموظف, شكرا علي, لكم, شكر, شكرا",53
35162849037854682,S25120024,300,"رأيك يهمنا، فضلاً شاركنا تعليق او مقترح يساعد في تحسين التجربة",TEXT_INPUT,شكراً لتعاملكم الراقي❤️,شكراً لتعاملكم الراقي,positive,"[{'text': 'شكرا', 'label': 'شخص', 'score': 0.47606661915779114, 'start': 0, 'end': 4}]","الراقي, العتيبي شكرا, تعاملكم, شكرا, العتيبي, شكرا علي, علي, , , ",39
19372224470831607,S25120024,300,"رأيك يهمنا، فضلاً شاركنا تعليق او مقترح يساعد في تحسين التجربة",TEXT_INPUT,شكرا لتعاملكم ,شكرا لتعاملكم,positive,"[{'text': 'شكرا', 'label': 'شخص', 'score': 0.5729988813400269, 'start': 0, 'end': 4}]","الراقي, العتيبي شكرا, تعاملكم, شكرا, العتيبي, شكرا علي, علي, , , ",39
36917666265972692,S25120024,300,"رأيك يهمنا، فضلاً شاركنا تعليق او مقترح يساعد في تحسين التجربة",TEXT_INPUT,شكرا لتعاملك العتيبي,شكرا لتعاملك العتيبي,positive,"[{'text': 'شكرا', 'label': 'شخص', 'score': 0.4374779462814331, 'start': 0, 'end': 4}, {'text': 'العتيبي', 'label': 'شخص', 'score': 0.7252745628356934, 'start': 13, 'end': 20}]","الراقي, العتيبي شكرا, تعاملكم, شكرا, العتيبي, شكرا علي, علي, , , ",39
60167963527787870,S25120024,300,"رأيك يهمنا، فضلاً شاركنا تعليق او مقترح يساعد في تحسين التجربة",TEXT_INPUT,شكراً على سرعة الاستجابه والمتابعة ,شكراً علي سرعه الاستجابه والمتابعه,positive,"[{'text': 'شكرا', 'label': 'شخص', 'score': 0.5623252391815186, 'start': 0, 'end': 4}, {'text': 'سرعه الاستجابه', 'label': 'حدث', 'score': 0.4213596284389496, 'start': 10, 'end': 24}]","الاستجابه شكرا, الاستجابه, سرعه الاستجابه, شكرا علي, والمتابعه شكرا, شكرا الاخ, علي سرعه, وسرعه الاستجابه, سرعه, الاستجابه والمتابعه",42
56891826461191603,S25120024,300,"رأيك يهمنا، فضلاً شاركنا تعليق او مقترح يساعد في تحسين التجربة",TEXT_INPUT,شكرا على سرعة الاستجابه من الموظف طلال العنزي وتامين الشرايح,شكرا علي سرعه الاستجابه الموظف طلال العنزي وتامين الشرايح,positive,"[{'text': 'سرعه الاستجابه', 'label': 'حدث', 'score': 0.4698982238769531, 'start': 9, 'end': 23}, {'text': 'طلال العنزي', 'label': 'شخص', 'score': 0.852593183517456, 'start': 31, 'end': 42}, {'text': 'الشرايح', 'label': 'منظمة', 'score': 0.516537070274353, 'start': 50, 'end': 57}]","العبدلي, الموظف طلال, علي سرعت, سرعت, عبدالكريم, طلال العنزي, الاستجابه اشكر, سرعه الاستجابه, طلال, العنزي",79
47125445301963804,S25120024,300,"رأيك يهمنا، فضلاً شاركنا تعليق او مقترح يساعد في تحسين التجربة",TEXT_INPUT,شكراً على سرعة الاستجابة ,شكراً علي سرعه الاستجابه,positive,"[{'text': 'شكرا', 'label': 'شخص', 'score': 0.5394049882888794, 'start': 0, 'end': 4}, {'text': 'سرعه الاستجابه', 'label': 'حدث', 'score': 0.4616206884384155, 'start': 10, 'end': 24}]","الاستجابه شكرا, الاستجابه, سرعه الاستجابه, شكرا علي, والمتابعه شكرا, شكرا الاخ, علي سرعه, وسرعه الاستجابه, سرعه, الاستجابه والمتابعه",42
49726757088278384,S25120024,300,"رأيك يهمنا، فضلاً شاركنا تعليق او مقترح يساعد في تحسين التجربة",TEXT_INPUT,شكرا على سرعة الاستجابة,شكرا علي سرعه الاستجابه,positive,"[{'text': 'شكرا', 'label': 'شخص', 'score': 0.6304552555084229, 'start': 0, 'end': 4}, {'text': 'سرعه الاستجابه', 'label': 'حدث', 'score': 0.4334314167499542, 'start': 9, 'end': 23}]","الاستجابه شكرا, الاستجابه, سرعه الاستجابه, شكرا علي, والمتابعه شكرا, شكرا الاخ, علي سرعه, وسرعه الاستجابه, سرعه, الاستجابه والمتابعه",42
52913064329809297,S25120024,300,"رأيك يهمنا، فضلاً شاركنا تعليق او مقترح يساعد في تحسين التجربة",TEXT_INPUT,شكرا على رقي تعامل موظف STC,شكرا علي رقي تعامل موظف,positive,"[{'text': 'شكرا', 'label': 'شخص', 'score': 0.3640051484107971, 'start': 0, 'end': 4}, {'text': 'علي رقي', 'label': 'شخص', 'score': 0.7381833791732788, 'start': 5, 'end': 12}, {'text': 'موظف', 'label': 'شخص', 'score': 0.6530653834342957, 'start': 19, 'end': 23}]",متنوع,-1
19139735934897451,S25120024,300,"رأيك يهمنا، فضلاً شاركنا تعليق او مقترح يساعد في تحسين التجربة",TEXT_INPUT,شكرا على خدمتك الجميلة ,شكرا علي خدمتك الجميله,positive,"[{'text': 'شكرا', 'label': 'شخص', 'score': 0.5155078172683716, 'start': 0, 'end': 4}, {'text': 'خدمتك الجميله', 'label': 'حدث', 'score': 0.40569207072257996, 'start': 9, 'end': 22}]","علي الخدمه, الخدمه المميزه, المميزه, الخدمه, شكرا علي, عل, والاخلاق, علي التعاون, لكم علي, شكرا لكم",13
28438114452200252,S25120024,300,"رأيك يهمنا، فضلاً شاركنا تعليق او مقترح يساعد في تحسين التجربة",TEXT_INPUT,شكرا على حسن تعاملكم,شكرا علي حسن تعاملكم,positive,"[{'text': 'علي حسن', 'label': 'شخص', 'score': 0.8766881227493286, 'start': 5, 'end': 12}]","شاكر, حسن تعاملكم, اشكركم علي, تعاملكم شاكر, تعاملكم, اشكركم, علي حسن, حسن, شكرا علي, لكم",85
15231383989948621,S25120024,300,"رأيك يهمنا، فضلاً شاركنا تعليق او مقترح يساعد في تحسين التجربة",TEXT_INPUT,شكرا علي جهدك وتعاونك معنا ,شكرا علي جهدك وتعاونك معنا,positive,"[{'text': 'شكرا', 'label': 'شخص', 'score': 0.5107001662254333, 'start': 0, 'end': 4}]","تعاون, معنا, تجاوب, المشرف, شكرا لكم, الموظف, شكرا علي, لكم, شكر, شكرا",53
28610966682550424,S25120024,300,"رأيك يهمنا، فضلاً شاركنا تعليق او مقترح يساعد في تحسين التجربة",TEXT_INPUT,شكرا على تعاملكم الراقي,شكرا علي تعاملكم الراقي,positive,"[{'text': 'شكرا', 'label': 'شخص', 'score': 0.5593790411949158, 'start': 0, 'end': 4}, {'text': 'تعاملكم الراقي', 'label': 'حدث', 'score': 0.41889429092407227, 'start': 9, 'end': 23}]","الراقي, العتيبي شكرا, تعاملكم, شكرا, العتيبي, شكرا علي, علي, , , ",39
4292332728198439,S25120024,300,"رأيك يهمنا، فضلاً شاركنا تعليق او مقترح يساعد في تحسين التجربة",TEXT_INPUT,شكرا على تجاوبك معنا أخ فيصل,شكرا علي تجاوبك معنا اخ فيصل,positive,"[{'text': 'شكرا', 'label': 'شخص', 'score': 0.34062713384628296, 'start': 0, 'end': 4}, {'text': 'تجاوبك', 'label': 'حدث', 'score': 0.3152684271335602, 'start': 9, 'end': 15}, {'text': 'اخ فيصل', 'label': 'شخص', 'score': 0.690117359161377, 'start': 21, 'end': 28}]",متنوع,-1
24557045415066041,S25120024,300,"رأيك يهمنا، فضلاً شاركنا تعليق او مقترح يساعد في تحسين التجربة",TEXT_INPUT,شكرا على الخدمه المميزه ,شكرا علي الخدمه المميزه,positive,"[{'text': 'شكرا', 'label': 'شخص', 'score': 0.6074755787849426, 'start': 0, 'end': 4}, {'text': 'الخدمه المميزه', 'label': 'حدث', 'score': 0.4446752369403839, 'start': 9, 'end': 23}]","علي الخدمه, الخدمه المميزه, المميزه, الخدمه, شكرا علي, عل, والاخلاق, علي التعاون, لكم علي, شكرا لكم",13
33975856328898787,S25120024,300,"رأيك يهمنا، فضلاً شاركنا تعليق او مقترح يساعد في تحسين التجربة",TEXT_INPUT,شكرا على الخدمة المتميزة ,شكرا علي الخدمه المتميزه,positive,"[{'text': 'شكرا', 'label': 'شخص', 'score': 0.6101604700088501, 'start': 0, 'end': 4}, {'text': 'الخدمه المتميزه', 'label': 'حدث', 'score': 0.44209638237953186, 'start': 9, 'end': 24}]","علي الخدمه, الخدمه المميزه, المميزه, الخدمه, شكرا علي, عل, والاخلاق, علي التعاون, لكم علي, شكرا لكم",13
19765771663665909,S25120024,300,"رأيك يهمنا، فضلاً شاركنا تعليق او مقترح يساعد في تحسين التجربة",TEXT_INPUT,شكرا على التعاون والأخلاق الحلوه ,شكرا علي التعاون والاخلاق الحلوه,positive,"[{'text': 'شكرا', 'label': 'شخص', 'score': 0.5519406795501709, 'start': 0, 'end': 4}, {'text': 'التعاون', 'label': 'حدث', 'score': 0.4942263066768646, 'start': 9, 'end': 16}]","علي الخدمه, الخدمه المميزه, المميزه, الخدمه, شكرا علي, عل, والاخلاق, علي التعاون, لكم علي, شكرا لكم",13
41689788776932748,S25120024,300,"رأيك يهمنا، فضلاً شاركنا تعليق او مقترح يساعد في تحسين التجربة",TEXT_INPUT,شكرا على التعامل الممتاز,شكرا علي التعامل الممتاز,positive,"[{'text': 'شكرا', 'label': 'شخص', 'score': 0.6213170886039734, 'start': 0, 'end': 4}, {'text': 'التعامل الممتاز', 'label': 'حدث', 'score': 0.5054672360420227, 'start': 9, 'end': 24}]",متنوع,-1
24792184416500097,S25120024,300,"رأيك يهمنا، فضلاً شاركنا تعليق او مقترح يساعد في تحسين التجربة",TEXT_INPUT,شكرا عبدالرحمن ومنصور,شكرا عبدالرحمن ومنصور,positive,"[{'text': 'شكرا', 'label': 'شخص', 'score': 0.41487669944763184, 'start': 0, 'end': 4}, {'text': 'عبدالرحمن ومنصور', 'label': 'شخص', 'score': 0.7726256251335144, 'start': 5, 'end': 21}]","استاذ, تركي شكرا, شكرا للاخ, عبدالرحمن شكرا, شكرا عبدالرحمن, منصور, عبدالرحمن, شكرا, شكرا منصور, منصور شكرا",7
17746340711586765,S25120024,300,"رأيك يهمنا، فضلاً شاركنا تعليق او مقترح يساعد في تحسين التجربة",TEXT_INPUT,شكرا عبدالرحمن شكرا منصور شكرا ,شكرا عبدالرحمن شكرا منصور شكرا,positive,"[{'text': 'عبدالرحمن', 'label': 'شخص', 'score': 0.9061314463615417, 'start': 5, 'end': 14}, {'text': 'منصور', 'label': 'شخص', 'score': 0.9076349139213562, 'start': 20, 'end': 25}]","استاذ, تركي شكرا, شكرا للاخ, عبدالرحمن شكرا, شكرا عبدالرحمن, منصور, عبدالرحمن, شكرا, شكرا منصور, منصور شكرا",7
4253728337848161,S25120024,300,"رأيك يهمنا، فضلاً شاركنا تعليق او مقترح يساعد في تحسين التجربة",TEXT_INPUT,شكراً عبدالرحمن الهذيل,شكراً عبدالرحمن الهذيل,neutral,"[{'text': 'عبدالرحمن الهذيل', 'label': 'شخص', 'score': 0.887687623500824, 'start': 6, 'end': 22}]","الهذيل, عبدالرحمن الهذيل, عبدالرحمن, للموظف عبدالرحمن, شكرا عبدالرحمن, للموظف, الموظف عبدالرحمن, عبد الرحمن, شكر للموظف, الرحمن",9
1215209865262314,S25120024,300,"رأيك يهمنا، فضلاً شاركنا تعليق او مقترح يساعد في تحسين التجربة",TEXT_INPUT,شكرا عبدالرحمن الهذيل,شكرا عبدالرحمن الهذيل,positive,"[{'text': 'عبدالرحمن الهذيل', 'label': 'شخص', 'score': 0.8790073394775391, 'start': 5, 'end': 21}]","الهذيل, عبدالرحمن الهذيل, عبدالرحمن, للموظف عبدالرحمن, شكرا عبدالرحمن, للموظف, الموظف عبدالرحمن, عبد الرحمن, شكر للموظف, الرحمن",9
1993977494576388,S25120024,300,"رأيك يهمنا، فضلاً شاركنا تعليق او مقترح يساعد في تحسين التجربة",TEXT_INPUT,شكرا عبد الرحمن الهذيل ,شكرا عبد الرحمن الهذيل,positive,"[{'text': 'عبد الرحمن الهذيل', 'label': 'شخص', 'score': 0.8784108757972717, 'start': 5, 'end': 22}]","الهذيل, عبدالرحمن الهذيل, عبدالرحمن, للموظف عبدالرحمن, شكرا عبدالرحمن, للموظف, الموظف عبدالرحمن, عبد الرحمن, شكر للموظف, الرحمن",9
12929718900720744,S25120024,300,"رأيك يهمنا، فضلاً شاركنا تعليق او مقترح يساعد في تحسين التجربة",TEXT_INPUT,شكرا ع اهتمامكم,شكرا ع اهتمامكم,positive,"[{'text': 'شكرا', 'label': 'شخص', 'score': 0.5182772874832153, 'start': 0, 'end': 4}, {'text': 'اهتمامكم', 'label': 'حدث', 'score': 0.3390505313873291, 'start': 7, 'end': 15}]",متنوع,-1
36746897135300394,S25120024,300,"رأيك يهمنا، فضلاً شاركنا تعليق او مقترح يساعد في تحسين التجربة",TEXT_INPUT,شكرا شكرا شكرا للموظف تركي على سرعه التواصل واللنجاز ,شكرا شكرا شكرا للموظف تركي علي سرعه التواصل واللنجاز,positive,"[{'text': 'تركي', 'label': 'شخص', 'score': 0.5910460352897644, 'start': 22, 'end': 26}, {'text': 'التواصل', 'label': 'حدث', 'score': 0.540777862071991, 'start': 36, 'end': 43}]","للموظف راكان, شكرا للموظف, العتيبي علي, للموظف, شكرا شكرا, راكان, العتيبي, الاستجابه شكرا, علي سرعه, راكان العتيبي",36
51269076890794013,S25120024,300,"رأيك يهمنا، فضلاً شاركنا تعليق او مقترح يساعد في تحسين التجربة",TEXT_INPUT,شكرا خدمه بوقت وجيز يعطيكم العافيه,شكرا خدمه بوقت وجيز يعطيكم العافيه,positive,"[{'text': 'شكرا', 'label': 'شخص', 'score': 0.5027254223823547, 'start': 0, 'end': 4}, {'text': 'خدمه', 'label': 'منظمة', 'score': 0.5456376671791077, 'start': 5, 'end': 9}, {'text': 'بوقت وجيز', 'label': 'وقت', 'score': 0.43939685821533203, 'start': 10, 'end': 19}, {'text': 'العافيه', 'label': 'حدث', 'score': 0.32257965207099915, 'start': 27, 'end': 34}]","شكرا لكم, لكم, لكم ولكن, سريعه, ماشالله, ولكن يوجد, يوجد ملاحظه, خدمات, رائعه, الخدمه",16
40132019417035043,S25120024,300,"رأيك يهمنا، فضلاً شاركنا تعليق او مقترح يساعد في تحسين التجربة",TEXT_INPUT,شكرا جزيلا ,شكرا جزيلا,positive,"[{'text': 'شكرا جزيلا', 'label': 'شخص', 'score': 0.36919188499450684, 'start': 0, 'end': 10}]",متنوع,-1
22751732438308638,S25120024,300,"رأيك يهمنا، فضلاً شاركنا تعليق او مقترح يساعد في تحسين التجربة",TEXT_INPUT,شكراً الموظف راكان العتيبي ,شكراً الموظف راكان العتيبي,neutral,"[{'text': 'راكان العتيبي', 'label': 'شخص', 'score': 0.8398935198783875, 'start': 13, 'end': 26}]","الهذيل, عبدالرحمن الهذيل, عبدالرحمن, للموظف عبدالرحمن, شكرا عبدالرحمن, للموظف, الموظف عبدالرحمن, عبد الرحمن, شكر للموظف, الرحمن",9
26373115249506472,S25120024,300,"رأيك يهمنا، فضلاً شاركنا تعليق او مقترح يساعد في تحسين التجربة",TEXT_INPUT,‏شكرا المندوب ,شكرا المندوب,positive,"[{'text': 'شكرا', 'label': 'شخص', 'score': 0.37169158458709717, 'start': 0, 'end': 4}, {'text': 'المندوب', 'label': 'شخص', 'score': 0.6906808018684387, 'start': 5, 'end': 12}]","اشكرك, نشكر المندوب, الغامدي, المندوب, نشكر, شكرا, , , , ",69
47556330481977376,S25120024,300,"رأيك يهمنا، فضلاً شاركنا تعليق او مقترح يساعد في تحسين التجربة",TEXT_INPUT,شكراً الاستجابة السريعه,شكراً الاستجابه السريعه,neutral,"[{'text': 'شكرا', 'label': 'شخص', 'score': 0.4695095121860504, 'start': 0, 'end': 4}, {'text': 'الاستجابه السريعه', 'label': 'حدث', 'score': 0.5702028870582581, 'start': 6, 'end': 23}]",متنوع,-1
36574908319217904,S25120024,300,"رأيك يهمنا، فضلاً شاركنا تعليق او مقترح يساعد في تحسين التجربة",TEXT_INPUT,شكرا الاستاذ ثابت ما قصر   رغم انه في اجاظة,شكرا الاستاذ ثابت ما قصر رغم انه في اجاظه,positive,"[{'text': 'الاستاذ ثابت', 'label': 'شخص', 'score': 0.8748114109039307, 'start': 5, 'end': 17}, {'text': 'اجاظه', 'label': 'حدث', 'score': 0.5625301599502563, 'start': 36, 'end': 41}]","الاستاذ, اشكره, التوفيق, جدا التعامل, يستاهل اعلي, يمثل, وانجاز, قصر, التقييم, اعلي",22
30338163647877590,S25120024,300,"رأيك يهمنا، فضلاً شاركنا تعليق او مقترح يساعد في تحسين التجربة",TEXT_INPUT,شكرا الاستاذ ثابت حفظك الله,شكرا الاستاذ ثابت حفظك الله,positive,"[{'text': 'الاستاذ ثابت', 'label': 'شخص', 'score': 0.8825476169586182, 'start': 5, 'end': 17}]","الاستاذ ثابت, ثابت, شكرا الاستاذ, وفقك, وفقك الله, وفق, الاستاذ, الله, شكرا, ",70
17767167391601356,S25120024,300,"رأيك يهمنا، فضلاً شاركنا تعليق او مقترح يساعد في تحسين التجربة",TEXT_INPUT,شكرا الاستاذ ثابت  وفقك الله,شكرا الاستاذ ثابت وفقك الله,positive,"[{'text': 'الاستاذ ثابت', 'label': 'شخص', 'score': 0.8548392057418823, 'start': 5, 'end': 17}, {'text': 'الله', 'label': 'منظمة', 'score': 0.36586132645606995, 'start': 23, 'end': 27}]","الاستاذ ثابت, ثابت, شكرا الاستاذ, وفقك, وفقك الله, وفق, الاستاذ, الله, شكرا, ",70
32755079223697249,S25120024,300,"رأيك يهمنا، فضلاً شاركنا تعليق او مقترح يساعد في تحسين التجربة",TEXT_INPUT,شكرا الاستاذ ثابت ,شكرا الاستاذ ثابت,positive,"[{'text': 'الاستاذ ثابت', 'label': 'شخص', 'score': 0.7650306224822998, 'start': 5, 'end': 17}]","استاذ, تركي شكرا, شكرا للاخ, عبدالرحمن شكرا, شكرا عبدالرحمن, منصور, عبدالرحمن, شكرا, شكرا منصور, منصور شكرا",7
3730128953291881,S25120024,300,"رأيك يهمنا، فضلاً شاركنا تعليق او مقترح يساعد في تحسين التجربة",TEXT_INPUT,شكرا الاستاذ تركي على سرعة الاستابة والمتابعة,شكرا الاستاذ تركي علي سرعه الاستابه والمتابعه,positive,"[{'text': 'الاستاذ تركي', 'label': 'شخص', 'score': 0.8278905153274536, 'start': 5, 'end': 17}, {'text': 'سرعه', 'label': 'حدث', 'score': 0.35024163126945496, 'start': 22, 'end': 26}, {'text': 'الاستابه', 'label': 'حدث', 'score': 0.4026249051094055, 'start': 27, 'end': 35}]","سرعه الاستجابه, علي سرعه, الاستجابه والمتابعه, تركي علي, الاستجابه, سرعه, والمتابعه, نشكر, تركي, والمتابعه المستمره",8
6.99818E+14,S25120024,300,"رأيك يهمنا، فضلاً شاركنا تعليق او مقترح يساعد في تحسين التجربة",TEXT_INPUT,شكرا الاستاذ تركي ال حمزه على المتابعة والاهتمام,شكرا الاستاذ تركي ال حمزه علي المتابعه والاهتمام,positive,"[{'text': 'الاستاذ تركي ال حمزه', 'label': 'شخص', 'score': 0.7721529006958008, 'start': 5, 'end': 25}, {'text': 'المتابعه', 'label': 'حدث', 'score': 0.32945868372917175, 'start': 30, 'end': 38}]","المستمره نشكر, المستمره, نشكر الاخ, والتواصل, علي المتابعه, المتابعه, الاخ تركي, نشكر, تركي علي, والمتابعه المستمره",44
32677134203361454,S25120024,300,"رأيك يهمنا، فضلاً شاركنا تعليق او مقترح يساعد في تحسين التجربة",TEXT_INPUT,شكراً الاخ وليد موظف على التميز وحسن التعامل ,شكراً الاخ وليد موظف علي التميز وحسن التعامل,positive,"[{'text': 'الاخ وليد', 'label': 'شخص', 'score': 0.7627711892127991, 'start': 6, 'end': 15}, {'text': 'موظف', 'label': 'شخص', 'score': 0.42810317873954773, 'start': 16, 'end': 20}, {'text': 'التميز', 'label': 'حدث', 'score': 0.531930685043335, 'start': 25, 'end': 31}, {'text': 'التعامل', 'label': 'حدث', 'score': 0.3817295730113983, 'start': 37, 'end': 44}]","المعامله, حسن المعامله, الاخ, الاخ تركي, نشكر الاخ, عل, جزيلا, شكرا جزيلا, شكرا الاخ, وليد",38
60078732744016973,S25120024,300,"رأيك يهمنا، فضلاً شاركنا تعليق او مقترح يساعد في تحسين التجربة",TEXT_INPUT,شكراً الاخ ترمي على المتابعة وسرعة الاستجابة,شكراً الاخ ترمي علي المتابعه وسرعه الاستجابه,positive,"[{'text': 'شكرا', 'label': 'شخص', 'score': 0.34421393275260925, 'start': 0, 'end': 4}, {'text': 'الاخ ترمي', 'label': 'شخص', 'score': 0.7720194458961487, 'start': 6, 'end': 15}, {'text': 'المتابعه', 'label': 'حدث', 'score': 0.5736745595932007, 'start': 20, 'end': 28}, {'text': 'الاستجابه', 'label': 'حدث', 'score': 0.37590739130973816, 'start': 35, 'end': 44}]","الاستجابه شكرا, الاستجابه, سرعه الاستجابه, شكرا علي, والمتابعه شكرا, شكرا الاخ, علي سرعه, وسرعه الاستجابه, سرعه, الاستجابه والمتابعه",42
13628618802606235,S25120024,300,"رأيك يهمنا، فضلاً شاركنا تعليق او مقترح يساعد في تحسين التجربة",TEXT_INPUT,شكرا استاذ عبدالرحمن ,شكرا استاذ عبدالرحمن,positive,"[{'text': 'استاذ عبدالرحمن', 'label': 'شخص', 'score': 0.73939448595047, 'start': 5, 'end': 20}]","استاذ, تركي شكرا, شكرا للاخ, عبدالرحمن شكرا, شكرا عبدالرحمن, منصور, عبدالرحمن, شكرا, شكرا منصور, منصور شكرا",7
24304455517134941,S25120024,300,"رأيك يهمنا، فضلاً شاركنا تعليق او مقترح يساعد في تحسين التجربة",TEXT_INPUT,شكرا استاذ رائد الشهري ,شكرا استاذ رائد الشهري,positive,"[{'text': 'استاذ رائد الشهري', 'label': 'شخص', 'score': 0.732990026473999, 'start': 5, 'end': 22}]","استاذ, تركي شكرا, شكرا للاخ, عبدالرحمن شكرا, شكرا عبدالرحمن, منصور, عبدالرحمن, شكرا, شكرا منصور, منصور شكرا",7
24034382507300032,S25120024,300,"رأيك يهمنا، فضلاً شاركنا تعليق او مقترح يساعد في تحسين التجربة",TEXT_INPUT,شكرا استاذ احمد الزهراني,شكرا استاذ احمد الزهراني,positive,"[{'text': 'استاذ احمد الزهراني', 'label': 'شخص', 'score': 0.7808749675750732, 'start': 5, 'end': 24}]","استاذ, تركي شكرا, شكرا للاخ, عبدالرحمن شكرا, شكرا عبدالرحمن, منصور, عبدالرحمن, شكرا, شكرا منصور, منصور شكرا",7
9840171993188474,S25120024,300,"رأيك يهمنا، فضلاً شاركنا تعليق او مقترح يساعد في تحسين التجربة",TEXT_INPUT,شكرا اخوي ركان,شكرا اخوي ركان,positive,"[{'text': 'شكرا', 'label': 'شخص', 'score': 0.34999170899391174, 'start': 0, 'end': 4}, {'text': 'اخوي ركان', 'label': 'شخص', 'score': 0.6797542572021484, 'start': 5, 'end': 14}]","استاذ, تركي شكرا, شكرا للاخ, عبدالرحمن شكرا, شكرا عبدالرحمن, منصور, عبدالرحمن, شكرا, شكرا منصور, منصور شكرا",7
2086026466898488,S25120024,300,"رأيك يهمنا، فضلاً شاركنا تعليق او مقترح يساعد في تحسين التجربة",TEXT_INPUT,شكرا STC,شكرا,positive,"[{'text': 'شكرا', 'label': 'شخص', 'score': 0.5877838134765625, 'start': 0, 'end': 4}]","شكرا لك, القلب, شكرا القلب, لك, شكرا, , , , , ",50
40295827150948834,S25120024,300,"رأيك يهمنا، فضلاً شاركنا تعليق او مقترح يساعد في تحسين التجربة",TEXT_INPUT,شكراً ,شكراً,negative,"[{'text': 'شكرا', 'label': 'شخص', 'score': 0.48482269048690796, 'start': 0, 'end': 4}]","شك, جيد, لايوجد, شكرا, , , , , , ",21
36662502397396388,S25120024,300,"رأيك يهمنا، فضلاً شاركنا تعليق او مقترح يساعد في تحسين التجربة",TEXT_INPUT,شكرأ ستاذ مهن,شكرا ستاذ مهن,positive,"[{'text': 'شكرا', 'label': 'شخص', 'score': 0.49519798159599304, 'start': 0, 'end': 4}, {'text': 'ستاذ مهن', 'label': 'منظمة', 'score': 0.6326161026954651, 'start': 5, 'end': 13}]","استاذ, تركي شكرا, شكرا للاخ, عبدالرحمن شكرا, شكرا عبدالرحمن, منصور, عبدالرحمن, شكرا, شكرا منصور, منصور شكرا",7
35261531320269608,S25120024,300,"رأيك يهمنا، فضلاً شاركنا تعليق او مقترح يساعد في تحسين التجربة",TEXT_INPUT,شكر وتقدير لفريق العمل,شكر وتقدير لفريق العمل,positive,[],"للاخ تركي, للاخ, موصول للاخ, موصول, شكر, تركي الف, العمل, الشكر موصول, الشكر, تركي",34
48075961931963378,S25120024,300,"رأيك يهمنا، فضلاً شاركنا تعليق او مقترح يساعد في تحسين التجربة",TEXT_INPUT,شكر موصول للاخ تركي,شكر موصول للاخ تركي,positive,"[{'text': 'شكر', 'label': 'حدث', 'score': 0.49325764179229736, 'start': 0, 'end': 3}, {'text': 'تركي', 'label': 'شخص', 'score': 0.4944392144680023, 'start': 15, 'end': 19}]","للاخ تركي, للاخ, موصول للاخ, موصول, شكر, تركي الف, العمل, الشكر موصول, الشكر, تركي",34
1993956814645074,S25120024,300,"رأيك يهمنا، فضلاً شاركنا تعليق او مقترح يساعد في تحسين التجربة",TEXT_INPUT,شكر للموظف عبدالرحمن الهذيل ,شكر للموظف عبدالرحمن الهذيل,positive,"[{'text': 'شكر', 'label': 'حدث', 'score': 0.4078400731086731, 'start': 0, 'end': 3}, {'text': 'عبدالرحمن الهذيل', 'label': 'شخص', 'score': 0.8401747345924377, 'start': 11, 'end': 27}]","الهذيل, عبدالرحمن الهذيل, عبدالرحمن, للموظف عبدالرحمن, شكرا عبدالرحمن, للموظف, الموظف عبدالرحمن, عبد الرحمن, شكر للموظف, الرحمن",9
7854332777700133,S25120024,300,"رأيك يهمنا، فضلاً شاركنا تعليق او مقترح يساعد في تحسين التجربة",TEXT_INPUT,شكرً للموظف راكان العتيبي ,شكرً للموظف راكان العتيبي,neutral,"[{'text': 'راكان العتيبي', 'label': 'شخص', 'score': 0.8612959384918213, 'start': 12, 'end': 25}]",متنوع,-1
24735490279031665,S25120024,300,"رأيك يهمنا، فضلاً شاركنا تعليق او مقترح يساعد في تحسين التجربة",TEXT_INPUT,شكر للمندوب محمد الغامدي ,شكر للمندوب محمد الغامدي,positive,"[{'text': 'محمد الغامدي', 'label': 'شخص', 'score': 0.8712957501411438, 'start': 12, 'end': 24}]","للمندوب, شكرا للمندوب, شكر للمندوب, للمندوب علي, وشكر, علي شكرا, رضاء محمد, سرعه الانجاز, لمندوب, وشكر خاص",10
49898026377399637,S25120024,300,"رأيك يهمنا، فضلاً شاركنا تعليق او مقترح يساعد في تحسين التجربة",TEXT_INPUT,شكر لتعاون الموظف المميز ,شكر لتعاون الموظف المميز,positive,"[{'text': 'شكر', 'label': 'حدث', 'score': 0.3908599317073822, 'start': 0, 'end': 3}, {'text': 'الموظف المميز', 'label': 'شخص', 'score': 0.8053667545318604, 'start': 11, 'end': 24}]","تعاون, معنا, تجاوب, المشرف, شكرا لكم, الموظف, شكرا علي, لكم, شكر, شكرا",53
57837686027879352,S25120024,300,"رأيك يهمنا، فضلاً شاركنا تعليق او مقترح يساعد في تحسين التجربة",TEXT_INPUT,شكر عبدالاله الهذيل,شكر عبدالاله الهذيل,positive,"[{'text': 'عبدالاله الهذيل', 'label': 'شخص', 'score': 0.8476703763008118, 'start': 4, 'end': 19}]","الهذيل, عبدالرحمن الهذيل, عبدالرحمن, للموظف عبدالرحمن, شكرا عبدالرحمن, للموظف, الموظف عبدالرحمن, عبد الرحمن, شكر للموظف, الرحمن",9
39586450916344670,S25120024,300,"رأيك يهمنا، فضلاً شاركنا تعليق او مقترح يساعد في تحسين التجربة",TEXT_INPUT,شكر ع حسن تعاملكمً,شكر ع حسن تعاملكمً,positive,"[{'text': 'شكر', 'label': 'شخص', 'score': 0.523942232131958, 'start': 0, 'end': 3}, {'text': 'حسن', 'label': 'شخص', 'score': 0.7313798069953918, 'start': 6, 'end': 9}, {'text': 'تعاملكم', 'label': 'حدث', 'score': 0.37143489718437195, 'start': 10, 'end': 17}]","حسن, تعاونه, تعمل ممتاز, حسن تعاملكم, شاكر, تعاملكم شاكر, لكم حسن, حسن التعاون, وشكرا علي, تعاملكم",28
28375340910580633,S25120024,300,"رأيك يهمنا، فضلاً شاركنا تعليق او مقترح يساعد في تحسين التجربة",TEXT_INPUT,شكر خاص للاستاذ وليد على المتابعه والاهتمام حسن التعامل ,شكر خاص للاستاذ وليد علي المتابعه والاهتمام حسن التعامل,positive,"[{'text': 'وليد', 'label': 'شخص', 'score': 0.5772059559822083, 'start': 16, 'end': 20}, {'text': 'المتابعه', 'label': 'حدث', 'score': 0.3917759954929352, 'start': 25, 'end': 33}, {'text': 'التعامل', 'label': 'حدث', 'score': 0.35230404138565063, 'start': 48, 'end': 55}]","المستمره نشكر, المستمره, نشكر الاخ, والتواصل, علي المتابعه, المتابعه, الاخ تركي, نشكر, تركي علي, والمتابعه المستمره",44
56202564208632844,S25120024,300,"رأيك يهمنا، فضلاً شاركنا تعليق او مقترح يساعد في تحسين التجربة",TEXT_INPUT,شكر خاص للاخ محمد الزهراني مندوب المبيعات على حرصه وتلبية ,شكر خاص للاخ محمد الزهراني مندوب المبيعات علي حرصه وتلبيه,positive,"[{'text': 'محمد الزهراني', 'label': 'شخص', 'score': 0.8582661151885986, 'start': 13, 'end': 26}, {'text': 'مندوب المبيعات', 'label': 'شخص', 'score': 0.4418084919452667, 'start': 27, 'end': 41}, {'text': 'حرصه', 'label': 'حدث', 'score': 0.31121665239334106, 'start': 46, 'end': 50}]","علي تعاونه, تعاونه, محمد, علي حرصه, شكر خاص, المعاوي علي, حرصه, رضاء محمد, الوهيبي, المستمر",48
47561973590373759,S25120024,300,"رأيك يهمنا، فضلاً شاركنا تعليق او مقترح يساعد في تحسين التجربة",TEXT_INPUT,شكر الاخ تركي على حسن المعاملة,شكر الاخ تركي علي حسن المعامله,positive,"[{'text': 'الاخ تركي', 'label': 'شخص', 'score': 0.8289082646369934, 'start': 4, 'end': 13}, {'text': 'المعامله', 'label': 'حدث', 'score': 0.5731309056282043, 'start': 22, 'end': 30}]","المعامله, حسن المعامله, الاخ, الاخ تركي, نشكر الاخ, عل, جزيلا, شكرا جزيلا, شكرا الاخ, وليد",38
1987691520829205,S25120024,300,"رأيك يهمنا، فضلاً شاركنا تعليق او مقترح يساعد في تحسين التجربة",TEXT_INPUT,شكة تاخير في بصمة الوجھ ي حبنذ تكون البصمھ الجھاز شغلھا,شكه تاخير في بصمه الوجھ ي حبنذ تكون البصمھ الجھاز شغلھا,negative,"[{'text': 'شكه', 'label': 'حدث', 'score': 0.355054646730423, 'start': 0, 'end': 3}, {'text': 'تاخير', 'label': 'حدث', 'score': 0.45952409505844116, 'start': 4, 'end': 9}, {'text': 'بصمه الوجھ', 'label': 'منتج', 'score': 0.5417777299880981, 'start': 13, 'end': 23}, {'text': 'حبنذ', 'label': 'وقت', 'score': 0.4256480932235718, 'start': 26, 'end': 30}, {'text': 'البصمھ الجھاز', 'label': 'منتج', 'score': 0.5062451362609863, 'start': 36, 'end': 49}]",متنوع,-1
2779992003131054,S25120024,300,"رأيك يهمنا، فضلاً شاركنا تعليق او مقترح يساعد في تحسين التجربة",TEXT_INPUT,شك,شك,negative,"[{'text': 'شك', 'label': 'منتج', 'score': 0.42088747024536133, 'start': 0, 'end': 2}]","شك, جيد, لايوجد, شكرا, , , , , , ",21
20797550302843375,S25120024,300,"رأيك يهمنا، فضلاً شاركنا تعليق او مقترح يساعد في تحسين التجربة",TEXT_INPUT,شركة رائدة ,شركه رائده,positive,"[{'text': 'شركه رائده', 'label': 'منظمة', 'score': 0.5646361708641052, 'start': 0, 'end': 10}]","خدمه, خدمه مميزه, مميزه, ممتازه, جدا ممتازه, خدمه جدا, سيئه, سريعه, خدمات, خدماتكم",5
30181605034303915,S25120024,300,"رأيك يهمنا، فضلاً شاركنا تعليق او مقترح يساعد في تحسين التجربة",TEXT_INPUT,شركة جدا جدا جدا رائعة,شركه جدا جدا جدا رائعه,positive,"[{'text': 'شركه', 'label': 'منظمة', 'score': 0.6804539561271667, 'start': 0, 'end': 4}, {'text': 'رائعه', 'label': 'منتج', 'score': 0.3470388948917389, 'start': 17, 'end': 22}]","رائعه, جدا جدا, جدا, ممتازه, شركه, , , , , ",77
58614385459260856,S25120024,300,"رأيك يهمنا، فضلاً شاركنا تعليق او مقترح يساعد في تحسين التجربة",TEXT_INPUT,شرايح غير متوفره ,شرايح غير متوفره,neutral,"[{'text': 'شرايح', 'label': 'منتج', 'score': 0.5134671330451965, 'start': 0, 'end': 5}]","شرايح, لايوجد, بطيئه, مره, الاستحابه, متوفره, اطلب, عدد, مشكله, الشرايح",17
47989114247773087,S25120024,300,"رأيك يهمنا، فضلاً شاركنا تعليق او مقترح يساعد في تحسين التجربة",TEXT_INPUT,شرئح عدد خمسون لاتكفي والمندوب لايصل منطقتي,شرئح عدد خمسون لاتكفي والمندوب لايصل منطقتي,negative,"[{'text': 'شرئح', 'label': 'شخص', 'score': 0.5772680640220642, 'start': 0, 'end': 4}, {'text': 'خمسون', 'label': 'شخص', 'score': 0.434370756149292, 'start': 9, 'end': 14}, {'text': 'والمندوب', 'label': 'شخص', 'score': 0.3808371126651764, 'start': 22, 'end': 30}, {'text': 'منطقتي', 'label': 'مكان', 'score': 0.6046353578567505, 'start': 37, 'end': 43}]",متنوع,-1
17774948880694627,S25120024,300,"رأيك يهمنا، فضلاً شاركنا تعليق او مقترح يساعد في تحسين التجربة",TEXT_INPUT,شاكر له حسن تعاونه,شاكر له حسن تعاونه,positive,"[{'text': 'شاكر', 'label': 'شخص', 'score': 0.7193089723587036, 'start': 0, 'end': 4}, {'text': 'حسن تعاونه', 'label': 'حدث', 'score': 0.31983086466789246, 'start': 8, 'end': 18}]","حسن, تعاونه, تعمل ممتاز, حسن تعاملكم, شاكر, تعاملكم شاكر, لكم حسن, حسن التعاون, وشكرا علي, تعاملكم",28
12468774784348157,S25120024,300,"رأيك يهمنا، فضلاً شاركنا تعليق او مقترح يساعد في تحسين التجربة",TEXT_INPUT,شاكر لكم تعاونكم ,شاكر لكم تعاونكم,positive,"[{'text': 'شاكر لكم', 'label': 'شخص', 'score': 0.5842532515525818, 'start': 0, 'end': 8}, {'text': 'تعاونكم', 'label': 'حدث', 'score': 0.36585408449172974, 'start': 9, 'end': 16}]","شاكر, حسن تعاملكم, اشكركم علي, تعاملكم شاكر, تعاملكم, اشكركم, علي حسن, حسن, شكرا علي, لكم",85
18867142129583615,S25120024,300,"رأيك يهمنا، فضلاً شاركنا تعليق او مقترح يساعد في تحسين التجربة",TEXT_INPUT,ش,ش,neutral,"[{'text': 'ش', 'label': 'منظمة', 'score': 0.4254993498325348, 'start': 0, 'end': 1}]","60, , , , , , , , , ",46
5.27856E+14,S25120024,300,"رأيك يهمنا، فضلاً شاركنا تعليق او مقترح يساعد في تحسين التجربة",TEXT_INPUT,سيئه,سيئه,negative,"[{'text': 'سيئه', 'label': 'منظمة', 'score': 0.4044496715068817, 'start': 0, 'end': 4}]","جيده, عرض, سيئه, , , , , , , ",84
1195924304900624,S25120024,300,"رأيك يهمنا، فضلاً شاركنا تعليق او مقترح يساعد في تحسين التجربة",TEXT_INPUT,سكرا,سكرا,negative,"[{'text': 'سكرا', 'label': 'منتج', 'score': 0.6342439651489258, 'start': 0, 'end': 4}]","بقوه, ممتاز, , , , , , , , ",26
60317814909137424,S25120024,300,"رأيك يهمنا، فضلاً شاركنا تعليق او مقترح يساعد في تحسين التجربة",TEXT_INPUT,سريع ومتعامل ,سريع ومتعامل,positive,"[{'text': 'سريع', 'label': 'منظمة', 'score': 0.3522031307220459, 'start': 0, 'end': 4}]",متنوع,-1
46950364484094701,S25120024,300,"رأيك يهمنا، فضلاً شاركنا تعليق او مقترح يساعد في تحسين التجربة",TEXT_INPUT,سريع نشكر الأخ تركي,سريع نشكر الاخ تركي,positive,"[{'text': 'سريع', 'label': 'وقت', 'score': 0.41091951727867126, 'start': 0, 'end': 4}, {'text': 'الاخ تركي', 'label': 'شخص', 'score': 0.8176725506782532, 'start': 10, 'end': 19}]",متنوع,-1
53523090420450437,S25120024,300,"رأيك يهمنا، فضلاً شاركنا تعليق او مقترح يساعد في تحسين التجربة",TEXT_INPUT,سريع بالخدمة مميز بالتعامل الف شكر لك اخوي احمد,سريع بالخدمه مميز بالتعامل الف شكر لك اخوي احمد,positive,"[{'text': 'سريع بالخدمه', 'label': 'حدث', 'score': 0.40699025988578796, 'start': 0, 'end': 12}, {'text': 'مميز بالتعامل', 'label': 'حدث', 'score': 0.40057608485221863, 'start': 13, 'end': 26}, {'text': 'اخوي احمد', 'label': 'شخص', 'score': 0.6901993155479431, 'start': 38, 'end': 47}]","المستمره نشكر, المستمره, نشكر الاخ, والتواصل, علي المتابعه, المتابعه, الاخ تركي, نشكر, تركي علي, والمتابعه المستمره",44
51626345788068669,S25120024,300,"رأيك يهمنا، فضلاً شاركنا تعليق او مقترح يساعد في تحسين التجربة",TEXT_INPUT,سريع التعامل وسريع التوصيل واخلاقه عاليه ,سريع التعامل وسريع التوصيل واخلاقه عاليه,positive,"[{'text': 'سريع التعامل', 'label': 'منتج', 'score': 0.473862886428833, 'start': 0, 'end': 12}, {'text': 'التوصيل', 'label': 'مكان', 'score': 0.3759910762310028, 'start': 19, 'end': 26}]","وسريع, جدا راقي, والاخلاق, المندوب تعامله, الممتاز, وسرعه بالانجاز, وسريع الاستجابه, وخلوق, بالانجاز, موزع",14
18867564135543481,S25120024,300,"رأيك يهمنا، فضلاً شاركنا تعليق او مقترح يساعد في تحسين التجربة",TEXT_INPUT,سرعه توفيز وانجاز المهمه اسشكره كن اعماق قلبي,سرعه توفيز وانجاز المهمه اسشكره كن اعماق قلبي,positive,"[{'text': 'سرعه', 'label': 'حدث', 'score': 0.3848075568675995, 'start': 0, 'end': 4}, {'text': 'توفيز', 'label': 'منتج', 'score': 0.4918031096458435, 'start': 5, 'end': 10}, {'text': 'المهمه', 'label': 'حدث', 'score': 0.4504181444644928, 'start': 18, 'end': 24}, {'text': 'اسشكره', 'label': 'شخص', 'score': 0.34644848108291626, 'start': 25, 'end': 31}, {'text': 'قلبي', 'label': 'شخص', 'score': 0.41446998715400696, 'start': 41, 'end': 45}]","الاستاذ, اشكره, التوفيق, جدا التعامل, يستاهل اعلي, يمثل, وانجاز, قصر, التقييم, اعلي",22
46961191441845480,S25120024,300,"رأيك يهمنا، فضلاً شاركنا تعليق او مقترح يساعد في تحسين التجربة",TEXT_INPUT,سرعة بالتواصل وسرعة بالإنجاز ,سرعه بالتواصل وسرعه بالانجاز,positive,"[{'text': 'سرعه', 'label': 'وقت', 'score': 0.39782795310020447, 'start': 0, 'end': 4}]","الانجاز, وسرعه الانجاز, وفن التعامل, وفن, التعامل, وسرعه, وسرعه بالانجاز, الانجاز ممتاز, فن التعامل, ممتاز وفن",31
13306517533071226,S25120024,300,"رأيك يهمنا، فضلاً شاركنا تعليق او مقترح يساعد في تحسين التجربة",TEXT_INPUT,سرعة بالتنفيذ ومندوب ومحترم,سرعه بالتنفيذ ومندوب ومحترم,positive,"[{'text': 'سرعه', 'label': 'وقت', 'score': 0.4193495213985443, 'start': 0, 'end': 4}]","ومتعاون, محترم, متعاون, ويستحق, موظف مثالي, وسريع, والمندوب, مثالي, ومحترم, موظف",0
43234174262226191,S25120024,300,"رأيك يهمنا، فضلاً شاركنا تعليق او مقترح يساعد في تحسين التجربة",TEXT_INPUT,سرعة التجاوب وفن التعامل ,سرعه التجاوب وفن التعامل,positive,"[{'text': 'سرعه التجاوب', 'label': 'حدث', 'score': 0.45723992586135864, 'start': 0, 'end': 12}]","الانجاز, وسرعه الانجاز, وفن التعامل, وفن, التعامل, وسرعه, وسرعه بالانجاز, الانجاز ممتاز, فن التعامل, ممتاز وفن",31
38939680936924271,S25120024,300,"رأيك يهمنا، فضلاً شاركنا تعليق او مقترح يساعد في تحسين التجربة",TEXT_INPUT,زيادة في صرف الشرايح,زياده في صرف الشرايح,negative,"[{'text': 'زياده', 'label': 'حدث', 'score': 0.4345051348209381, 'start': 0, 'end': 5}, {'text': 'صرف', 'label': 'حدث', 'score': 0.31732550263404846, 'start': 9, 'end': 12}, {'text': 'الشرايح', 'label': 'منتج', 'score': 0.5504035949707031, 'start': 13, 'end': 20}]","نقص, كثرت, عندي, صرف, الاعطال, زياده, الشرايح, , , ",51
59755630950123082,S25120024,300,"رأيك يهمنا، فضلاً شاركنا تعليق او مقترح يساعد في تحسين التجربة",TEXT_INPUT,زيادة اعداد الشرائح لنا قدر الامكان الكمية قليلة جدا ,زياده اعداد الشرائح لنا قدر الامكان الكميه قليله جدا,neutral,"[{'text': 'الشرائح', 'label': 'منتج', 'score': 0.6314896941184998, 'start': 12, 'end': 19}, {'text': 'لنا', 'label': 'شخص', 'score': 0.5483785271644592, 'start': 20, 'end': 23}]","زياده, كبيره, اسعار, الطلب, وشكرا لكم, اللي, الشركات الاخري, بي, الشرائح, الباقات",24
4469733351763885,S25120024,300,"رأيك يهمنا، فضلاً شاركنا تعليق او مقترح يساعد في تحسين التجربة",TEXT_INPUT,روح التعاون,روح التعاون,positive,"[{'text': 'روح التعاون', 'label': 'منظمة', 'score': 0.44661495089530945, 'start': 0, 'end': 11}]","خدمه, خدمه مميزه, مميزه, ممتازه, جدا ممتازه, خدمه جدا, سيئه, سريعه, خدمات, خدماتكم",5
54734449822198738,S25120024,300,"رأيك يهمنا، فضلاً شاركنا تعليق او مقترح يساعد في تحسين التجربة",TEXT_INPUT,رجل محترم وسريع في توصيل الطلبات ويحفز على البيع,رجل محترم وسريع في توصيل الطلبات ويحفز علي البيع,positive,"[{'text': 'رجل', 'label': 'شخص', 'score': 0.8213959336280823, 'start': 0, 'end': 3}, {'text': 'الطلبات', 'label': 'حدث', 'score': 0.48091813921928406, 'start': 25, 'end': 32}, {'text': 'البيع', 'label': 'حدث', 'score': 0.6137813329696655, 'start': 43, 'end': 48}]",متنوع,-1
52917963955130630,S25120024,300,"رأيك يهمنا، فضلاً شاركنا تعليق او مقترح يساعد في تحسين التجربة",TEXT_INPUT,رجل محترم,رجل محترم,positive,"[{'text': 'رجل محترم', 'label': 'شخص', 'score': 0.7160659432411194, 'start': 0, 'end': 9}]","رجل محترم, عمل, موظف متميز, رائع, مندوب رائع, متميز, رجل, محترم, موظف, مندوب",59
1640699668406316,S25120024,300,"رأيك يهمنا، فضلاً شاركنا تعليق او مقترح يساعد في تحسين التجربة",TEXT_INPUT,راقي جداً ,راقي جداً,positive,[],"تعمل ممتاز, راقي جدا, مقبول, ممتاز, تعمل, جيد, راقي, الموظف, موظف, جدا",29
,S25120024,300,"رأيك يهمنا، فضلاً شاركنا تعليق او مقترح يساعد في تحسين التجربة",TEXT_INPUT,راضي,راضي,positive,"[{'text': 'راضي', 'label': 'شخص', 'score': 0.7168796062469482, 'start': 0, 'end': 4}]","شك, جيد, لايوجد, شكرا, , , , , , ",21
13257710844623937,S25120024,300,"رأيك يهمنا، فضلاً شاركنا تعليق او مقترح يساعد في تحسين التجربة",TEXT_INPUT,رائع جدا ,رائع جدا,positive,[],"المتابعه, علي المتابعه, الشكر موصول, المتابعه المستمره, المستمره, موصول, حسن التعامل, للاستاذ, الشكر, للاخ تركي",6
40645306998177286,S25120024,300,"رأيك يهمنا، فضلاً شاركنا تعليق او مقترح يساعد في تحسين التجربة",TEXT_INPUT,خفضو اسعار الباقات مقارنه بي الشركات الاخرى المنافسة وشكرا لكم,خفضو اسعار الباقات مقارنه بي الشركات الاخري المنافسه وشكرا لكم,neutral,"[{'text': 'الباقات', 'label': 'منتج', 'score': 0.6885216236114502, 'start': 11, 'end': 18}, {'text': 'الشركات الاخري', 'label': 'منظمة', 'score': 0.5664399266242981, 'start': 29, 'end': 43}, {'text': 'لكم', 'label': 'شخص', 'score': 0.4631694257259369, 'start': 59, 'end': 62}]","زياده, كبيره, اسعار, الطلب, وشكرا لكم, اللي, الشركات الاخري, بي, الشرائح, الباقات",24
18349856227129361,S25120024,300,"رأيك يهمنا، فضلاً شاركنا تعليق او مقترح يساعد في تحسين التجربة",TEXT_INPUT,خفض اسعار الباقات والنت ,خفض اسعار الباقات والنت,negative,"[{'text': 'خفض اسعار', 'label': 'حدث', 'score': 0.484205037355423, 'start': 0, 'end': 9}, {'text': 'الباقات والنت', 'label': 'منتج', 'score': 0.6050771474838257, 'start': 10, 'end': 23}]",متنوع,-1
24810403604668179,S25120024,300,"رأيك يهمنا، فضلاً شاركنا تعليق او مقترح يساعد في تحسين التجربة",TEXT_INPUT,خدومين ومميزين وتعاملهم سريع وباتقان,خدومين ومميزين وتعاملهم سريع وباتقان,positive,"[{'text': 'خدومين', 'label': 'شخص', 'score': 0.7144513726234436, 'start': 0, 'end': 6}, {'text': 'سريع', 'label': 'حدث', 'score': 0.34276577830314636, 'start': 24, 'end': 28}]","وسريع, جدا راقي, والاخلاق, المندوب تعامله, الممتاز, وسرعه بالانجاز, وسريع الاستجابه, وخلوق, بالانجاز, موزع",14
34575861719198777,S25120024,300,"رأيك يهمنا، فضلاً شاركنا تعليق او مقترح يساعد في تحسين التجربة",TEXT_INPUT,خدمه مميزه شكرا لكم ,خدمه مميزه شكرا لكم,positive,"[{'text': 'خدمه مميزه', 'label': 'منتج', 'score': 0.4407718777656555, 'start': 0, 'end': 10}, {'text': 'شكرا لكم', 'label': 'شخص', 'score': 0.5461412072181702, 'start': 11, 'end': 19}]","شكرا لكم, لكم, لكم ولكن, سريعه, ماشالله, ولكن يوجد, يوجد ملاحظه, خدمات, رائعه, الخدمه",16
29840510758563650,S25120024,300,"رأيك يهمنا، فضلاً شاركنا تعليق او مقترح يساعد في تحسين التجربة",TEXT_INPUT,خدمه مميزه جدا جدا,خدمه مميزه جدا جدا,positive,"[{'text': 'خدمه', 'label': 'منتج', 'score': 0.608440101146698, 'start': 0, 'end': 4}]","خدمه, خدمه مميزه, مميزه, ممتازه, جدا ممتازه, خدمه جدا, سيئه, سريعه, خدمات, خدماتكم",5
33976958716153362,S25120024,300,"رأيك يهمنا، فضلاً شاركنا تعليق او مقترح يساعد في تحسين التجربة",TEXT_INPUT,خدمه مميزه جدا,خدمه مميزه جدا,positive,"[{'text': 'خدمه', 'label': 'منتج', 'score': 0.5726897120475769, 'start': 0, 'end': 4}]","خدمه, خدمه مميزه, مميزه, ممتازه, جدا ممتازه, خدمه جدا, سيئه, سريعه, خدمات, خدماتكم",5
34579664566800446,S25120024,300,"رأيك يهمنا، فضلاً شاركنا تعليق او مقترح يساعد في تحسين التجربة",TEXT_INPUT,خدمه مميزه ,خدمه مميزه,positive,"[{'text': 'خدمه مميزه', 'label': 'منتج', 'score': 0.5216709971427917, 'start': 0, 'end': 10}]","خدمه, خدمه مميزه, مميزه, ممتازه, جدا ممتازه, خدمه جدا, سيئه, سريعه, خدمات, خدماتكم",5
25851233293162385,S25120024,300,"رأيك يهمنا، فضلاً شاركنا تعليق او مقترح يساعد في تحسين التجربة",TEXT_INPUT,خدمه جدا ممتازة نشكركم على الخدمه المميزه ,خدمه جدا ممتازه نشكركم علي الخدمه المميزه,positive,"[{'text': 'خدمه', 'label': 'حدث', 'score': 0.44498583674430847, 'start': 0, 'end': 4}, {'text': 'نشكركم', 'label': 'شخص', 'score': 0.5056980848312378, 'start': 16, 'end': 22}, {'text': 'الخدمه', 'label': 'حدث', 'score': 0.4494478106498718, 'start': 27, 'end': 33}]",متنوع,-1
14831993185600152,S25120024,300,"رأيك يهمنا، فضلاً شاركنا تعليق او مقترح يساعد في تحسين التجربة",TEXT_INPUT,خدمه جبارهه,خدمه جبارهه,positive,"[{'text': 'خدمه جبارهه', 'label': 'منظمة', 'score': 0.5009856820106506, 'start': 0, 'end': 11}]","خدمه, خدمه مميزه, مميزه, ممتازه, جدا ممتازه, خدمه جدا, سيئه, سريعه, خدمات, خدماتكم",5
,S25120024,300,"رأيك يهمنا، فضلاً شاركنا تعليق او مقترح يساعد في تحسين التجربة",TEXT_INPUT,خدمة ممتازة,خدمه ممتازه,positive,"[{'text': 'خدمه ممتازه', 'label': 'منتج', 'score': 0.5262080430984497, 'start': 0, 'end': 11}]","خدمه, خدمه مميزه, مميزه, ممتازه, جدا ممتازه, خدمه جدا, سيئه, سريعه, خدمات, خدماتكم",5
28511562809118839,S25120024,300,"رأيك يهمنا، فضلاً شاركنا تعليق او مقترح يساعد في تحسين التجربة",TEXT_INPUT,خدمة متميزة,خدمه متميزه,positive,"[{'text': 'خدمه متميزه', 'label': 'منتج', 'score': 0.5248416662216187, 'start': 0, 'end': 11}]","خدمه, خدمه مميزه, مميزه, ممتازه, جدا ممتازه, خدمه جدا, سيئه, سريعه, خدمات, خدماتكم",5
60787521902450529,S25120024,300,"رأيك يهمنا، فضلاً شاركنا تعليق او مقترح يساعد في تحسين التجربة",TEXT_INPUT,👍🏻خدمة سريعة من الموظف,خدمه سريعه الموظف,positive,"[{'text': 'خدمه سريعه', 'label': 'حدث', 'score': 0.4131031036376953, 'start': 0, 'end': 10}, {'text': 'الموظف', 'label': 'شخص', 'score': 0.7396372556686401, 'start': 11, 'end': 17}]","خدمه, خدمه مميزه, مميزه, ممتازه, جدا ممتازه, خدمه جدا, سيئه, سريعه, خدمات, خدماتكم",5
55589944453960703,S25120024,300,"رأيك يهمنا، فضلاً شاركنا تعليق او مقترح يساعد في تحسين التجربة",TEXT_INPUT,خدمة جداً ممتازه❤️,خدمه جداً ممتازه,positive,"[{'text': 'خدمه', 'label': 'منتج', 'score': 0.5771456956863403, 'start': 0, 'end': 4}]","خدمه, خدمه مميزه, مميزه, ممتازه, جدا ممتازه, خدمه جدا, سيئه, سريعه, خدمات, خدماتكم",5
14917164946156221,S25120024,300,"رأيك يهمنا، فضلاً شاركنا تعليق او مقترح يساعد في تحسين التجربة",TEXT_INPUT,خدماتكم متميزه,خدماتكم متميزه,positive,"[{'text': 'خدماتكم', 'label': 'منتج', 'score': 0.611083984375, 'start': 0, 'end': 7}]","خدمه, خدمه مميزه, مميزه, ممتازه, جدا ممتازه, خدمه جدا, سيئه, سريعه, خدمات, خدماتكم",5
,S25120024,300,"رأيك يهمنا، فضلاً شاركنا تعليق او مقترح يساعد في تحسين التجربة",TEXT_INPUT,خدمات سيئه,خدمات سيئه,negative,"[{'text': 'خدمات سيئه', 'label': 'منظمة', 'score': 0.45030948519706726, 'start': 0, 'end': 10}]","خدمه, خدمه مميزه, مميزه, ممتازه, جدا ممتازه, خدمه جدا, سيئه, سريعه, خدمات, خدماتكم",5
46172839502705415,S25120024,300,"رأيك يهمنا، فضلاً شاركنا تعليق او مقترح يساعد في تحسين التجربة",TEXT_INPUT,خدمات رائعه شكرا لكم,خدمات رائعه شكرا لكم,positive,"[{'text': 'خدمات', 'label': 'منتج', 'score': 0.4761815667152405, 'start': 0, 'end': 5}, {'text': 'شكرا لكم', 'label': 'شخص', 'score': 0.5305542349815369, 'start': 12, 'end': 20}]","شكرا لكم, لكم, لكم ولكن, سريعه, ماشالله, ولكن يوجد, يوجد ملاحظه, خدمات, رائعه, الخدمه",16
56195699375913383,S25120024,300,"رأيك يهمنا، فضلاً شاركنا تعليق او مقترح يساعد في تحسين التجربة",TEXT_INPUT,حمد,حمد,positive,"[{'text': 'حمد', 'label': 'شخص', 'score': 0.7753408551216125, 'start': 0, 'end': 3}]","شك, جيد, لايوجد, شكرا, , , , , , ",21
12837236629028121,S25120024,300,"رأيك يهمنا، فضلاً شاركنا تعليق او مقترح يساعد في تحسين التجربة",TEXT_INPUT,حل موضوع أزمة الشرائح عند المناديب,حل موضوع ازمه الشرائح عند المناديب,neutral,"[{'text': 'ازمه الشرائح', 'label': 'حدث', 'score': 0.5198704600334167, 'start': 9, 'end': 21}, {'text': 'المناديب', 'label': 'منظمة', 'score': 0.6091249585151672, 'start': 26, 'end': 34}]",متنوع,-1
18694204448218860,S25120024,300,"رأيك يهمنا، فضلاً شاركنا تعليق او مقترح يساعد في تحسين التجربة",TEXT_INPUT,جيده,جيده,positive,"[{'text': 'جيده', 'label': 'شخص', 'score': 0.5734055042266846, 'start': 0, 'end': 4}]","جيده, عرض, سيئه, , , , , , , ",84
10956656194697326,S25120024,300,"رأيك يهمنا، فضلاً شاركنا تعليق او مقترح يساعد في تحسين التجربة",TEXT_INPUT,جيد,جيد,positive,"[{'text': 'جيد', 'label': 'منتج', 'score': 0.6373691558837891, 'start': 0, 'end': 3}]","شك, جيد, لايوجد, شكرا, , , , , , ",21
29299998348101841,S25120024,300,"رأيك يهمنا، فضلاً شاركنا تعليق او مقترح يساعد في تحسين التجربة",TEXT_INPUT,جميل ماتقدمون نتمنى الاسمراريه,جميل ماتقدمون نتمني الاسمراريه,positive,"[{'text': 'ماتقدمون', 'label': 'منظمة', 'score': 0.30718162655830383, 'start': 5, 'end': 13}, {'text': 'الاسمراريه', 'label': 'منتج', 'score': 0.5772084593772888, 'start': 20, 'end': 30}]",متنوع,-1
24832254058648573,S25120024,300,"رأيك يهمنا، فضلاً شاركنا تعليق او مقترح يساعد في تحسين التجربة",TEXT_INPUT,جميل,جميل,positive,"[{'text': 'جميل', 'label': 'منتج', 'score': 0.6297394037246704, 'start': 0, 'end': 4}]",متنوع,-1
40712210056125384,S25120024,300,"رأيك يهمنا، فضلاً شاركنا تعليق او مقترح يساعد في تحسين التجربة",TEXT_INPUT,جدا شكرا لكم عل جهودكم ,جدا شكرا لكم عل جهودكم,positive,"[{'text': 'شكرا لكم', 'label': 'شخص', 'score': 0.6444297432899475, 'start': 4, 'end': 12}, {'text': 'جهودكم', 'label': 'حدث', 'score': 0.4836459159851074, 'start': 16, 'end': 22}]","علي الخدمه, الخدمه المميزه, المميزه, الخدمه, شكرا علي, عل, والاخلاق, علي التعاون, لكم علي, شكرا لكم",13
25412070728498886,S25120024,300,"رأيك يهمنا، فضلاً شاركنا تعليق او مقترح يساعد في تحسين التجربة",TEXT_INPUT,جدا رائعه وسهله وثقه,جدا رائعه وسهله وثقه,positive,"[{'text': 'رائعه', 'label': 'حدث', 'score': 0.30896881222724915, 'start': 4, 'end': 9}, {'text': 'وثقه', 'label': 'حدث', 'score': 0.3004626929759979, 'start': 16, 'end': 20}]","رائعه, جدا جدا, جدا, ممتازه, شركه, , , , , ",77
27329423630857202,S25120024,300,"رأيك يهمنا، فضلاً شاركنا تعليق او مقترح يساعد في تحسين التجربة",TEXT_INPUT,جدا جدا من المميزين في هذا المجال,جدا جدا المميزين في هذا المجال,positive,"[{'text': 'المميزين', 'label': 'شخص', 'score': 0.6199678778648376, 'start': 8, 'end': 16}, {'text': 'هذا المجال', 'label': 'منظمة', 'score': 0.43126988410949707, 'start': 20, 'end': 30}]","ممتاز وفن, وفن, وفن التعامل, التعامل, التعامل ممتاز, جدا التعامل, ممتاز, فن, فن التعامل, جدا جدا",41
22465247637423469,S25120024,300,"رأيك يهمنا، فضلاً شاركنا تعليق او مقترح يساعد في تحسين التجربة",TEXT_INPUT,توفير شرايح الكترونيه - باركود  ,توفير شرايح الكترونيه - باركود,neutral,"[{'text': 'شرايح الكترونيه', 'label': 'منتج', 'score': 0.5693349242210388, 'start': 6, 'end': 21}, {'text': 'باركود', 'label': 'منظمة', 'score': 0.6480065584182739, 'start': 24, 'end': 30}]","شرايح, لايوجد, بطيئه, مره, الاستحابه, متوفره, اطلب, عدد, مشكله, الشرايح",17
40648440021927391,S25120024,300,"رأيك يهمنا، فضلاً شاركنا تعليق او مقترح يساعد في تحسين التجربة",TEXT_INPUT,توفير الشرايح لكي نستطيع العمل والنجاح سويا ,توفير الشرايح لكي نستطيع العمل والنجاح سويا,positive,"[{'text': 'توفير', 'label': 'حدث', 'score': 0.33625996112823486, 'start': 0, 'end': 5}, {'text': 'الشرايح', 'label': 'منتج', 'score': 0.611175537109375, 'start': 6, 'end': 13}, {'text': 'نستطيع', 'label': 'شخص', 'score': 0.4494689404964447, 'start': 18, 'end': 24}, {'text': 'العمل', 'label': 'حدث', 'score': 0.36189407110214233, 'start': 25, 'end': 30}]","سويا, لكي, والنجاح, حسب, توفير الشرايح, توفير شرائح, عدم توفير, توفير, توفر الشرايح, العمل",74
59710743841080613,S25120024,300,"رأيك يهمنا، فضلاً شاركنا تعليق او مقترح يساعد في تحسين التجربة",TEXT_INPUT,توصيل الشرائح سي جدا جدا,توصيل الشرائح سي جدا جدا,positive,"[{'text': 'توصيل الشرائح', 'label': 'منتج', 'score': 0.5889415144920349, 'start': 0, 'end': 13}, {'text': 'سي', 'label': 'منظمة', 'score': 0.3370440900325775, 'start': 14, 'end': 16}]",متنوع,-1
18221153240785883,S25120024,300,"رأيك يهمنا، فضلاً شاركنا تعليق او مقترح يساعد في تحسين التجربة",TEXT_INPUT,تنزيل اسعار الباقات او شير بلس تكون سوشال ميديا مفتوح ,تنزيل اسعار الباقات او شير بلس تكون سوشال ميديا مفتوح,neutral,"[{'text': 'تنزيل', 'label': 'حدث', 'score': 0.44885897636413574, 'start': 0, 'end': 5}, {'text': 'الباقات', 'label': 'منتج', 'score': 0.6339172720909119, 'start': 12, 'end': 19}, {'text': 'شير بلس', 'label': 'منتج', 'score': 0.6235772371292114, 'start': 23, 'end': 30}, {'text': 'سوشال ميديا', 'label': 'منظمة', 'score': 0.6830832958221436, 'start': 36, 'end': 47}]","او, تفعيل, تنزيل, تم تفعيل, سعر, جديده, ولم تنزل, تنزل, صرف, تكون",49
38932532517193770,S25120024,300,"رأيك يهمنا، فضلاً شاركنا تعليق او مقترح يساعد في تحسين التجربة",TEXT_INPUT,تميز في الخدمات ,تميز في الخدمات,positive,"[{'text': 'الخدمات', 'label': 'منظمة', 'score': 0.49303969740867615, 'start': 8, 'end': 15}]",متنوع,-1
48826030063582753,S25120024,300,"رأيك يهمنا، فضلاً شاركنا تعليق او مقترح يساعد في تحسين التجربة",TEXT_INPUT,تم طلب شرائح جديدة ولم تشتغل ولم يتم الجواب معي,تم طلب شرائح جديده ولم تشتغل ولم يتم الجواب معي,negative,"[{'text': 'طلب', 'label': 'حدث', 'score': 0.3170887529850006, 'start': 3, 'end': 6}, {'text': 'شرائح جديده', 'label': 'منتج', 'score': 0.566512942314148, 'start': 7, 'end': 18}, {'text': 'الجواب', 'label': 'حدث', 'score': 0.3927423357963562, 'start': 37, 'end': 43}]","ولم, شرائح, نقل, الفرع, الرقم, اطلب, لي, اكثر, او, عرض",1
7750580182088946,S25120024,300,"رأيك يهمنا، فضلاً شاركنا تعليق او مقترح يساعد في تحسين التجربة",TEXT_INPUT,‏تم تفعيل شريحة كويك نت لامحدود شهر الرقم التسلسلي 899660147005209061 ولم تنزل العموله 60 %  ‏ وبهذا أنا اعترض على من هو مسؤول في قسم العمولات ومنتجات كويك بلس  استناد للتقييم المسبق 0% للمنتجات ‏وما نقدم لشركة قنوات الاتصالات السعودية بعدم الإنصاف لمجهودنا ولا يوجد أي مميزات  ونحن نسعى جاهدين لم تنصف حتى بالمنتجات الثانيه وهي مضافة في اليوزر (سؤال في المنتجات لماذى متنزل عمولة في المنتجات الثانيه؟؟؟) بل تم تطبيق الأنظمة وشروط هيئة الاتصالات على مؤسسة فوق الخيال للاتصالات ومركز المعلومات وتعقب من هو مسؤولين في STC بالتشديد وعدم إفصاح بيانات المستخدمين ونحن محتفظون بهذا ولكن لماذا ترك المؤسسات ويتم التطبيق علينا هل يفرق التعامل من قبل الشركة في (الجهد ام لواسطه) لم تطبق الرسوم على بعض اليوزر ‏ونحن نسعى ونسوق وندفع رسوم ونطبق الشروط ولا يوجد مميزات  ‏وبهذا سنستمر في تقييم منتجات قنوات الاتصالات السعودية ولا يوجد أي مميزات في ما تم اتفاق عليه في السابق ‏ويوجد الآن عندي في اليوزر منتجات إن كنتم منصفين بلحق أضيف العمولات للمنتجات الأخرى المضافة لدي بليوزر وهذا حق أنا اطالب فيه,تم تفعيل شريحه كويك نت لامحدود شهر الرقم التسلسلي 899660147005209061 ولم تنزل العموله 60 وبهذا انا اعترض علي هو مسؤول في قسم العمولات ومنتجات كويك بلس استناد للتقييم المسبق 0 للمنتجات وما نقدم لشركه قنوات الاتصالات السعوديه بعدم الانصاف لمجهودنا ولا يوجد اي مميزات ونحن نسعي جاهدين لم تنصف حتي بالمنتجات الثانيه وهي مضافه في اليوزر سؤال في المنتجات لماذي متنزل عموله في المنتجات الثانيه؟؟؟ بل تم تطبيق الانظمه وشروط هيئه الاتصالات علي مؤسسه فوق الخيال للاتصالات ومركز المعلومات وتعقب هو مسؤولين في بالتشديد وعدم افصاح بيانات المستخدمين ونحن محتفظون بهذا ولكن لماذا ترك المؤسسات ويتم التطبيق علينا هل يفرق التعامل قبل الشركه في الجهد ام لواسطه لم تطبق الرسوم علي بعض اليوزر ونحن نسعي ونسوق وندفع رسوم ونطبق الشروط ولا يوجد مميزات وبهذا سنستمر في تقييم منتجات قنوات الاتصالات السعوديه ولا يوجد اي مميزات في ما تم اتفاق عليه في السابق ويوجد الان عندي في اليوزر منتجات ان كنتم منصفين بلحق اضيف العمولات للمنتجات الاخري المضافه لدي بليوزر وهذا حق انا اطالب فيه,negative,"[{'text': 'شريحه كويك نت', 'label': 'منتج', 'score': 0.5362971425056458, 'start': 9, 'end': 22}, {'text': 'شهر', 'label': 'وقت', 'score': 0.37523436546325684, 'start': 31, 'end': 34}, {'text': '899660147005209061', 'label': 'حدث', 'score': 0.437531977891922, 'start': 50, 'end': 68}, {'text': 'العموله', 'label': 'حدث', 'score': 0.3458387553691864, 'start': 78, 'end': 85}, {'text': 'مسؤول', 'label': 'شخص', 'score': 0.5041329860687256, 'start': 112, 'end': 117}, {'text': 'قسم العمولات', 'label': 'منظمة', 'score': 0.31168705224990845, 'start': 121, 'end': 133}, {'text': 'كويك بلس', 'label': 'منتج', 'score': 0.5625345706939697, 'start': 142, 'end': 150}, {'text': 'قنوات الاتصالات السعوديه', 'label': 'منظمة', 'score': 0.7704540491104126, 'start': 199, 'end': 223}, {'text': 'الثانيه', 'label': 'منتج', 'score': 0.3241505026817322, 'start': 304, 'end': 311}, {'text': 'اليوزر', 'label': 'مكان', 'score': 0.5060142278671265, 'start': 325, 'end': 331}, {'text': 'المنتجات', 'label': 'منتج', 'score': 0.4803648889064789, 'start': 340, 'end': 348}, {'text': 'المنتجات الثانيه', 'label': 'منتج', 'score': 0.6115882396697998, 'start': 370, 'end': 386}, {'text': 'هيئه الاتصالات', 'label': 'منظمة', 'score': 0.5528544783592224, 'start': 416, 'end': 430}, {'text': 'مؤسسه فوق الخيال للاتصالات', 'label': 'منظمة', 'score': 0.5777621269226074, 'start': 435, 'end': 461}, {'text': 'المؤسسات', 'label': 'منظمة', 'score': 0.36049121618270874, 'start': 569, 'end': 577}, {'text': 'الشركه', 'label': 'منظمة', 'score': 0.39474427700042725, 'start': 617, 'end': 623}, {'text': 'اليوزر', 'label': 'مكان', 'score': 0.5074141621589661, 'start': 666, 'end': 672}, {'text': 'منتجات', 'label': 'منتج', 'score': 0.37037503719329834, 'start': 751, 'end': 757}, {'text': 'قنوات الاتصالات السعوديه', 'label': 'منظمة', 'score': 0.7326467037200928, 'start': 758, 'end': 782}, {'text': 'اليوزر', 'label': 'مكان', 'score': 0.4903470277786255, 'start': 851, 'end': 857}, {'text': 'منتجات', 'label': 'منتج', 'score': 0.5175252556800842, 'start': 858, 'end': 864}, {'text': 'العمولات', 'label': 'حدث', 'score': 0.3493059575557709, 'start': 890, 'end': 898}, {'text': 'بليوزر', 'label': 'مكان', 'score': 0.4118640422821045, 'start': 927, 'end': 933}]","وعدم, ولا, بشكل, تم, بسبب, قنوات, ان, شريحه, الان, التجار",2
18383922161607504,S25120024,300,"رأيك يهمنا، فضلاً شاركنا تعليق او مقترح يساعد في تحسين التجربة",TEXT_INPUT,‏تم تفعيل خمسة إلى ستة باقات 75 بلاس ولم تنزل عمولة لحد الآن,تم تفعيل خمسه الي سته باقات 75 بلاس ولم تنزل عموله لحد الان,neutral,"[{'text': 'تفعيل', 'label': 'حدث', 'score': 0.43333500623703003, 'start': 3, 'end': 8}, {'text': 'خمسه', 'label': 'حدث', 'score': 0.3306104242801666, 'start': 9, 'end': 13}, {'text': 'باقات', 'label': 'منتج', 'score': 0.35150399804115295, 'start': 22, 'end': 27}, {'text': '75 بلاس', 'label': 'منتج', 'score': 0.749933660030365, 'start': 28, 'end': 35}, {'text': 'عموله', 'label': 'حدث', 'score': 0.46338438987731934, 'start': 45, 'end': 50}]","او, تفعيل, تنزيل, تم تفعيل, سعر, جديده, ولم تنزل, تنزل, صرف, تكون",49
,S25120024,300,"رأيك يهمنا، فضلاً شاركنا تعليق او مقترح يساعد في تحسين التجربة",TEXT_INPUT,تم التواصل ,تم التواصل,neutral,[],متنوع,-1
50053755962392799,S25120024,300,"رأيك يهمنا، فضلاً شاركنا تعليق او مقترح يساعد في تحسين التجربة",TEXT_INPUT,تم,تم,neutral,"[{'text': 'تم', 'label': 'حدث', 'score': 0.474610835313797, 'start': 0, 'end': 2}]","تم, , , , , , , , , ",82
(......),S25120024,300,"رأيك يهمنا، فضلاً شاركنا تعليق او مقترح يساعد في تحسين التجربة",TEXT_INPUT,تقارير الشحن المباشر لاتظهر تفاصيل كافية,تقارير الشحن المباشر لاتظهر تفاصيل كافيه,neutral,"[{'text': 'تقارير الشحن المباشر', 'label': 'حدث', 'score': 0.536862313747406, 'start': 0, 'end': 20}, {'text': 'كافيه', 'label': 'منتج', 'score': 0.5143960118293762, 'start': 35, 'end': 40}]",متنوع,-1
,S25120024,300,"رأيك يهمنا، فضلاً شاركنا تعليق او مقترح يساعد في تحسين التجربة",TEXT_INPUT,تعمل ممتاز ,تعمل ممتاز,positive,"[{'text': 'ممتاز', 'label': 'منتج', 'score': 0.49959608912467957, 'start': 5, 'end': 10}]","تعمل ممتاز, راقي جدا, مقبول, ممتاز, تعمل, جيد, راقي, الموظف, موظف, جدا",29
46869598366731079,S25120024,300,"رأيك يهمنا، فضلاً شاركنا تعليق او مقترح يساعد في تحسين التجربة",TEXT_INPUT,تعامله جدا رائع ومتعاون ,تعامله جدا رائع ومتعاون,positive,"[{'text': 'تعامله', 'label': 'شخص', 'score': 0.5151194930076599, 'start': 0, 'end': 6}]",متنوع,-1
12725857931325104,S25120024,300,"رأيك يهمنا، فضلاً شاركنا تعليق او مقترح يساعد في تحسين التجربة",TEXT_INPUT,تعامله جدا رائع,تعامله جدا رائع,positive,"[{'text': 'تعامله', 'label': 'شخص', 'score': 0.6016626954078674, 'start': 0, 'end': 6}]","مندوب رائع, رائع, تعاملنا, الموظف سيء, جدا رائع, تعامل الموظف, تعامل جيد, معهم, وخلوق, سيء جدا",30
55293982209802158,S25120024,300,"رأيك يهمنا، فضلاً شاركنا تعليق او مقترح يساعد في تحسين التجربة",TEXT_INPUT,تعامل واحترام وأخلاق ان شاءالله يستمر معنا م,تعامل واحترام واخلاق ان شاءالله يستمر معنا,positive,"[{'text': 'تعامل', 'label': 'حدث', 'score': 0.3621644675731659, 'start': 0, 'end': 5}]","تركي مندوب, واخلاق, مندوب مبدع, واحترام, مبدع, طول, علي طول, ان, معي, معنا",90
14615581491779047,S25120024,300,"رأيك يهمنا، فضلاً شاركنا تعليق او مقترح يساعد في تحسين التجربة",TEXT_INPUT,تعامل مميز بس توجد ملاحظة عدم توفر شرايح عند الطلب ,تعامل مميز بس توجد ملاحظه عدم توفر شرايح عند الطلب,neutral,"[{'text': 'تعامل مميز', 'label': 'حدث', 'score': 0.3551481068134308, 'start': 0, 'end': 10}, {'text': 'شرايح', 'label': 'منتج', 'score': 0.49345093965530396, 'start': 35, 'end': 40}, {'text': 'الطلب', 'label': 'حدث', 'score': 0.4799613058567047, 'start': 45, 'end': 50}]",متنوع,-1
32158391592182758,S25120024,300,"رأيك يهمنا، فضلاً شاركنا تعليق او مقترح يساعد في تحسين التجربة",TEXT_INPUT,تعامل ممتازز,تعامل ممتازز,positive,"[{'text': 'تعامل ممتازز', 'label': 'حدث', 'score': 0.37593260407447815, 'start': 0, 'end': 12}]",متنوع,-1
52917997074696797,S25120024,300,"رأيك يهمنا، فضلاً شاركنا تعليق او مقترح يساعد في تحسين التجربة",TEXT_INPUT,تعامل طيب,تعامل طيب,positive,"[{'text': 'تعامل طيب', 'label': 'حدث', 'score': 0.31746822595596313, 'start': 0, 'end': 9}]",متنوع,-1
54209874689869849,S25120024,300,"رأيك يهمنا، فضلاً شاركنا تعليق او مقترح يساعد في تحسين التجربة",TEXT_INPUT,تعامل سريع وتجاوب,تعامل سريع وتجاوب,positive,"[{'text': 'تعامل سريع', 'label': 'حدث', 'score': 0.344808965921402, 'start': 0, 'end': 10}]",متنوع,-1
54823154769254653,S25120024,300,"رأيك يهمنا، فضلاً شاركنا تعليق او مقترح يساعد في تحسين التجربة",TEXT_INPUT,تعامل راقي جدا وسريع,تعامل راقي جدا وسريع,positive,"[{'text': 'تعامل', 'label': 'حدث', 'score': 0.3103272318840027, 'start': 0, 'end': 5}]",متنوع,-1
50416241060287252,S25120024,300,"رأيك يهمنا، فضلاً شاركنا تعليق او مقترح يساعد في تحسين التجربة",TEXT_INPUT,تعامل راقي الله  يسعده,تعامل راقي الله يسعده,positive,"[{'text': 'تعامل راقي', 'label': 'حدث', 'score': 0.4263099730014801, 'start': 0, 'end': 10}, {'text': 'الله', 'label': 'شخص', 'score': 0.6220834255218506, 'start': 11, 'end': 15}]",متنوع,-1
2694108459050791,S25120024,300,"رأيك يهمنا، فضلاً شاركنا تعليق او مقترح يساعد في تحسين التجربة",TEXT_INPUT,تعامل راقي,تعامل راقي,positive,"[{'text': 'تعامل راقي', 'label': 'حدث', 'score': 0.30878740549087524, 'start': 0, 'end': 10}]","التعامل ممتاز, تعامل راقي, جدا ممتاز, رائع جدا, محل, مميز, ممتاز جدا, ممتاز, راقي, رائع",40
19519335411454823,S25120024,300,"رأيك يهمنا، فضلاً شاركنا تعليق او مقترح يساعد في تحسين التجربة",TEXT_INPUT,تعامل جيد وراقي,تعامل جيد وراقي,positive,[],"مندوب رائع, رائع, تعاملنا, الموظف سيء, جدا رائع, تعامل الموظف, تعامل جيد, معهم, وخلوق, سيء جدا",30
47234783714461453,S25120024,300,"رأيك يهمنا، فضلاً شاركنا تعليق او مقترح يساعد في تحسين التجربة",TEXT_INPUT,"تعامل الموظف سيء جدا ، وتم سحب الشرائح مني لاجل يحقق التارقت هو ","تعامل الموظف سيء جدا ، وتم سحب الشرائح مني لاجل يحقق التارقت هو",negative,"[{'text': 'الموظف', 'label': 'شخص', 'score': 0.9130235314369202, 'start': 6, 'end': 12}, {'text': 'سحب', 'label': 'حدث', 'score': 0.3559633493423462, 'start': 27, 'end': 30}, {'text': 'الشرائح', 'label': 'منتج', 'score': 0.6023706793785095, 'start': 31, 'end': 38}, {'text': 'التارقت', 'label': 'حدث', 'score': 0.630670964717865, 'start': 53, 'end': 60}]","ولم, شرائح, نقل, الفرع, الرقم, اطلب, لي, اكثر, او, عرض",1
51441140427259081,S25120024,300,"رأيك يهمنا، فضلاً شاركنا تعليق او مقترح يساعد في تحسين التجربة",TEXT_INPUT,تعامل الموظف سيء جدا ,تعامل الموظف سيء جدا,negative,"[{'text': 'الموظف', 'label': 'شخص', 'score': 0.853489875793457, 'start': 6, 'end': 12}]","مندوب رائع, رائع, تعاملنا, الموظف سيء, جدا رائع, تعامل الموظف, تعامل جيد, معهم, وخلوق, سيء جدا",30
40059581081530236,S25120024,300,"رأيك يهمنا، فضلاً شاركنا تعليق او مقترح يساعد في تحسين التجربة",TEXT_INPUT,تعامل المندوب منتاز وتجوب سريع ,تعامل المندوب منتاز وتجوب سريع,positive,"[{'text': 'المندوب', 'label': 'شخص', 'score': 0.8069797158241272, 'start': 6, 'end': 13}, {'text': 'سريع', 'label': 'حدث', 'score': 0.3319864273071289, 'start': 26, 'end': 30}]","الوقت, دايم, المندوب تعامله, علي الاتصالات, تعامل المندوب, المندوب, المناسب, سيء, الاتصالات, سريع",35
30006314137777101,S25120024,300,"رأيك يهمنا، فضلاً شاركنا تعليق او مقترح يساعد في تحسين التجربة",TEXT_INPUT,تعامل المندوب سريع وممتاز,تعامل المندوب سريع وممتاز,positive,"[{'text': 'المندوب', 'label': 'شخص', 'score': 0.8583183884620667, 'start': 6, 'end': 13}]",متنوع,-1
32088748682648188,S25120024,300,"رأيك يهمنا، فضلاً شاركنا تعليق او مقترح يساعد في تحسين التجربة",TEXT_INPUT,تطوير البرنامج وفريق عمل للاستفسارات وتوضيح المشكله,تطوير البرنامج وفريق عمل للاستفسارات وتوضيح المشكله,neutral,"[{'text': 'تطوير البرنامج', 'label': 'منظمة', 'score': 0.5652026534080505, 'start': 0, 'end': 14}, {'text': 'عمل', 'label': 'منظمة', 'score': 0.30067476630210876, 'start': 21, 'end': 24}, {'text': 'المشكله', 'label': 'حدث', 'score': 0.3000245690345764, 'start': 44, 'end': 51}]","عمل, حسب, تطوير, البرنامج, وضع, المشكله, , , , ",87
19456147604741125,S25120024,300,"رأيك يهمنا، فضلاً شاركنا تعليق او مقترح يساعد في تحسين التجربة",TEXT_INPUT,تشكرون على ماتبذلون والقادم اجمل,تشكرون علي ماتبذلون والقادم اجمل,positive,"[{'text': 'تشكرون', 'label': 'شخص', 'score': 0.5732738375663757, 'start': 0, 'end': 6}, {'text': 'ماتبذلون', 'label': 'شخص', 'score': 0.3613402545452118, 'start': 11, 'end': 19}]","علي الخدمه, الخدمه المميزه, المميزه, الخدمه, شكرا علي, عل, والاخلاق, علي التعاون, لكم علي, شكرا لكم",13
48175376146757383,S25120024,300,"رأيك يهمنا، فضلاً شاركنا تعليق او مقترح يساعد في تحسين التجربة",TEXT_INPUT,تسلم ,تسلم,positive,"[{'text': 'تسلم', 'label': 'حدث', 'score': 0.5267407298088074, 'start': 0, 'end': 4}]","شكرا لك, القلب, شكرا القلب, لك, شكرا, , , , , ",50
20073114183670163,S25120024,300,"رأيك يهمنا، فضلاً شاركنا تعليق او مقترح يساعد في تحسين التجربة",TEXT_INPUT,تركي مندوب مبدع ومتواصل معي على طول ,تركي مندوب مبدع ومتواصل معي علي طول,positive,"[{'text': 'تركي', 'label': 'شخص', 'score': 0.8499013781547546, 'start': 0, 'end': 4}, {'text': 'مندوب', 'label': 'شخص', 'score': 0.49959656596183777, 'start': 5, 'end': 10}, {'text': 'علي طول', 'label': 'وقت', 'score': 0.3688828945159912, 'start': 28, 'end': 35}]","تركي مندوب, واخلاق, مندوب مبدع, واحترام, مبدع, طول, علي طول, ان, معي, معنا",90
15145051024204219,S25120024,300,"رأيك يهمنا، فضلاً شاركنا تعليق او مقترح يساعد في تحسين التجربة",TEXT_INPUT,تركي مندوب مبدع ,تركي مندوب مبدع,positive,"[{'text': 'تركي', 'label': 'شخص', 'score': 0.6487681269645691, 'start': 0, 'end': 4}, {'text': 'مندوب', 'label': 'شخص', 'score': 0.49410998821258545, 'start': 5, 'end': 10}, {'text': 'مبدع', 'label': 'شخص', 'score': 0.37521031498908997, 'start': 11, 'end': 15}]",متنوع,-1
60084514689724599,S25120024,300,"رأيك يهمنا، فضلاً شاركنا تعليق او مقترح يساعد في تحسين التجربة",TEXT_INPUT,تركي ملتزم بالوقت دائماً,تركي ملتزم بالوقت دائماً,positive,"[{'text': 'تركي', 'label': 'شخص', 'score': 0.8881943821907043, 'start': 0, 'end': 4}]",متنوع,-1
17912800785419592,S25120024,300,"رأيك يهمنا، فضلاً شاركنا تعليق او مقترح يساعد في تحسين التجربة",TEXT_INPUT,تركي المعاوي موظف متميز,تركي المعاوي موظف متميز,positive,"[{'text': 'تركي المعاوي', 'label': 'شخص', 'score': 0.9280460476875305, 'start': 0, 'end': 12}]","مبيعات, سلطان رابح, يحي الرشيدي, موظف متميز, الجاسر, الاستاذ محمد, رابح, تركي المعاوي, يحي, موظف مثالي",58
36226593156178441,S25120024,300,"رأيك يهمنا، فضلاً شاركنا تعليق او مقترح يساعد في تحسين التجربة",TEXT_INPUT,تركي افضل مندرب شكرا,تركي افضل مندرب شكرا,positive,"[{'text': 'تركي', 'label': 'شخص', 'score': 0.8256617188453674, 'start': 0, 'end': 4}, {'text': 'افضل مندرب', 'label': 'شخص', 'score': 0.3259561359882355, 'start': 5, 'end': 15}, {'text': 'شكرا', 'label': 'شخص', 'score': 0.49064674973487854, 'start': 16, 'end': 20}]",متنوع,-1
44089078232180060,S25120024,300,"رأيك يهمنا، فضلاً شاركنا تعليق او مقترح يساعد في تحسين التجربة",TEXT_INPUT,تخفيظ سعر السوشال ميديا او اضافة باقة جديده مناسبه للكل,تخفيظ سعر السوشال ميديا او اضافه باقه جديده مناسبه للكل,neutral,"[{'text': 'تخفيظ', 'label': 'حدث', 'score': 0.3265080153942108, 'start': 0, 'end': 5}, {'text': 'السوشال ميديا', 'label': 'منتج', 'score': 0.7981301546096802, 'start': 10, 'end': 23}, {'text': 'باقه جديده', 'label': 'حدث', 'score': 0.4164595901966095, 'start': 33, 'end': 43}, {'text': 'للكل', 'label': 'شخص', 'score': 0.3812699317932129, 'start': 51, 'end': 55}]","او, تفعيل, تنزيل, تم تفعيل, سعر, جديده, ولم تنزل, تنزل, صرف, تكون",49
21446383254855346,S25120024,300,"رأيك يهمنا، فضلاً شاركنا تعليق او مقترح يساعد في تحسين التجربة",TEXT_INPUT,تخفيض الاسعار,تخفيض الاسعار,neutral,"[{'text': 'تخفيض الاسعار', 'label': 'حدث', 'score': 0.5535742044448853, 'start': 0, 'end': 13}]",متنوع,-1
15729774971365922,S25120024,300,"رأيك يهمنا، فضلاً شاركنا تعليق او مقترح يساعد في تحسين التجربة",TEXT_INPUT,تحسين الأسعار والعروووض,تحسين الاسعار والعروووض,negative,"[{'text': 'تحسين الاسعار', 'label': 'حدث', 'score': 0.540734589099884, 'start': 0, 'end': 13}]",متنوع,-1
38920740017810291,S25120024,300,"رأيك يهمنا، فضلاً شاركنا تعليق او مقترح يساعد في تحسين التجربة",TEXT_INPUT,تحسنت كمية الشرائح ,تحسنت كميه الشرائح,positive,"[{'text': 'تحسنت', 'label': 'حدث', 'score': 0.3278767168521881, 'start': 0, 'end': 5}, {'text': 'الشرائح', 'label': 'منتج', 'score': 0.5697653293609619, 'start': 11, 'end': 18}]","عدم توفر, توفر, الشرائح, تسليم الشرائح, توفر الشرايح, تسليم, عدم, يتم, الشرايح, ",61
4896670156734589,S25120024,300,"رأيك يهمنا، فضلاً شاركنا تعليق او مقترح يساعد في تحسين التجربة",TEXT_INPUT,تاخير وعدم تجاوب المندوب مع الاموال المعلقه,تاخير وعدم تجاوب المندوب مع الاموال المعلقه,negative,"[{'text': 'تاخير', 'label': 'حدث', 'score': 0.49420487880706787, 'start': 0, 'end': 5}, {'text': 'المندوب', 'label': 'شخص', 'score': 0.8849950432777405, 'start': 17, 'end': 24}, {'text': 'الاموال المعلقه', 'label': 'حدث', 'score': 0.43371525406837463, 'start': 28, 'end': 43}]","تجاوب, تاخير, وعدم, المعلومات, كثير المشاكل, عدم التجاوب, الشرايح وعدم, تسليم, عدم, لي",52
1.75221E+14,S25120024,300,"رأيك يهمنا، فضلاً شاركنا تعليق او مقترح يساعد في تحسين التجربة",TEXT_INPUT,تاخير في توصيل الشرايح  ومشاكل في البصمه ,تاخير في توصيل الشرايح ومشاكل في البصمه,negative,"[{'text': 'تاخير في توصيل الشرايح', 'label': 'حدث', 'score': 0.612554132938385, 'start': 0, 'end': 22}, {'text': 'البصمه', 'label': 'منتج', 'score': 0.5901682376861572, 'start': 33, 'end': 39}]",متنوع,-1
60768357720917626,S25120024,300,"رأيك يهمنا، فضلاً شاركنا تعليق او مقترح يساعد في تحسين التجربة",TEXT_INPUT,تاخير في تسليم الشرايح وعدم تجاوب المندوب ,تاخير في تسليم الشرايح وعدم تجاوب المندوب,negative,"[{'text': 'تاخير', 'label': 'حدث', 'score': 0.5539458990097046, 'start': 0, 'end': 5}, {'text': 'تسليم', 'label': 'حدث', 'score': 0.3334195017814636, 'start': 9, 'end': 14}, {'text': 'الشرايح', 'label': 'منتج', 'score': 0.613359808921814, 'start': 15, 'end': 22}, {'text': 'المندوب', 'label': 'شخص', 'score': 0.8415824770927429, 'start': 34, 'end': 41}]","تجاوب, تاخير, وعدم, المعلومات, كثير المشاكل, عدم التجاوب, الشرايح وعدم, تسليم, عدم, لي",52
15936945915024326,S25120024,300,"رأيك يهمنا، فضلاً شاركنا تعليق او مقترح يساعد في تحسين التجربة",TEXT_INPUT,تاخير,تاخير,negative,"[{'text': 'تاخير', 'label': 'وقت', 'score': 0.44401535391807556, 'start': 0, 'end': 5}]",متنوع,-1
58249236719574981,S25120024,300,"رأيك يهمنا، فضلاً شاركنا تعليق او مقترح يساعد في تحسين التجربة",TEXT_INPUT,‏‏تاج توفير الخدمة رقم للتاجر تواصل مع الشركة,تاج توفير الخدمه رقم للتاجر تواصل مع الشركه,neutral,"[{'text': 'تاج', 'label': 'منظمة', 'score': 0.5573527216911316, 'start': 0, 'end': 3}, {'text': 'توفير الخدمه', 'label': 'منظمة', 'score': 0.3552316129207611, 'start': 4, 'end': 16}, {'text': 'رقم للتاجر', 'label': 'شخص', 'score': 0.5015686750411987, 'start': 17, 'end': 27}, {'text': 'الشركه', 'label': 'منظمة', 'score': 0.6855433583259583, 'start': 37, 'end': 43}]","الرجاء, رقم, توفير, تواصل, التاجر, الشركه, معي, التواصل, قنوات, نحتاج",4
54365600733754247,S25120024,300,"رأيك يهمنا، فضلاً شاركنا تعليق او مقترح يساعد في تحسين التجربة",TEXT_INPUT,تأمين الشرايح صعب جدا وعدد محدود  فقط مو مثل اول ,تامين الشرايح صعب جدا وعدد محدود فقط مو مثل اول,negative,"[{'text': 'الشرايح', 'label': 'منتج', 'score': 0.619491696357727, 'start': 6, 'end': 13}, {'text': 'اول', 'label': 'حدث', 'score': 0.38168811798095703, 'start': 44, 'end': 47}]","الوصول, اول, اصعب, صعب, متكرره, فقط, الفرع, نظام, منطقه, وهذا",73
60170849540698701,S25120024,300,"رأيك يهمنا، فضلاً شاركنا تعليق او مقترح يساعد في تحسين التجربة",TEXT_INPUT,"تأخير ملحوظ وغير مبرر في تسليم الشرائح للتجار خلال الفترة الأخيرة، وهو أمر غير مقبول تمامًا نظرًا لتأثيره السلبي على سمعة العلامة التجارية. هذا التأخير تسبب في تحملنا لبعض الخسائر التي كان يمكن تفاديها من خلال تحسين إدارة الوقت وتنظيم العمليات. نؤكد على أهمية الالتزام بالمواعيد المحددة لتسليم الشرائح، حيث إن التأخير لا يؤثر فقط على رضا العملاء، بل ينعكس أيضًا على الأداء العام للشركة.","تاخير ملحوظ وغير مبرر في تسليم الشرائح للتجار خلال الفتره الاخيره، وهو امر غير مقبول تمامًا نظرًا لتاثيره السلبي علي سمعه العلامه التجاريه هذا التاخير تسبب في تحملنا لبعض الخسائر التي كان يمكن تفاديها خلال تحسين اداره الوقت وتنظيم العمليات نؤكد علي اهميه الالتزام بالمواعيد المحدده لتسليم الشرائح، حيث ان التاخير لا يؤثر فقط علي رضا العملاء، بل ينعكس ايضًا علي الاداء العام للشركه",negative,"[{'text': 'تاخير', 'label': 'حدث', 'score': 0.5670278668403625, 'start': 0, 'end': 5}, {'text': 'الشرائح', 'label': 'منتج', 'score': 0.8486819267272949, 'start': 31, 'end': 38}, {'text': 'الفتره الاخيره', 'label': 'وقت', 'score': 0.4909702241420746, 'start': 51, 'end': 65}, {'text': 'العلامه التجاريه', 'label': 'منظمة', 'score': 0.5569198131561279, 'start': 122, 'end': 138}, {'text': 'التاخير', 'label': 'حدث', 'score': 0.5881773233413696, 'start': 143, 'end': 150}, {'text': 'الخسائر', 'label': 'حدث', 'score': 0.4071464538574219, 'start': 171, 'end': 178}, {'text': 'الوقت', 'label': 'وقت', 'score': 0.5084805488586426, 'start': 218, 'end': 223}, {'text': 'العمليات', 'label': 'حدث', 'score': 0.4996354877948761, 'start': 231, 'end': 239}, {'text': 'الشرائح', 'label': 'منتج', 'score': 0.8559603095054626, 'start': 289, 'end': 296}, {'text': 'التاخير', 'label': 'حدث', 'score': 0.5765612721443176, 'start': 305, 'end': 312}, {'text': 'العملاء', 'label': 'شخص', 'score': 0.7145916223526001, 'start': 333, 'end': 340}, {'text': 'الاداء العام', 'label': 'حدث', 'score': 0.326132208108902, 'start': 361, 'end': 373}, {'text': 'للشركه', 'label': 'منظمة', 'score': 0.3031892776489258, 'start': 374, 'end': 380}]","وعدم, ولا, بشكل, تم, بسبب, قنوات, ان, شريحه, الان, التجار",2
,S25120024,300,"رأيك يهمنا، فضلاً شاركنا تعليق او مقترح يساعد في تحسين التجربة",TEXT_INPUT,تأخر بالعمولات ,تاخر بالعمولات,negative,"[{'text': 'تاخر', 'label': 'حدث', 'score': 0.5246362090110779, 'start': 0, 'end': 4}]","نقص, كثرت, عندي, صرف, الاعطال, زياده, الشرايح, , , ",51
11640297066681824,S25120024,300,"رأيك يهمنا، فضلاً شاركنا تعليق او مقترح يساعد في تحسين التجربة",TEXT_INPUT,بيض وجهك يا محمد منصور  ,بيض وجهك يا محمد منصور,positive,"[{'text': 'بيض وجهك', 'label': 'حدث', 'score': 0.3625377118587494, 'start': 0, 'end': 8}, {'text': 'محمد منصور', 'label': 'شخص', 'score': 0.8706443905830383, 'start': 12, 'end': 22}]","استاذ, تركي شكرا, شكرا للاخ, عبدالرحمن شكرا, شكرا عبدالرحمن, منصور, عبدالرحمن, شكرا, شكرا منصور, منصور شكرا",7
55414128666850385,S25120024,300,"رأيك يهمنا، فضلاً شاركنا تعليق او مقترح يساعد في تحسين التجربة",TEXT_INPUT,بيض الله ومقصر اصراحه ,بيض الله ومقصر اصراحه,positive,"[{'text': 'بيض الله', 'label': 'شخص', 'score': 0.7153968811035156, 'start': 0, 'end': 8}, {'text': 'اصراحه', 'label': 'شخص', 'score': 0.36654338240623474, 'start': 15, 'end': 21}]","يسعده, بيض, الله, الله يسعده, والله, الله يعطيه, شي, وليد, الاخلاق, يعطيه العافيه",19
57675191621368921,S25120024,300,"رأيك يهمنا، فضلاً شاركنا تعليق او مقترح يساعد في تحسين التجربة",TEXT_INPUT,بيض الله وجهه وجزاه الله خير خدمنا ومحترم,بيض الله وجهه وجزاه الله خير خدمنا ومحترم,positive,"[{'text': 'الله', 'label': 'شخص', 'score': 0.3264782130718231, 'start': 4, 'end': 8}, {'text': 'وجهه', 'label': 'شخص', 'score': 0.3140632212162018, 'start': 9, 'end': 13}, {'text': 'الله', 'label': 'شخص', 'score': 0.3344835937023163, 'start': 20, 'end': 24}, {'text': 'خير', 'label': 'حدث', 'score': 0.36356398463249207, 'start': 25, 'end': 28}, {'text': 'خدمنا', 'label': 'شخص', 'score': 0.4607982337474823, 'start': 29, 'end': 34}]","يسعده, بيض, الله, الله يسعده, والله, الله يعطيه, شي, وليد, الاخلاق, يعطيه العافيه",19
15260179316719521,S25120024,300,"رأيك يهمنا، فضلاً شاركنا تعليق او مقترح يساعد في تحسين التجربة",TEXT_INPUT,بي صراحه زعلانين على المندوب لانه تغير خط السير معاه وبعد كم يوم راح يتركنا اتمنى يكون معانا باستمرار ,بي صراحه زعلانين علي المندوب لانه تغير خط السير معاه وبعد كم يوم راح يتركنا اتمني يكون معانا باستمرار,negative,"[{'text': 'بي', 'label': 'شخص', 'score': 0.41974198818206787, 'start': 0, 'end': 2}, {'text': 'المندوب', 'label': 'شخص', 'score': 0.8949694633483887, 'start': 21, 'end': 28}, {'text': 'خط السير', 'label': 'مكان', 'score': 0.6114429235458374, 'start': 39, 'end': 47}, {'text': 'كم يوم', 'label': 'وقت', 'score': 0.5223512649536133, 'start': 58, 'end': 64}]","وعدم, ولا, بشكل, تم, بسبب, قنوات, ان, شريحه, الان, التجار",2
50158891232349031,S25120024,300,"رأيك يهمنا، فضلاً شاركنا تعليق او مقترح يساعد في تحسين التجربة",TEXT_INPUT,بما اني شريك ومسوق لم اجد يوما تكريما أو أو و دعماً يعكس مدى حرصي وجهدي لرفع مبيعات شرايح اس تي سي وبنفس الوقت وفق تعليمات هيئة الاتصالات والفضاء ,بما اني شريك ومسوق لم اجد يوما تكريما او او و دعماً يعكس مدي حرصي وجهدي لرفع مبيعات شرايح اس تي سي وبنفس الوقت وفق تعليمات هيئه الاتصالات والفضاء,positive,"[{'text': 'شريك ومسوق', 'label': 'شخص', 'score': 0.6009402275085449, 'start': 8, 'end': 18}, {'text': 'تكريما', 'label': 'حدث', 'score': 0.5444333553314209, 'start': 31, 'end': 37}, {'text': 'دعما', 'label': 'حدث', 'score': 0.36178261041641235, 'start': 46, 'end': 50}, {'text': 'حرصي', 'label': 'حدث', 'score': 0.3151380121707916, 'start': 61, 'end': 65}, {'text': 'مبيعات', 'label': 'حدث', 'score': 0.5449797511100769, 'start': 77, 'end': 83}, {'text': 'شرايح اس تي سي', 'label': 'منتج', 'score': 0.7142741084098816, 'start': 84, 'end': 98}, {'text': 'تعليمات', 'label': 'وقت', 'score': 0.42189475893974304, 'start': 115, 'end': 122}, {'text': 'هيئه الاتصالات والفضاء', 'label': 'منظمة', 'score': 0.7252545952796936, 'start': 123, 'end': 145}]",متنوع,-1
42122205181749639,S25120024,300,"رأيك يهمنا، فضلاً شاركنا تعليق او مقترح يساعد في تحسين التجربة",TEXT_INPUT,بقوه متعاونين ,بقوه متعاونين,positive,"[{'text': 'بقوه', 'label': 'منظمة', 'score': 0.3322233557701111, 'start': 0, 'end': 4}, {'text': 'متعاونين', 'label': 'منظمة', 'score': 0.5590705275535583, 'start': 5, 'end': 13}]","متعاون, بقوه, جدا متعاون, الموظف متعاون, حل, مندوب المبيعات, متعاون جدا, المشاكل, المبيعات, معي",18
56972976833661578,S25120024,300,"رأيك يهمنا، فضلاً شاركنا تعليق او مقترح يساعد في تحسين التجربة",TEXT_INPUT,بصراحه استاذ عبد اللطيف متجاوب و ,بصراحه استاذ عبد اللطيف متجاوب و,positive,"[{'text': 'استاذ عبد اللطيف', 'label': 'شخص', 'score': 0.8578299283981323, 'start': 7, 'end': 23}]",متنوع,-1
35692406928829327,S25120024,300,"رأيك يهمنا، فضلاً شاركنا تعليق او مقترح يساعد في تحسين التجربة",TEXT_INPUT,بالتوفيق ,بالتوفيق,positive,"[{'text': 'بالتوفيق', 'label': 'شخص', 'score': 0.4198172092437744, 'start': 0, 'end': 8}]","تم, , , , , , , , , ",82
14523438674213193,S25120024,300,"رأيك يهمنا، فضلاً شاركنا تعليق او مقترح يساعد في تحسين التجربة",TEXT_INPUT,ايقاف اليوزر بشكل مستمر بدون حدوث مشكل وضروري وقت الحاجة يجود رد علي المشكل خلال وقت الاجازة ,ايقاف اليوزر بشكل مستمر بدون حدوث مشكل وضروري وقت الحاجه يجود رد علي المشكل خلال وقت الاجازه,neutral,"[{'text': 'ايقاف', 'label': 'حدث', 'score': 0.40674763917922974, 'start': 0, 'end': 5}, {'text': 'اليوزر', 'label': 'منتج', 'score': 0.7178798913955688, 'start': 6, 'end': 12}, {'text': 'مشكل', 'label': 'حدث', 'score': 0.5695742964744568, 'start': 34, 'end': 38}, {'text': 'وقت الحاجه', 'label': 'وقت', 'score': 0.49940669536590576, 'start': 46, 'end': 56}, {'text': 'رد', 'label': 'حدث', 'score': 0.3166344165802002, 'start': 62, 'end': 64}, {'text': 'المشكل', 'label': 'حدث', 'score': 0.5301700234413147, 'start': 69, 'end': 75}, {'text': 'وقت الاجازه', 'label': 'وقت', 'score': 0.5875865817070007, 'start': 81, 'end': 92}]","استخراج, اليوزر, بدون, مستمر, رد, متكرره, وقت, خلال, شريحه, فيه",81
4080762183944921,S25120024,300,"رأيك يهمنا، فضلاً شاركنا تعليق او مقترح يساعد في تحسين التجربة",TEXT_INPUT,ايصال صوت التاجر الى اعلى شخص قي الشركة للتجارب ,ايصال صوت التاجر الي اعلي شخص قي الشركه للتجارب,neutral,"[{'text': 'ايصال', 'label': 'حدث', 'score': 0.30741754174232483, 'start': 0, 'end': 5}, {'text': 'التاجر', 'label': 'شخص', 'score': 0.7768388986587524, 'start': 10, 'end': 16}, {'text': 'اعلي شخص', 'label': 'شخص', 'score': 0.5614292025566101, 'start': 21, 'end': 29}, {'text': 'الشركه', 'label': 'منظمة', 'score': 0.6497480273246765, 'start': 33, 'end': 39}]","الرجاء, رقم, توفير, تواصل, التاجر, الشركه, معي, التواصل, قنوات, نحتاج",4
4555880218493022,S25120024,300,"رأيك يهمنا، فضلاً شاركنا تعليق او مقترح يساعد في تحسين التجربة",TEXT_INPUT,اولاً شكراً على خدماتكم وشراكتكم المرنه واشكر الاخ عيد القحطاني جزيل الشكر اخلاق عاليه رائع وعمل شكراً لأختياركم الموظف المتقن الرائع,اولاً شكراً علي خدماتكم وشراكتكم المرنه واشكر الاخ عيد القحطاني جزيل الشكر اخلاق عاليه رائع وعمل شكراً لاختياركم الموظف المتقن الرائع,positive,"[{'text': 'خدماتكم', 'label': 'حدث', 'score': 0.48569896817207336, 'start': 16, 'end': 23}, {'text': 'عيد القحطاني', 'label': 'شخص', 'score': 0.8488958477973938, 'start': 51, 'end': 63}, {'text': 'الموظف المتقن', 'label': 'شخص', 'score': 0.32093244791030884, 'start': 113, 'end': 126}]","جزيل, جزيل الشكر, اداء, والخدمه, عيد القحطاني, الرائع, السريعه, تعاملنا, القدير, العاليه",78
25320521078824361,S25120024,300,"رأيك يهمنا، فضلاً شاركنا تعليق او مقترح يساعد في تحسين التجربة",TEXT_INPUT,اوصي بشده 10/10,اوصي بشده 1010,positive,"[{'text': 'اوصي', 'label': 'شخص', 'score': 0.5561535358428955, 'start': 0, 'end': 4}, {'text': '1010', 'label': 'تاريخ', 'score': 0.6221358776092529, 'start': 10, 'end': 14}]","الرجاء, رقم, توفير, تواصل, التاجر, الشركه, معي, التواصل, قنوات, نحتاج",4
48164499414409065,S25120024,300,"رأيك يهمنا، فضلاً شاركنا تعليق او مقترح يساعد في تحسين التجربة",TEXT_INPUT,انتم خيار مناسب للتجار الصغار لذلك تحتاجو تطورو من نفسكم لمواكبة التجار الكبار اللي يبيعو منتجاتكم بإحترافية ويتفقوقو عليكم ايضا,انتم خيار مناسب للتجار الصغار لذلك تحتاجو تطورو نفسكم لمواكبه التجار الكبار اللي يبيعو منتجاتكم باحترافيه ويتفقوقو عليكم ايضا,positive,"[{'text': 'انتم', 'label': 'شخص', 'score': 0.5287851095199585, 'start': 0, 'end': 4}, {'text': 'الصغار', 'label': 'شخص', 'score': 0.3210802972316742, 'start': 23, 'end': 29}, {'text': 'التجار الكبار', 'label': 'منظمة', 'score': 0.6536710262298584, 'start': 62, 'end': 75}, {'text': 'منتجاتكم', 'label': 'منتج', 'score': 0.7436147928237915, 'start': 87, 'end': 95}]","وعدم, ولا, بشكل, تم, بسبب, قنوات, ان, شريحه, الان, التجار",2
22006327134585138,S25120024,300,"رأيك يهمنا، فضلاً شاركنا تعليق او مقترح يساعد في تحسين التجربة",TEXT_INPUT,انتم الفضل,انتم الفضل,positive,"[{'text': 'انتم الفضل', 'label': 'شخص', 'score': 0.48223626613616943, 'start': 0, 'end': 10}]",متنوع,-1
44454801581064549,S25120024,300,"رأيك يهمنا، فضلاً شاركنا تعليق او مقترح يساعد في تحسين التجربة",TEXT_INPUT,انا موسسه محمد عبدالله العنزي للاتصالات اوصي الكل بافضل شركة قنوات الاتصالاتت هي الافضل دائما / محمد - مدينة - رفحا,انا موسسه محمد عبدالله العنزي للاتصالات اوصي الكل بافضل شركه قنوات الاتصالاتت هي الافضل دائما محمد - مدينه - رفحا,positive,"[{'text': 'محمد عبدالله العنزي', 'label': 'شخص', 'score': 0.7239333987236023, 'start': 10, 'end': 29}, {'text': 'قنوات الاتصالاتت', 'label': 'منظمة', 'score': 0.5641583204269409, 'start': 61, 'end': 77}, {'text': 'مدينه', 'label': 'مكان', 'score': 0.6046106815338135, 'start': 101, 'end': 106}, {'text': 'رفحا', 'label': 'مكان', 'score': 0.6958135962486267, 'start': 109, 'end': 113}]","محمد, شركه قنوات, عبدالله العنزي, محمد عبدالله, محمد الزهراني, العنزي للاتصالات, اوصي, دائما, افضل خدمه, الاتصالات علي",80
41077441780877041,S25120024,300,"رأيك يهمنا، فضلاً شاركنا تعليق او مقترح يساعد في تحسين التجربة",TEXT_INPUT,امال انتكون في حوافزلصحاب اليوزالتفعيل خاص فيهم ,امال انتكون في حوافزلصحاب اليوزالتفعيل خاص فيهم,positive,"[{'text': 'امال', 'label': 'منظمة', 'score': 0.5129163265228271, 'start': 0, 'end': 4}, {'text': 'حوافزلصحاب اليوزالتفعيل', 'label': 'مكان', 'score': 0.5607168078422546, 'start': 15, 'end': 38}]","خاص, الشرايح, , , , , , , , ",91
48260297251413697,S25120024,300,"رأيك يهمنا، فضلاً شاركنا تعليق او مقترح يساعد في تحسين التجربة",TEXT_INPUT,الولد هذا فنان يستاهل اعلى تقييم ,الولد هذا فنان يستاهل اعلي تقييم,positive,"[{'text': 'الولد', 'label': 'شخص', 'score': 0.8274352550506592, 'start': 0, 'end': 5}, {'text': 'فنان', 'label': 'شخص', 'score': 0.5317109227180481, 'start': 10, 'end': 14}, {'text': 'تقييم', 'label': 'حدث', 'score': 0.3419533967971802, 'start': 27, 'end': 32}]",متنوع,-1
12930204429941300,S25120024,300,"رأيك يهمنا، فضلاً شاركنا تعليق او مقترح يساعد في تحسين التجربة",TEXT_INPUT,الموظف نايف سعد العتيبي من اجمل موظفين وسريع في حل المشكله ,الموظف نايف سعد العتيبي اجمل موظفين وسريع في حل المشكله,positive,"[{'text': 'الموظف', 'label': 'شخص', 'score': 0.4622613191604614, 'start': 0, 'end': 6}, {'text': 'نايف سعد العتيبي', 'label': 'شخص', 'score': 0.8485201597213745, 'start': 7, 'end': 23}, {'text': 'المشكله', 'label': 'حدث', 'score': 0.5561140775680542, 'start': 48, 'end': 55}]","عليه, اخلاقه عاليه, يحيي, نايف سعد, سعد, سعد العتيبي, موظفين, مسفر, لو, الموظف نايف",60
55828557143938395,S25120024,300,"رأيك يهمنا، فضلاً شاركنا تعليق او مقترح يساعد في تحسين التجربة",TEXT_INPUT,الموظف ممتاز وخلقو,الموظف ممتاز وخلقو,positive,"[{'text': 'الموظف', 'label': 'شخص', 'score': 0.8459727168083191, 'start': 0, 'end': 6}]","تعمل ممتاز, راقي جدا, مقبول, ممتاز, تعمل, جيد, راقي, الموظف, موظف, جدا",29
55947459715829957,S25120024,300,"رأيك يهمنا، فضلاً شاركنا تعليق او مقترح يساعد في تحسين التجربة",TEXT_INPUT,"الموظف محمد محترم ، وملتزم بالمواعيد","الموظف محمد محترم ، وملتزم بالمواعيد",positive,"[{'text': 'الموظف محمد', 'label': 'شخص', 'score': 0.7837316393852234, 'start': 0, 'end': 11}]","ومتعاون, محترم, متعاون, ويستحق, موظف مثالي, وسريع, والمندوب, مثالي, ومحترم, موظف",0
20806907955187323,S25120024,300,"رأيك يهمنا، فضلاً شاركنا تعليق او مقترح يساعد في تحسين التجربة",TEXT_INPUT,الموظف متميز ويتجاوب معنا وممثل حسن للشركه ,الموظف متميز ويتجاوب معنا وممثل حسن للشركه,positive,"[{'text': 'الموظف', 'label': 'شخص', 'score': 0.7256587743759155, 'start': 0, 'end': 6}, {'text': 'متميز', 'label': 'شخص', 'score': 0.3405669629573822, 'start': 7, 'end': 12}, {'text': 'حسن', 'label': 'شخص', 'score': 0.4798995554447174, 'start': 32, 'end': 35}, {'text': 'للشركه', 'label': 'منتج', 'score': 0.39419224858283997, 'start': 36, 'end': 42}]","ومتعاون, محترم, متعاون, ويستحق, موظف مثالي, وسريع, والمندوب, مثالي, ومحترم, موظف",0
20794588056372528,S25120024,300,"رأيك يهمنا، فضلاً شاركنا تعليق او مقترح يساعد في تحسين التجربة",TEXT_INPUT,الموظف متعاون وفاهم ويستحق التكريم ,الموظف متعاون وفاهم ويستحق التكريم,positive,"[{'text': 'الموظف', 'label': 'شخص', 'score': 0.8597522377967834, 'start': 0, 'end': 6}, {'text': 'التكريم', 'label': 'حدث', 'score': 0.6461274027824402, 'start': 27, 'end': 34}]","ومتعاون, محترم, متعاون, ويستحق, موظف مثالي, وسريع, والمندوب, مثالي, ومحترم, موظف",0
28972119520121249,S25120024,300,"رأيك يهمنا، فضلاً شاركنا تعليق او مقترح يساعد في تحسين التجربة",TEXT_INPUT,الموظف متعاون جدا جدا جدا,الموظف متعاون جدا جدا جدا,positive,"[{'text': 'الموظف', 'label': 'شخص', 'score': 0.8534606695175171, 'start': 0, 'end': 6}]",متنوع,-1
45637534832287141,S25120024,300,"رأيك يهمنا، فضلاً شاركنا تعليق او مقترح يساعد في تحسين التجربة",TEXT_INPUT,الموظف متعاون ,الموظف متعاون,positive,"[{'text': 'الموظف', 'label': 'شخص', 'score': 0.7782898545265198, 'start': 0, 'end': 6}, {'text': 'متعاون', 'label': 'شخص', 'score': 0.30200621485710144, 'start': 7, 'end': 13}]","متعاون, بقوه, جدا متعاون, الموظف متعاون, حل, مندوب المبيعات, متعاون جدا, المشاكل, المبيعات, معي",18
16430404575170352,S25120024,300,"رأيك يهمنا، فضلاً شاركنا تعليق او مقترح يساعد في تحسين التجربة",TEXT_INPUT,الموظف غير متجاوب,الموظف غير متجاوب,negative,"[{'text': 'الموظف', 'label': 'شخص', 'score': 0.7659229040145874, 'start': 0, 'end': 6}]","متجاوب, بسبب, معنا, المندوب, الموظف, جدا, علي, , , ",20
36297419303674095,S25120024,300,"رأيك يهمنا، فضلاً شاركنا تعليق او مقترح يساعد في تحسين التجربة",TEXT_INPUT,الموظف جيد,الموظف جيد,positive,"[{'text': 'الموظف جيد', 'label': 'شخص', 'score': 0.6776856184005737, 'start': 0, 'end': 10}]","تعمل ممتاز, راقي جدا, مقبول, ممتاز, تعمل, جيد, راقي, الموظف, موظف, جدا",29
41433331747560422,S25120024,300,"رأيك يهمنا، فضلاً شاركنا تعليق او مقترح يساعد في تحسين التجربة",TEXT_INPUT,الموظف جدا راقي وقمه في الادب ,الموظف جدا راقي وقمه في الادب,positive,"[{'text': 'الموظف', 'label': 'شخص', 'score': 0.844561755657196, 'start': 0, 'end': 6}, {'text': 'الادب', 'label': 'مكان', 'score': 0.6046270728111267, 'start': 24, 'end': 29}]","والتعاون, جدا راقي, الاخلاق, راقي, موظف, التعامل, الموظف, جدا, , ",75
35348159007171291,S25120024,300,"رأيك يهمنا، فضلاً شاركنا تعليق او مقترح يساعد في تحسين التجربة",TEXT_INPUT,الموظف :عبدالرحمن الهذيل رائع جدا,الموظف :عبدالرحمن الهذيل رائع جدا,positive,"[{'text': 'الموظف', 'label': 'شخص', 'score': 0.5020719766616821, 'start': 0, 'end': 6}, {'text': 'عبدالرحمن الهذيل', 'label': 'شخص', 'score': 0.87151700258255, 'start': 8, 'end': 24}]","الهذيل, عبدالرحمن الهذيل, عبدالرحمن, للموظف عبدالرحمن, شكرا عبدالرحمن, للموظف, الموظف عبدالرحمن, عبد الرحمن, شكر للموظف, الرحمن",9
18446965285940540,S25120024,300,"رأيك يهمنا، فضلاً شاركنا تعليق او مقترح يساعد في تحسين التجربة",TEXT_INPUT,الموضف يحي الرشيدي موظف مثالي رائع ,الموضف يحي الرشيدي موظف مثالي رائع,positive,"[{'text': 'الموضف', 'label': 'شخص', 'score': 0.3436084985733032, 'start': 0, 'end': 6}, {'text': 'يحي الرشيدي', 'label': 'شخص', 'score': 0.8965939283370972, 'start': 7, 'end': 18}]","مبيعات, سلطان رابح, يحي الرشيدي, موظف متميز, الجاسر, الاستاذ محمد, رابح, تركي المعاوي, يحي, موظف مثالي",58
30941918944978360,S25120024,300,"رأيك يهمنا، فضلاً شاركنا تعليق او مقترح يساعد في تحسين التجربة",TEXT_INPUT,الموضف ممتاز تعمل واخلاق عاليه واتمنه يكون قدوه ,الموضف ممتاز تعمل واخلاق عاليه واتمنه يكون قدوه,positive,"[{'text': 'الموضف', 'label': 'منتج', 'score': 0.6879573464393616, 'start': 0, 'end': 6}, {'text': 'ممتاز', 'label': 'منتج', 'score': 0.317689448595047, 'start': 7, 'end': 12}, {'text': 'قدوه', 'label': 'شخص', 'score': 0.3459674119949341, 'start': 43, 'end': 47}]","ومتعاون, محترم, متعاون, ويستحق, موظف مثالي, وسريع, والمندوب, مثالي, ومحترم, موظف",0
30510545473049851,S25120024,300,"رأيك يهمنا، فضلاً شاركنا تعليق او مقترح يساعد في تحسين التجربة",TEXT_INPUT,المندوب يحيى ذعار الرشيدي افضل مندوب ع الاطللق سرعة انجاز ويرد فورا لو كان نايم شكرا له,المندوب يحيي ذعار الرشيدي افضل مندوب ع الاطللق سرعه انجاز ويرد فورا لو كان نايم شكرا له,positive,"[{'text': 'المندوب', 'label': 'شخص', 'score': 0.4753963351249695, 'start': 0, 'end': 7}, {'text': 'يحيي ذعار الرشيدي', 'label': 'شخص', 'score': 0.7243801951408386, 'start': 8, 'end': 25}, {'text': 'مندوب', 'label': 'شخص', 'score': 0.3485880196094513, 'start': 31, 'end': 36}, {'text': 'الاطللق', 'label': 'منظمة', 'score': 0.6623274087905884, 'start': 39, 'end': 46}, {'text': 'سرعه', 'label': 'وقت', 'score': 0.30983030796051025, 'start': 47, 'end': 51}, {'text': 'انجاز', 'label': 'حدث', 'score': 0.460606187582016, 'start': 52, 'end': 57}, {'text': 'نايم', 'label': 'حدث', 'score': 0.32207295298576355, 'start': 75, 'end': 79}]","عليه, اخلاقه عاليه, يحيي, نايف سعد, سعد, سعد العتيبي, موظفين, مسفر, لو, الموظف نايف",60
33542862681118771,S25120024,300,"رأيك يهمنا، فضلاً شاركنا تعليق او مقترح يساعد في تحسين التجربة",TEXT_INPUT,المندوب محترم جداً ومتعاون ربنا يبارك فيه,المندوب محترم جداً ومتعاون ربنا يبارك فيه,positive,"[{'text': 'المندوب', 'label': 'شخص', 'score': 0.9010025858879089, 'start': 0, 'end': 7}, {'text': 'ربنا', 'label': 'شخص', 'score': 0.4556710720062256, 'start': 27, 'end': 31}]","ومتعاون, محترم, متعاون, ويستحق, موظف مثالي, وسريع, والمندوب, مثالي, ومحترم, موظف",0
22837250739170321,S25120024,300,"رأيك يهمنا، فضلاً شاركنا تعليق او مقترح يساعد في تحسين التجربة",TEXT_INPUT,المندوب محترم جداً ومتعاون,المندوب محترم جداً ومتعاون,positive,"[{'text': 'المندوب', 'label': 'شخص', 'score': 0.8603593707084656, 'start': 0, 'end': 7}]","ومتعاون, محترم, متعاون, ويستحق, موظف مثالي, وسريع, والمندوب, مثالي, ومحترم, موظف",0
1994968189780716,S25120024,300,"رأيك يهمنا، فضلاً شاركنا تعليق او مقترح يساعد في تحسين التجربة",TEXT_INPUT,المندوب متعاون ,المندوب متعاون,neutral,"[{'text': 'المندوب', 'label': 'شخص', 'score': 0.7101244330406189, 'start': 0, 'end': 7}]","متعاون, بقوه, جدا متعاون, الموظف متعاون, حل, مندوب المبيعات, متعاون جدا, المشاكل, المبيعات, معي",18
58976987353605454,S25120024,300,"رأيك يهمنا، فضلاً شاركنا تعليق او مقترح يساعد في تحسين التجربة",TEXT_INPUT,المندوب مايتجاوب معي ,المندوب مايتجاوب معي,negative,"[{'text': 'المندوب', 'label': 'شخص', 'score': 0.7819026112556458, 'start': 0, 'end': 7}, {'text': 'مايتجاوب', 'label': 'شخص', 'score': 0.49360907077789307, 'start': 8, 'end': 16}]","متعاون, بقوه, جدا متعاون, الموظف متعاون, حل, مندوب المبيعات, متعاون جدا, المشاكل, المبيعات, معي",18
36997343550429192,S25120024,300,"رأيك يهمنا، فضلاً شاركنا تعليق او مقترح يساعد في تحسين التجربة",TEXT_INPUT,المندوب لايقوم بتوصيل الشرائح عند الطلب ونظطر للانتظار عدة ايام,المندوب لايقوم بتوصيل الشرائح عند الطلب ونظطر للانتظار عده ايام,negative,"[{'text': 'المندوب', 'label': 'شخص', 'score': 0.8869902491569519, 'start': 0, 'end': 7}, {'text': 'الشرائح', 'label': 'منتج', 'score': 0.6880694031715393, 'start': 22, 'end': 29}, {'text': 'الطلب', 'label': 'حدث', 'score': 0.5006914138793945, 'start': 34, 'end': 39}, {'text': 'عده ايام', 'label': 'وقت', 'score': 0.5285398960113525, 'start': 55, 'end': 63}]","النظر, طلبات, التجاوب معانا, لمندوب, اخبارنا, وجود مسابقات, وعدم اخبارنا, عده, الشرايح وعدم, مسابقات",92
52911975712542727,S25120024,300,"رأيك يهمنا، فضلاً شاركنا تعليق او مقترح يساعد في تحسين التجربة",TEXT_INPUT,المندوب لايرد على الاتصالات في الوقت المناسب,المندوب لايرد علي الاتصالات في الوقت المناسب,negative,"[{'text': 'المندوب', 'label': 'شخص', 'score': 0.8722743988037109, 'start': 0, 'end': 7}, {'text': 'الاتصالات', 'label': 'حدث', 'score': 0.5639538764953613, 'start': 18, 'end': 27}, {'text': 'الوقت المناسب', 'label': 'وقت', 'score': 0.5125086903572083, 'start': 31, 'end': 44}]","الوقت, دايم, المندوب تعامله, علي الاتصالات, تعامل المندوب, المندوب, المناسب, سيء, الاتصالات, سريع",35
46240005653809113,S25120024,300,"رأيك يهمنا، فضلاً شاركنا تعليق او مقترح يساعد في تحسين التجربة",TEXT_INPUT,المندوب لا يستجيب لببلاغات الاعطال والمشاكل التي تواجهنا,المندوب لا يستجيب لببلاغات الاعطال والمشاكل التي تواجهنا,negative,"[{'text': 'المندوب', 'label': 'شخص', 'score': 0.8757919073104858, 'start': 0, 'end': 7}, {'text': 'الاعطال', 'label': 'حدث', 'score': 0.6390172243118286, 'start': 27, 'end': 34}]","عدم وجود, قنوات وتوفير, مستمر, يستجيب, مستمره, المندوب ناصر, الدعم, الفني, وتوفير, ناصر الشمري",67
47818243747408574,S25120024,300,"رأيك يهمنا، فضلاً شاركنا تعليق او مقترح يساعد في تحسين التجربة",TEXT_INPUT,المندوب لا يستجب لنا بسرعه ويجبرنا ان حنا الي نذهب له في اماكن هو يحددها لنا ونتكبد الكيلومترات للحصول على الشرائح ارجو تغيير هذا المندوب,المندوب لا يستجب لنا بسرعه ويجبرنا ان حنا الي نذهب له في اماكن هو يحددها لنا ونتكبد الكيلومترات للحصول علي الشرائح ارجو تغيير هذا المندوب,negative,"[{'text': 'المندوب', 'label': 'شخص', 'score': 0.8969624638557434, 'start': 0, 'end': 7}, {'text': 'حنا', 'label': 'شخص', 'score': 0.6324532628059387, 'start': 38, 'end': 41}, {'text': 'اماكن', 'label': 'مكان', 'score': 0.5053171515464783, 'start': 57, 'end': 62}, {'text': 'هو', 'label': 'شخص', 'score': 0.3995431065559387, 'start': 63, 'end': 65}, {'text': 'الكيلومترات', 'label': 'حدث', 'score': 0.4435364603996277, 'start': 84, 'end': 95}, {'text': 'الشرائح', 'label': 'مكان', 'score': 0.5481595396995544, 'start': 107, 'end': 114}, {'text': 'المندوب', 'label': 'شخص', 'score': 0.8815187215805054, 'start': 130, 'end': 137}]","وعدم, ولا, بشكل, تم, بسبب, قنوات, ان, شريحه, الان, التجار",2
14794115775639111,S25120024,300,"رأيك يهمنا، فضلاً شاركنا تعليق او مقترح يساعد في تحسين التجربة",TEXT_INPUT,المندوب فهد ممتاز جدا سرعة فالتوصيل واللنجاز اشكره,المندوب فهد ممتاز جدا سرعه فالتوصيل واللنجاز اشكره,positive,"[{'text': 'المندوب', 'label': 'شخص', 'score': 0.4247998595237732, 'start': 0, 'end': 7}, {'text': 'فهد', 'label': 'شخص', 'score': 0.7413928508758545, 'start': 8, 'end': 11}, {'text': 'سرعه', 'label': 'وقت', 'score': 0.4158918559551239, 'start': 22, 'end': 26}]","الطلب, فهد, الرحمن, اشكر اخوي, اشكره, مشاء, سرعه التواصل, واللنجاز, عبد الرحمن, مشاء الله",55
20975688797965922,S25120024,300,"رأيك يهمنا، فضلاً شاركنا تعليق او مقترح يساعد في تحسين التجربة",TEXT_INPUT,المندوب فراج متعاون جداً وكثر الله من امثاله وشكرا لكم ,المندوب فراج متعاون جداً وكثر الله امثاله وشكرا لكم,positive,"[{'text': 'المندوب فراج', 'label': 'شخص', 'score': 0.8240648508071899, 'start': 0, 'end': 12}, {'text': 'الله', 'label': 'منظمة', 'score': 0.42795121669769287, 'start': 30, 'end': 34}]",متنوع,-1
19761061681190297,S25120024,300,"رأيك يهمنا، فضلاً شاركنا تعليق او مقترح يساعد في تحسين التجربة",TEXT_INPUT,المندوب غير متجاوب بسبب التعليمات على حد قوله,المندوب غير متجاوب بسبب التعليمات علي حد قوله,negative,"[{'text': 'المندوب', 'label': 'شخص', 'score': 0.9027842283248901, 'start': 0, 'end': 7}, {'text': 'التعليمات', 'label': 'حدث', 'score': 0.6650611758232117, 'start': 24, 'end': 33}, {'text': 'قوله', 'label': 'شخص', 'score': 0.4313288629055023, 'start': 41, 'end': 45}]","متجاوب, بسبب, معنا, المندوب, الموظف, جدا, علي, , , ",20
54821160814840549,S25120024,300,"رأيك يهمنا، فضلاً شاركنا تعليق او مقترح يساعد في تحسين التجربة",TEXT_INPUT,المندوب طيب جداً ,المندوب طيب جداً,positive,"[{'text': 'المندوب', 'label': 'شخص', 'score': 0.8276787996292114, 'start': 0, 'end': 7}]",متنوع,-1
56808403669095061,S25120024,300,"رأيك يهمنا، فضلاً شاركنا تعليق او مقترح يساعد في تحسين التجربة",TEXT_INPUT,المندوب طلال العنزي - موظف منيز ويستحق الشكر - وارجو توفير خدمه نقل الملكيه في يوزرات stc,المندوب طلال العنزي - موظف منيز ويستحق الشكر - وارجو توفير خدمه نقل الملكيه في يوزرات,positive,"[{'text': 'المندوب', 'label': 'شخص', 'score': 0.38859009742736816, 'start': 0, 'end': 7}, {'text': 'طلال العنزي', 'label': 'شخص', 'score': 0.8574914932250977, 'start': 8, 'end': 19}, {'text': 'منيز', 'label': 'منظمة', 'score': 0.663668692111969, 'start': 27, 'end': 31}, {'text': 'خدمه نقل الملكيه', 'label': 'حدث', 'score': 0.44007042050361633, 'start': 59, 'end': 75}, {'text': 'يوزرات', 'label': 'مكان', 'score': 0.7680097222328186, 'start': 79, 'end': 85}]",متنوع,-1
34743209316319974,S25120024,300,"رأيك يهمنا، فضلاً شاركنا تعليق او مقترح يساعد في تحسين التجربة",TEXT_INPUT,المندوب رضى سريع التجاوب الله يوفقه,المندوب رضي سريع التجاوب الله يوفقه,positive,"[{'text': 'المندوب', 'label': 'شخص', 'score': 0.8493667840957642, 'start': 0, 'end': 7}, {'text': 'سريع التجاوب', 'label': 'حدث', 'score': 0.48083561658859253, 'start': 12, 'end': 24}, {'text': 'الله', 'label': 'منظمة', 'score': 0.44897785782814026, 'start': 25, 'end': 29}]",متنوع,-1
60084505518743503,S25120024,300,"رأيك يهمنا، فضلاً شاركنا تعليق او مقترح يساعد في تحسين التجربة",TEXT_INPUT,المندوب دايم يجي على الوقت ,المندوب دايم يجي علي الوقت,neutral,"[{'text': 'المندوب', 'label': 'شخص', 'score': 0.8629761338233948, 'start': 0, 'end': 7}, {'text': 'الوقت', 'label': 'وقت', 'score': 0.5774853229522705, 'start': 21, 'end': 26}]","الوقت, دايم, المندوب تعامله, علي الاتصالات, تعامل المندوب, المندوب, المناسب, سيء, الاتصالات, سريع",35
43157003637427673,S25120024,300,"رأيك يهمنا، فضلاً شاركنا تعليق او مقترح يساعد في تحسين التجربة",TEXT_INPUT,المندوب تعامله جدا راقي وسريع الاستحابه,المندوب تعامله جدا راقي وسريع الاستحابه,positive,"[{'text': 'المندوب', 'label': 'شخص', 'score': 0.8894784450531006, 'start': 0, 'end': 7}, {'text': 'تعامله', 'label': 'حدث', 'score': 0.31167641282081604, 'start': 8, 'end': 14}, {'text': 'الاستحابه', 'label': 'حدث', 'score': 0.316292941570282, 'start': 30, 'end': 39}]","وسريع, جدا راقي, والاخلاق, المندوب تعامله, الممتاز, وسرعه بالانجاز, وسريع الاستجابه, وخلوق, بالانجاز, موزع",14
43769892783859097,S25120024,300,"رأيك يهمنا، فضلاً شاركنا تعليق او مقترح يساعد في تحسين التجربة",TEXT_INPUT,المندوب تعاملة سيء,المندوب تعامله سيء,negative,"[{'text': 'المندوب', 'label': 'شخص', 'score': 0.8555073738098145, 'start': 0, 'end': 7}]","الوقت, دايم, المندوب تعامله, علي الاتصالات, تعامل المندوب, المندوب, المناسب, سيء, الاتصالات, سريع",35
30855344591714699,S25120024,300,"رأيك يهمنا، فضلاً شاركنا تعليق او مقترح يساعد في تحسين التجربة",TEXT_INPUT,المندوب تركي ابو ساق خدوم جداً الله يعطيه العزفيه,المندوب تركي ابو ساق خدوم جداً الله يعطيه العزفيه,negative,"[{'text': 'المندوب', 'label': 'شخص', 'score': 0.3231693208217621, 'start': 0, 'end': 7}, {'text': 'تركي ابو ساق', 'label': 'شخص', 'score': 0.737626850605011, 'start': 8, 'end': 20}, {'text': 'العزفيه', 'label': 'حدث', 'score': 0.4257524311542511, 'start': 42, 'end': 49}]","ابو, الله يعطيه, يوفقه, انتم, الله يوفقه, جميع, يعطيه, المندوب تركي, احمد, الله يسعده",56
13681911361814083,S25120024,300,"رأيك يهمنا، فضلاً شاركنا تعليق او مقترح يساعد في تحسين التجربة",TEXT_INPUT,المندوب تحسن للأفضل ,المندوب تحسن للافضل,positive,"[{'text': 'المندوب', 'label': 'شخص', 'score': 0.8555033206939697, 'start': 0, 'end': 7}]","الوقت, دايم, المندوب تعامله, علي الاتصالات, تعامل المندوب, المندوب, المناسب, سيء, الاتصالات, سريع",35
14869027568421445,S25120024,300,"رأيك يهمنا، فضلاً شاركنا تعليق او مقترح يساعد في تحسين التجربة",TEXT_INPUT,المندوب ام يتجاوب معي الا بعد التواصل مع مديره مه العلم انني كنت اطلب شرايح منذ ثلاثة اشهر ولم يكون هناك اي رد ,المندوب ام يتجاوب معي الا بعد التواصل مع مديره مه العلم انني كنت اطلب شرايح منذ ثلاثه اشهر ولم يكون هناك اي رد,neutral,"[{'text': 'المندوب', 'label': 'شخص', 'score': 0.8152885437011719, 'start': 0, 'end': 7}, {'text': 'ام', 'label': 'شخص', 'score': 0.4879309833049774, 'start': 8, 'end': 10}, {'text': 'مديره', 'label': 'شخص', 'score': 0.7543843984603882, 'start': 41, 'end': 46}, {'text': 'مه العلم', 'label': 'شخص', 'score': 0.42012035846710205, 'start': 47, 'end': 55}, {'text': 'شرايح', 'label': 'منتج', 'score': 0.7653847932815552, 'start': 70, 'end': 75}, {'text': 'ثلاثه اشهر', 'label': 'وقت', 'score': 0.7516514658927917, 'start': 80, 'end': 90}, {'text': 'رد', 'label': 'حدث', 'score': 0.34085240960121155, 'start': 108, 'end': 110}]",متنوع,-1
54646825631706069,S25120024,300,"رأيك يهمنا، فضلاً شاركنا تعليق او مقترح يساعد في تحسين التجربة",TEXT_INPUT,المندوب اخلاقه عاليه ,المندوب اخلاقه عاليه,positive,"[{'text': 'المندوب', 'label': 'شخص', 'score': 0.8639186024665833, 'start': 0, 'end': 7}, {'text': 'اخلاقه', 'label': 'شخص', 'score': 0.31632691621780396, 'start': 8, 'end': 14}]",متنوع,-1
19761257281982588,S25120024,300,"رأيك يهمنا، فضلاً شاركنا تعليق او مقترح يساعد في تحسين التجربة",TEXT_INPUT,المناديب التابعين للشركه لايمكن التعامل معهم ,المناديب التابعين للشركه لايمكن التعامل معهم,negative,"[{'text': 'المناديب', 'label': 'منظمة', 'score': 0.6037324666976929, 'start': 0, 'end': 8}, {'text': 'للشركه', 'label': 'منظمة', 'score': 0.5265200734138489, 'start': 18, 'end': 24}]",متنوع,-1
55749283549201040,S25120024,300,"رأيك يهمنا، فضلاً شاركنا تعليق او مقترح يساعد في تحسين التجربة",TEXT_INPUT,الله يعطيه العافيه وليد مساوى ونعم الاخلاق,الله يعطيه العافيه وليد مساوي ونعم الاخلاق,positive,"[{'text': 'الله', 'label': 'منظمة', 'score': 0.36581534147262573, 'start': 0, 'end': 4}, {'text': 'وليد مساوي', 'label': 'شخص', 'score': 0.8717193007469177, 'start': 19, 'end': 29}, {'text': 'الاخلاق', 'label': 'منتج', 'score': 0.30340731143951416, 'start': 35, 'end': 42}]","يسعده, بيض, الله, الله يسعده, والله, الله يعطيه, شي, وليد, الاخلاق, يعطيه العافيه",19
59496745854475241,S25120024,300,"رأيك يهمنا، فضلاً شاركنا تعليق او مقترح يساعد في تحسين التجربة",TEXT_INPUT,الله يعطيكم العافية,الله يعطيكم العافيه,positive,"[{'text': 'الله', 'label': 'منظمة', 'score': 0.5481166243553162, 'start': 0, 'end': 4}]","الف, الف الف, الف شكرا, يعطيك, يعطيك العافيه, العافيه, الله يعطيك, الف شكر, الله, اخ",3
60165620952025576,S25120024,300,"رأيك يهمنا، فضلاً شاركنا تعليق او مقترح يساعد في تحسين التجربة",TEXT_INPUT,الله يعطيك العافيه الاستاذ تركي ال حمزه,الله يعطيك العافيه الاستاذ تركي ال حمزه,positive,"[{'text': 'الاستاذ تركي ال حمزه', 'label': 'شخص', 'score': 0.7561142444610596, 'start': 19, 'end': 39}]",متنوع,-1
7.01855E+14,S25120024,300,"رأيك يهمنا، فضلاً شاركنا تعليق او مقترح يساعد في تحسين التجربة",TEXT_INPUT,الله يعطيك العافيه الاخ تركي ,الله يعطيك العافيه الاخ تركي,positive,"[{'text': 'الله', 'label': 'منظمة', 'score': 0.41961726546287537, 'start': 0, 'end': 4}, {'text': 'الاخ تركي', 'label': 'شخص', 'score': 0.7882976531982422, 'start': 19, 'end': 28}]","يعطيك العافيه, يعطيك, العافيه, شكر للاستاذ, الاخ تركي, تركي الف, الاخ, للاستاذ تركي, ناصر, للاستاذ",45
3729264875550237,S25120024,300,"رأيك يهمنا، فضلاً شاركنا تعليق او مقترح يساعد في تحسين التجربة",TEXT_INPUT,الله يعطيك العافيه,الله يعطيك العافيه,positive,"[{'text': 'الله', 'label': 'منظمة', 'score': 0.5453134179115295, 'start': 0, 'end': 4}]","الف, الف الف, الف شكرا, يعطيك, يعطيك العافيه, العافيه, الله يعطيك, الف شكر, الله, اخ",3
31563739639429119,S25120024,300,"رأيك يهمنا، فضلاً شاركنا تعليق او مقترح يساعد في تحسين التجربة",TEXT_INPUT,الله يعطيك العافية على المتابعة المستمره وحل المشاكل,الله يعطيك العافيه علي المتابعه المستمره وحل المشاكل,positive,"[{'text': 'الله', 'label': 'شخص', 'score': 0.5680292844772339, 'start': 0, 'end': 4}, {'text': 'المتابعه المستمره', 'label': 'حدث', 'score': 0.602960467338562, 'start': 23, 'end': 40}, {'text': 'المشاكل', 'label': 'حدث', 'score': 0.5789894461631775, 'start': 45, 'end': 52}]","المستمره نشكر, المستمره, نشكر الاخ, والتواصل, علي المتابعه, المتابعه, الاخ تركي, نشكر, تركي علي, والمتابعه المستمره",44
1394518153126129,S25120024,300,"رأيك يهمنا، فضلاً شاركنا تعليق او مقترح يساعد في تحسين التجربة",TEXT_INPUT,الله يعطيك العافية الأستاذ تركي على حسن المعاملة,الله يعطيك العافيه الاستاذ تركي علي حسن المعامله,positive,"[{'text': 'الاستاذ تركي علي حسن', 'label': 'شخص', 'score': 0.639914870262146, 'start': 19, 'end': 39}, {'text': 'المعامله', 'label': 'حدث', 'score': 0.3558844029903412, 'start': 40, 'end': 48}]",متنوع,-1
34313317021267787,S25120024,300,"رأيك يهمنا، فضلاً شاركنا تعليق او مقترح يساعد في تحسين التجربة",TEXT_INPUT,الله يسعده,الله يسعده,positive,"[{'text': 'الله', 'label': 'منظمة', 'score': 0.5623178482055664, 'start': 0, 'end': 4}]","يسعده, بيض, الله, الله يسعده, والله, الله يعطيه, شي, وليد, الاخلاق, يعطيه العافيه",19
57310908935633786,S25120024,300,"رأيك يهمنا، فضلاً شاركنا تعليق او مقترح يساعد في تحسين التجربة",TEXT_INPUT,الكميه اللي وصلت اقل من الطلب,الكميه اللي وصلت اقل الطلب,negative,"[{'text': 'الكميه', 'label': 'حدث', 'score': 0.3920218050479889, 'start': 0, 'end': 6}, {'text': 'الطلب', 'label': 'حدث', 'score': 0.44672906398773193, 'start': 21, 'end': 26}]","زياده, كبيره, اسعار, الطلب, وشكرا لكم, اللي, الشركات الاخري, بي, الشرائح, الباقات",24
20580884519008566,S25120024,300,"رأيك يهمنا، فضلاً شاركنا تعليق او مقترح يساعد في تحسين التجربة",TEXT_INPUT,الكلام كثير لكن راجع التقييم السابق,الكلام كثير لكن راجع التقييم السابق,negative,"[{'text': 'الكلام', 'label': 'شخص', 'score': 0.3815656006336212, 'start': 0, 'end': 6}, {'text': 'التقييم السابق', 'label': 'حدث', 'score': 0.4240487217903137, 'start': 21, 'end': 35}]",متنوع,-1
55324374718888011,S25120024,300,"رأيك يهمنا، فضلاً شاركنا تعليق او مقترح يساعد في تحسين التجربة",TEXT_INPUT,الف شكرا للموظف على تعاونه ومتابعته الدائمه ,الف شكرا للموظف علي تعاونه ومتابعته الدائمه,positive,"[{'text': 'للموظف', 'label': 'شخص', 'score': 0.658847451210022, 'start': 9, 'end': 15}, {'text': 'تعاونه', 'label': 'حدث', 'score': 0.32690224051475525, 'start': 20, 'end': 26}]","للموظف, الدائمه, القلب للموظف, الرائع, علي تعامله, علي رحابه, رحابه صدره, شكرا القلب, رحابه, صدره",54
17001078393201367,S25120024,300,"رأيك يهمنا، فضلاً شاركنا تعليق او مقترح يساعد في تحسين التجربة",TEXT_INPUT,الف شكرا 🙏 الله يوفقك ويرزقك,الف شكرا الله يوفقك ويرزقك,positive,"[{'text': 'الف شكرا', 'label': 'شخص', 'score': 0.3936920762062073, 'start': 0, 'end': 8}, {'text': 'الله', 'label': 'شخص', 'score': 0.6947005391120911, 'start': 9, 'end': 13}]","الف, الف الف, الف شكرا, يعطيك, يعطيك العافيه, العافيه, الله يعطيك, الف شكر, الله, اخ",3
24809781635954999,S25120024,300,"رأيك يهمنا، فضلاً شاركنا تعليق او مقترح يساعد في تحسين التجربة",TEXT_INPUT,الف شكر وخدمه ممممتازه,الف شكر وخدمه ممممتازه,positive,"[{'text': 'الف شكر', 'label': 'شخص', 'score': 0.40372392535209656, 'start': 0, 'end': 7}, {'text': 'وخدمه', 'label': 'شخص', 'score': 0.5372277498245239, 'start': 8, 'end': 13}]","الاستاذ, اشكره, التوفيق, جدا التعامل, يستاهل اعلي, يمثل, وانجاز, قصر, التقييم, اعلي",22
32082050727243795,S25120024,300,"رأيك يهمنا، فضلاً شاركنا تعليق او مقترح يساعد في تحسين التجربة",TEXT_INPUT,الف شكر للمندوب على تعاونه السريع والاسلوب الراقي,الف شكر للمندوب علي تعاونه السريع والاسلوب الراقي,positive,"[{'text': 'للمندوب', 'label': 'شخص', 'score': 0.7419353723526001, 'start': 8, 'end': 15}, {'text': 'تعاونه السريع', 'label': 'حدث', 'score': 0.37526413798332214, 'start': 20, 'end': 33}]",متنوع,-1
,S25120024,300,"رأيك يهمنا، فضلاً شاركنا تعليق او مقترح يساعد في تحسين التجربة",TEXT_INPUT,الف شكر للمندوب حسن الحسين,الف شكر للمندوب حسن الحسين,positive,"[{'text': 'الف شكر', 'label': 'حدث', 'score': 0.3381921648979187, 'start': 0, 'end': 7}, {'text': 'حسن الحسين', 'label': 'شخص', 'score': 0.8343086242675781, 'start': 16, 'end': 26}]","للمندوب, شكرا للمندوب, شكر للمندوب, للمندوب علي, وشكر, علي شكرا, رضاء محمد, سرعه الانجاز, لمندوب, وشكر خاص",10
36226555335362908,S25120024,300,"رأيك يهمنا، فضلاً شاركنا تعليق او مقترح يساعد في تحسين التجربة",TEXT_INPUT,الف شكر للأخ تركي,الف شكر للاخ تركي,positive,"[{'text': 'الف شكر', 'label': 'حدث', 'score': 0.314646452665329, 'start': 0, 'end': 7}, {'text': 'تركي', 'label': 'شخص', 'score': 0.5299168229103088, 'start': 13, 'end': 17}]","للاخ تركي, للاخ, موصول للاخ, موصول, شكر, تركي الف, العمل, الشكر موصول, الشكر, تركي",34
28699786043946200,S25120024,300,"رأيك يهمنا، فضلاً شاركنا تعليق او مقترح يساعد في تحسين التجربة",TEXT_INPUT,الف الف شكرا يعطيك العافيه 😊 ,الف الف شكرا يعطيك العافيه,positive,"[{'text': 'شكرا', 'label': 'شخص', 'score': 0.4121362566947937, 'start': 8, 'end': 12}]","الف, الف الف, الف شكرا, يعطيك, يعطيك العافيه, العافيه, الله يعطيك, الف شكر, الله, اخ",3
21536207737626552,S25120024,300,"رأيك يهمنا، فضلاً شاركنا تعليق او مقترح يساعد في تحسين التجربة",TEXT_INPUT,الف الف شكرا الله يعطيك العافيه,الف الف شكرا الله يعطيك العافيه,positive,"[{'text': 'شكرا', 'label': 'شخص', 'score': 0.40135231614112854, 'start': 8, 'end': 12}, {'text': 'الله', 'label': 'شخص', 'score': 0.5390404462814331, 'start': 13, 'end': 17}]","الف, الف الف, الف شكرا, يعطيك, يعطيك العافيه, العافيه, الله يعطيك, الف شكر, الله, اخ",3
27231274944201328,S25120024,300,"رأيك يهمنا، فضلاً شاركنا تعليق او مقترح يساعد في تحسين التجربة",TEXT_INPUT,الف الف شكرا ,الف الف شكرا,positive,"[{'text': 'شكرا', 'label': 'شخص', 'score': 0.5251021981239319, 'start': 8, 'end': 12}]","الف, الف الف, الف شكرا, يعطيك, يعطيك العافيه, العافيه, الله يعطيك, الف شكر, الله, اخ",3
32336817716620400,S25120024,300,"رأيك يهمنا، فضلاً شاركنا تعليق او مقترح يساعد في تحسين التجربة",TEXT_INPUT,الف الف شكر يا تركي,الف الف شكر يا تركي,positive,"[{'text': 'تركي', 'label': 'مكان', 'score': 0.6078794002532959, 'start': 15, 'end': 19}]","الف, الف الف, الف شكرا, يعطيك, يعطيك العافيه, العافيه, الله يعطيك, الف شكر, الله, اخ",3
18382205384521879,S25120024,300,"رأيك يهمنا، فضلاً شاركنا تعليق او مقترح يساعد في تحسين التجربة",TEXT_INPUT,الف الف شكر للخ تركي على حسن التعامل ,الف الف شكر للخ تركي علي حسن التعامل,positive,"[{'text': 'للخ', 'label': 'شخص', 'score': 0.3228306472301483, 'start': 12, 'end': 15}, {'text': 'تركي علي حسن', 'label': 'شخص', 'score': 0.746638834476471, 'start': 16, 'end': 28}, {'text': 'التعامل', 'label': 'حدث', 'score': 0.3503887951374054, 'start': 29, 'end': 36}]",متنوع,-1
36226034440494972,S25120024,300,"رأيك يهمنا، فضلاً شاركنا تعليق او مقترح يساعد في تحسين التجربة",TEXT_INPUT,الف الف شكر للاستاذ تركي,الف الف شكر للاستاذ تركي,positive,"[{'text': 'الف الف شكر', 'label': 'حدث', 'score': 0.33328530192375183, 'start': 0, 'end': 11}, {'text': 'تركي', 'label': 'شخص', 'score': 0.618480920791626, 'start': 20, 'end': 24}]","يعطيك العافيه, يعطيك, العافيه, شكر للاستاذ, الاخ تركي, تركي الف, الاخ, للاستاذ تركي, ناصر, للاستاذ",45
35616549421037739,S25120024,300,"رأيك يهمنا، فضلاً شاركنا تعليق او مقترح يساعد في تحسين التجربة",TEXT_INPUT,الف الف شكر للأستاذ تركي على المتابعه المستمره ,الف الف شكر للاستاذ تركي علي المتابعه المستمره,positive,"[{'text': 'تركي', 'label': 'شخص', 'score': 0.5112050771713257, 'start': 20, 'end': 24}, {'text': 'المتابعه المستمره', 'label': 'حدث', 'score': 0.46776658296585083, 'start': 29, 'end': 46}]","المستمره نشكر, المستمره, نشكر الاخ, والتواصل, علي المتابعه, المتابعه, الاخ تركي, نشكر, تركي علي, والمتابعه المستمره",44
15656132184675498,S25120024,300,"رأيك يهمنا، فضلاً شاركنا تعليق او مقترح يساعد في تحسين التجربة",TEXT_INPUT,الف الف شكر الله يجزاك خير,الف الف شكر الله يجزاك خير,positive,"[{'text': 'الله', 'label': 'منظمة', 'score': 0.5173482298851013, 'start': 12, 'end': 16}, {'text': 'خير', 'label': 'حدث', 'score': 0.45190706849098206, 'start': 23, 'end': 26}]","الف, الف الف, الف شكرا, يعطيك, يعطيك العافيه, العافيه, الله يعطيك, الف شكر, الله, اخ",3
19201530090460983,S25120024,300,"رأيك يهمنا، فضلاً شاركنا تعليق او مقترح يساعد في تحسين التجربة",TEXT_INPUT,الف الف الف شكرا الله يعطيك العا فيه 🌹,الف الف الف شكرا الله يعطيك العا فيه,positive,"[{'text': 'الف الف الف شكرا', 'label': 'حدث', 'score': 0.3054410517215729, 'start': 0, 'end': 16}, {'text': 'الله', 'label': 'شخص', 'score': 0.6412710547447205, 'start': 17, 'end': 21}, {'text': 'العا فيه', 'label': 'حدث', 'score': 0.3774528503417969, 'start': 28, 'end': 36}]","الف, الف الف, الف شكرا, يعطيك, يعطيك العافيه, العافيه, الله يعطيك, الف شكر, الله, اخ",3
32245685268067671,S25120024,300,"رأيك يهمنا، فضلاً شاركنا تعليق او مقترح يساعد في تحسين التجربة",TEXT_INPUT,الف الف الف 🙏 ,الف الف الف,positive,"[{'text': 'الف الف الف', 'label': 'شخص', 'score': 0.324411541223526, 'start': 0, 'end': 11}]","الف, الف الف, الف شكرا, يعطيك, يعطيك العافيه, العافيه, الله يعطيك, الف شكر, الله, اخ",3
15930601454571673,S25120024,300,"رأيك يهمنا، فضلاً شاركنا تعليق او مقترح يساعد في تحسين التجربة",TEXT_INPUT,الغامدي مندوب مميز ,الغامدي مندوب مميز,positive,"[{'text': 'الغامدي', 'label': 'شخص', 'score': 0.8776404857635498, 'start': 0, 'end': 7}]",متنوع,-1
15399290809223976,S25120024,300,"رأيك يهمنا، فضلاً شاركنا تعليق او مقترح يساعد في تحسين التجربة",TEXT_INPUT,الغامدي ممتاز جدا ,الغامدي ممتاز جدا,positive,"[{'text': 'الغامدي', 'label': 'شخص', 'score': 0.9019927382469177, 'start': 0, 'end': 7}]","المتابعه, علي المتابعه, الشكر موصول, المتابعه المستمره, المستمره, موصول, حسن التعامل, للاستاذ, الشكر, للاخ تركي",6
16162881645614949,S25120024,300,"رأيك يهمنا، فضلاً شاركنا تعليق او مقترح يساعد في تحسين التجربة",TEXT_INPUT,الغامدي مافي زيه مندوب ,الغامدي مافي زيه مندوب,negative,"[{'text': 'الغامدي', 'label': 'شخص', 'score': 0.8984159827232361, 'start': 0, 'end': 7}, {'text': 'مندوب', 'label': 'حدث', 'score': 0.3238891065120697, 'start': 17, 'end': 22}]",متنوع,-1
21800973300460606,S25120024,300,"رأيك يهمنا، فضلاً شاركنا تعليق او مقترح يساعد في تحسين التجربة",TEXT_INPUT,العمولات الخاصه بالتفعيل ماتنزل فيها إشكاليه,العمولات الخاصه بالتفعيل ماتنزل فيها اشكاليه,neutral,"[{'text': 'العمولات', 'label': 'منتج', 'score': 0.6283745765686035, 'start': 0, 'end': 8}, {'text': 'اشكاليه', 'label': 'حدث', 'score': 0.48605430126190186, 'start': 37, 'end': 44}]",متنوع,-1
54219582079011076,S25120024,300,"رأيك يهمنا، فضلاً شاركنا تعليق او مقترح يساعد في تحسين التجربة",TEXT_INPUT,العدد غير كافي من الشرائح كذلك تأخير في الوصول للشرائح,العدد غير كافي الشرائح كذلك تاخير في الوصول للشرائح,negative,"[{'text': 'العدد غير كافي', 'label': 'منتج', 'score': 0.35716480016708374, 'start': 0, 'end': 14}, {'text': 'الشرائح', 'label': 'منتج', 'score': 0.738693118095398, 'start': 15, 'end': 22}, {'text': 'تاخير', 'label': 'حدث', 'score': 0.548509955406189, 'start': 28, 'end': 33}, {'text': 'الوصول', 'label': 'حدث', 'score': 0.460112601518631, 'start': 37, 'end': 43}]","دايم, الوصول, قله, كافي, الشرايح وعدم, العدد, للشرائح, تاخير, بشكل, وعدم",89
60336682440150221,S25120024,300,"رأيك يهمنا، فضلاً شاركنا تعليق او مقترح يساعد في تحسين التجربة",TEXT_INPUT,الصله بين نقطة البيع والمشرفين تكاد لاتذكر ,الصله بين نقطه البيع والمشرفين تكاد لاتذكر,neutral,"[{'text': 'نقطه البيع', 'label': 'مكان', 'score': 0.719504714012146, 'start': 10, 'end': 20}]","الان, هناك, البيع, العموله, الشركات, الي, , , , ",93
2435356638035394,S25120024,300,"رأيك يهمنا، فضلاً شاركنا تعليق او مقترح يساعد في تحسين التجربة",TEXT_INPUT,الشكر موصول للاستاذ تركي على حسن التعامل والمتابعة,الشكر موصول للاستاذ تركي علي حسن التعامل والمتابعه,positive,"[{'text': 'تركي', 'label': 'شخص', 'score': 0.5855702757835388, 'start': 20, 'end': 24}, {'text': 'علي', 'label': 'شخص', 'score': 0.317640095949173, 'start': 25, 'end': 28}, {'text': 'حسن', 'label': 'شخص', 'score': 0.422271192073822, 'start': 29, 'end': 32}, {'text': 'التعامل', 'label': 'حدث', 'score': 0.38332459330558777, 'start': 33, 'end': 40}]","المستمره نشكر, المستمره, نشكر الاخ, والتواصل, علي المتابعه, المتابعه, الاخ تركي, نشكر, تركي علي, والمتابعه المستمره",44
56550692486949992,S25120024,300,"رأيك يهمنا، فضلاً شاركنا تعليق او مقترح يساعد في تحسين التجربة",TEXT_INPUT,الشكر موصول للاخ تركي على سرعة الاستجابة,الشكر موصول للاخ تركي علي سرعه الاستجابه,positive,"[{'text': 'الشكر', 'label': 'حدث', 'score': 0.3164929449558258, 'start': 0, 'end': 5}, {'text': 'تركي', 'label': 'شخص', 'score': 0.5075898766517639, 'start': 17, 'end': 21}, {'text': 'سرعه الاستجابه', 'label': 'حدث', 'score': 0.5225151181221008, 'start': 26, 'end': 40}]","المستمره نشكر, المستمره, نشكر الاخ, والتواصل, علي المتابعه, المتابعه, الاخ تركي, نشكر, تركي علي, والمتابعه المستمره",44
1996748873459356,S25120024,300,"رأيك يهمنا، فضلاً شاركنا تعليق او مقترح يساعد في تحسين التجربة",TEXT_INPUT,الشكر موصول للاخ تركي على حسن المعاملة والمتابعه,الشكر موصول للاخ تركي علي حسن المعامله والمتابعه,positive,"[{'text': 'الشكر', 'label': 'حدث', 'score': 0.3143458962440491, 'start': 0, 'end': 5}, {'text': 'تركي', 'label': 'شخص', 'score': 0.6166473031044006, 'start': 17, 'end': 21}, {'text': 'المعامله', 'label': 'حدث', 'score': 0.5356999039649963, 'start': 30, 'end': 38}]","المستمره نشكر, المستمره, نشكر الاخ, والتواصل, علي المتابعه, المتابعه, الاخ تركي, نشكر, تركي علي, والمتابعه المستمره",44
28697768762317481,S25120024,300,"رأيك يهمنا، فضلاً شاركنا تعليق او مقترح يساعد في تحسين التجربة",TEXT_INPUT,الشكر موصول للاخ تركي على المتابعة المستمرة ,الشكر موصول للاخ تركي علي المتابعه المستمره,positive,"[{'text': 'الشكر', 'label': 'حدث', 'score': 0.3598704934120178, 'start': 0, 'end': 5}, {'text': 'تركي', 'label': 'شخص', 'score': 0.4940680265426636, 'start': 17, 'end': 21}, {'text': 'المتابعه المستمره', 'label': 'حدث', 'score': 0.483538955450058, 'start': 26, 'end': 43}]","المستمره نشكر, المستمره, نشكر الاخ, والتواصل, علي المتابعه, المتابعه, الاخ تركي, نشكر, تركي علي, والمتابعه المستمره",44
31732850022141735,S25120024,300,"رأيك يهمنا، فضلاً شاركنا تعليق او مقترح يساعد في تحسين التجربة",TEXT_INPUT,الشكر موصول للاخ تركي ,الشكر موصول للاخ تركي,positive,"[{'text': 'الشكر', 'label': 'حدث', 'score': 0.44520077109336853, 'start': 0, 'end': 5}, {'text': 'تركي', 'label': 'شخص', 'score': 0.4991120398044586, 'start': 17, 'end': 21}]","للاخ تركي, للاخ, موصول للاخ, موصول, شكر, تركي الف, العمل, الشكر موصول, الشكر, تركي",34
7.01982E+14,S25120024,300,"رأيك يهمنا، فضلاً شاركنا تعليق او مقترح يساعد في تحسين التجربة",TEXT_INPUT,الشكر موصول ل تركي عبدالله لحسن التعامل والمتابعة المستمره,الشكر موصول ل تركي عبدالله لحسن التعامل والمتابعه المستمره,positive,"[{'text': 'تركي عبدالله', 'label': 'شخص', 'score': 0.9393085837364197, 'start': 14, 'end': 26}, {'text': 'التعامل', 'label': 'حدث', 'score': 0.42768964171409607, 'start': 32, 'end': 39}]","المستمره نشكر, المستمره, نشكر الاخ, والتواصل, علي المتابعه, المتابعه, الاخ تركي, نشكر, تركي علي, والمتابعه المستمره",44
60162983413790445,S25120024,300,"رأيك يهمنا، فضلاً شاركنا تعليق او مقترح يساعد في تحسين التجربة",TEXT_INPUT,الشكر موصل للاخ تركي ,الشكر موصل للاخ تركي,positive,"[{'text': 'الشكر', 'label': 'حدث', 'score': 0.4693959951400757, 'start': 0, 'end': 5}, {'text': 'تركي', 'label': 'شخص', 'score': 0.5668748021125793, 'start': 16, 'end': 20}]","للاخ تركي, للاخ, موصول للاخ, موصول, شكر, تركي الف, العمل, الشكر موصول, الشكر, تركي",34
30946127676962157,S25120024,300,"رأيك يهمنا، فضلاً شاركنا تعليق او مقترح يساعد في تحسين التجربة",TEXT_INPUT,الشكر للاستاذ تركي يعطيه العافيه,الشكر للاستاذ تركي يعطيه العافيه,positive,"[{'text': 'الشكر', 'label': 'حدث', 'score': 0.3913535177707672, 'start': 0, 'end': 5}, {'text': 'تركي', 'label': 'شخص', 'score': 0.5261393189430237, 'start': 14, 'end': 18}]",متنوع,-1
46952371093296397,S25120024,300,"رأيك يهمنا، فضلاً شاركنا تعليق او مقترح يساعد في تحسين التجربة",TEXT_INPUT,الشكر للاستاذ تركي على تواجدة المستمر,الشكر للاستاذ تركي علي تواجده المستمر,positive,"[{'text': 'الشكر', 'label': 'حدث', 'score': 0.34730955958366394, 'start': 0, 'end': 5}, {'text': 'تركي', 'label': 'شخص', 'score': 0.5212260484695435, 'start': 14, 'end': 18}, {'text': 'تواجده المستمر', 'label': 'حدث', 'score': 0.37707358598709106, 'start': 23, 'end': 37}]",متنوع,-1
32496734399184379,S25120024,300,"رأيك يهمنا، فضلاً شاركنا تعليق او مقترح يساعد في تحسين التجربة",TEXT_INPUT,الشكر للاخ تركي على المتابعة المستمره ,الشكر للاخ تركي علي المتابعه المستمره,positive,"[{'text': 'الشكر', 'label': 'حدث', 'score': 0.3345590829849243, 'start': 0, 'end': 5}, {'text': 'تركي', 'label': 'شخص', 'score': 0.577328622341156, 'start': 11, 'end': 15}, {'text': 'المتابعه المستمره', 'label': 'حدث', 'score': 0.4721923768520355, 'start': 20, 'end': 37}]","المستمره نشكر, المستمره, نشكر الاخ, والتواصل, علي المتابعه, المتابعه, الاخ تركي, نشكر, تركي علي, والمتابعه المستمره",44
58610206816741031,S25120024,300,"رأيك يهمنا، فضلاً شاركنا تعليق او مقترح يساعد في تحسين التجربة",TEXT_INPUT,الشكر ل تركي على سرعة الاستجابة والمتابعة المستمره,الشكر ل تركي علي سرعه الاستجابه والمتابعه المستمره,positive,"[{'text': 'الشكر', 'label': 'حدث', 'score': 0.33982816338539124, 'start': 0, 'end': 5}, {'text': 'تركي', 'label': 'شخص', 'score': 0.9299026131629944, 'start': 8, 'end': 12}, {'text': 'سرعه الاستجابه', 'label': 'حدث', 'score': 0.49161601066589355, 'start': 17, 'end': 31}]","سرعه الاستجابه, علي سرعه, الاستجابه والمتابعه, تركي علي, الاستجابه, سرعه, والمتابعه, نشكر, تركي, والمتابعه المستمره",8
13105521257318822,S25120024,300,"رأيك يهمنا، فضلاً شاركنا تعليق او مقترح يساعد في تحسين التجربة",TEXT_INPUT,الشركة محترمة والمندوب ممتاز,الشركه محترمه والمندوب ممتاز,positive,"[{'text': 'الشركه', 'label': 'منظمة', 'score': 0.6999017596244812, 'start': 0, 'end': 6}, {'text': 'والمندوب ممتاز', 'label': 'شخص', 'score': 0.48829931020736694, 'start': 14, 'end': 28}]","ومتعاون, محترم, متعاون, ويستحق, موظف مثالي, وسريع, والمندوب, مثالي, ومحترم, موظف",0
53598475611153493,S25120024,300,"رأيك يهمنا، فضلاً شاركنا تعليق او مقترح يساعد في تحسين التجربة",TEXT_INPUT,الشركات الاحرى الان العموله ٦٠ ٪؜ عمولتكم الى الان ٣٠٪؜  هل هناك تعديل ؜ ,الشركات الاحري الان العموله ٦٠ ٪؜ عمولتكم الي الان ٣٠٪؜ هل هناك تعديل ؜,neutral,"[{'text': 'الشركات', 'label': 'منظمة', 'score': 0.6905983686447144, 'start': 0, 'end': 7}, {'text': 'الان', 'label': 'وقت', 'score': 0.498177707195282, 'start': 15, 'end': 19}, {'text': 'العموله', 'label': 'حدث', 'score': 0.33440136909484863, 'start': 20, 'end': 27}, {'text': 'الان', 'label': 'وقت', 'score': 0.5477324724197388, 'start': 46, 'end': 50}, {'text': '٣٠٪', 'label': 'حدث', 'score': 0.32764309644699097, 'start': 51, 'end': 54}, {'text': 'تعديل', 'label': 'حدث', 'score': 0.4668242633342743, 'start': 64, 'end': 69}]","الان, هناك, البيع, العموله, الشركات, الي, , , , ",93
48828918539676614,S25120024,300,"رأيك يهمنا، فضلاً شاركنا تعليق او مقترح يساعد في تحسين التجربة",TEXT_INPUT,الشرايح لاتعمل مضروبه,الشرايح لاتعمل مضروبه,negative,"[{'text': 'الشرايح', 'label': 'منتج', 'score': 0.6610967516899109, 'start': 0, 'end': 7}]","شرايح, لايوجد, بطيئه, مره, الاستحابه, متوفره, اطلب, عدد, مشكله, الشرايح",17
22128471819044779,S25120024,300,"رأيك يهمنا، فضلاً شاركنا تعليق او مقترح يساعد في تحسين التجربة",TEXT_INPUT,الشرايح قليه مره ,الشرايح قليه مره,neutral,"[{'text': 'الشرايح', 'label': 'منتج', 'score': 0.6194819211959839, 'start': 0, 'end': 7}, {'text': 'مره', 'label': 'وقت', 'score': 0.3192921280860901, 'start': 13, 'end': 16}]","شرايح, لايوجد, بطيئه, مره, الاستحابه, متوفره, اطلب, عدد, مشكله, الشرايح",17
22813941410857961,S25120024,300,"رأيك يهمنا، فضلاً شاركنا تعليق او مقترح يساعد في تحسين التجربة",TEXT_INPUT,الشرايح عددها قليل جدا وانا في منطقة بعيدة ,الشرايح عددها قليل جدا وانا في منطقه بعيده,negative,"[{'text': 'الشرايح', 'label': 'منتج', 'score': 0.6624665260314941, 'start': 0, 'end': 7}, {'text': 'منطقه بعيده', 'label': 'مكان', 'score': 0.6646555662155151, 'start': 31, 'end': 42}]",متنوع,-1
48842032963485658,S25120024,300,"رأيك يهمنا، فضلاً شاركنا تعليق او مقترح يساعد في تحسين التجربة",TEXT_INPUT,الشرايح الجديده خربانه وقليله ماتتوفر بالشكل المطبلوب,الشرايح الجديده خربانه وقليله ماتتوفر بالشكل المطبلوب,negative,"[{'text': 'الشرايح الجديده', 'label': 'منتج', 'score': 0.8139472603797913, 'start': 0, 'end': 15}]","خاص, الشرايح, , , , , , , , ",91
1456567412786303,S25120024,300,"رأيك يهمنا، فضلاً شاركنا تعليق او مقترح يساعد في تحسين التجربة",TEXT_INPUT,الشرائح ماصولتني يقولون غير متوفره للان شهر كامل موقفين ,الشرائح ماصولتني يقولون غير متوفره للان شهر كامل موقفين,negative,"[{'text': 'الشرائح ماصولتني', 'label': 'منتج', 'score': 0.5957034826278687, 'start': 0, 'end': 16}, {'text': 'غير متوفره', 'label': 'حدث', 'score': 0.33775052428245544, 'start': 24, 'end': 34}, {'text': 'شهر كامل', 'label': 'وقت', 'score': 0.5658106803894043, 'start': 40, 'end': 48}, {'text': 'موقفين', 'label': 'حدث', 'score': 0.3966953456401825, 'start': 49, 'end': 55}]","ولم, شرائح, نقل, الفرع, الرقم, اطلب, لي, اكثر, او, عرض",1
52144989203646785,S25120024,300,"رأيك يهمنا، فضلاً شاركنا تعليق او مقترح يساعد في تحسين التجربة",TEXT_INPUT,الشحر موصول للاخ تركي على سريع الاستجابة والتواصل الدايم ,الشحر موصول للاخ تركي علي سريع الاستجابه والتواصل الدايم,positive,"[{'text': 'الشحر', 'label': 'مكان', 'score': 0.8681466579437256, 'start': 0, 'end': 5}, {'text': 'تركي', 'label': 'شخص', 'score': 0.607772707939148, 'start': 17, 'end': 21}, {'text': 'سريع الاستجابه', 'label': 'حدث', 'score': 0.4876213073730469, 'start': 26, 'end': 40}]","ممتاز جدا, ممتاز, جدا ممتاز, رائع جدا, جدا, طيب, تعامل, الغامدي, جدا جدا, رائع",15
57844954298977608,S25120024,300,"رأيك يهمنا، فضلاً شاركنا تعليق او مقترح يساعد في تحسين التجربة",TEXT_INPUT,"السلام عليكم، تم التواصل مع الموظف طلال العنزي في وقت كان الموظف عبدالرحمن الهذيل في إجازة لكنه لم يتجاوب معي عبر المكالمة الهاتفية و عبر الواتساب.","السلام عليكم، تم التواصل مع الموظف طلال العنزي في وقت كان الموظف عبدالرحمن الهذيل في اجازه لكنه لم يتجاوب معي عبر المكالمه الهاتفيه و عبر الواتساب",neutral,"[{'text': 'طلال العنزي', 'label': 'شخص', 'score': 0.8635405898094177, 'start': 35, 'end': 46}, {'text': 'عبدالرحمن الهذيل', 'label': 'شخص', 'score': 0.8465390801429749, 'start': 65, 'end': 81}, {'text': 'اجازه', 'label': 'وقت', 'score': 0.48516345024108887, 'start': 85, 'end': 90}, {'text': 'المكالمه الهاتفيه', 'label': 'وقت', 'score': 0.4356633126735687, 'start': 114, 'end': 131}, {'text': 'الواتساب', 'label': 'مكان', 'score': 0.49183857440948486, 'start': 138, 'end': 146}]",متنوع,-1
40444236179809172,S25120024,300,"رأيك يهمنا، فضلاً شاركنا تعليق او مقترح يساعد في تحسين التجربة",TEXT_INPUT,الرجاء وضع رقم تواصل لخدمة قنوات,الرجاء وضع رقم تواصل لخدمه قنوات,neutral,"[{'text': 'الرجاء', 'label': 'شخص', 'score': 0.34591320157051086, 'start': 0, 'end': 6}, {'text': 'رقم تواصل', 'label': 'شخص', 'score': 0.37090498208999634, 'start': 11, 'end': 20}, {'text': 'قنوات', 'label': 'منظمة', 'score': 0.5886492133140564, 'start': 27, 'end': 32}]","الرجاء, رقم, توفير, تواصل, التاجر, الشركه, معي, التواصل, قنوات, نحتاج",4
44542869758170509,S25120024,300,"رأيك يهمنا، فضلاً شاركنا تعليق او مقترح يساعد في تحسين التجربة",TEXT_INPUT,الرجاء توفير رقم لخدمة التاجر من قنوات,الرجاء توفير رقم لخدمه التاجر قنوات,neutral,"[{'text': 'رقم', 'label': 'شخص', 'score': 0.46750006079673767, 'start': 13, 'end': 16}, {'text': 'التاجر', 'label': 'شخص', 'score': 0.6640232801437378, 'start': 23, 'end': 29}, {'text': 'قنوات', 'label': 'منظمة', 'score': 0.5307673215866089, 'start': 30, 'end': 35}]","الرجاء, رقم, توفير, تواصل, التاجر, الشركه, معي, التواصل, قنوات, نحتاج",4
44080085231609584,S25120024,300,"رأيك يهمنا، فضلاً شاركنا تعليق او مقترح يساعد في تحسين التجربة",TEXT_INPUT,الرجاء توفير رقم لخدمة التاجر,الرجاء توفير رقم لخدمه التاجر,neutral,"[{'text': 'رقم', 'label': 'شخص', 'score': 0.47798749804496765, 'start': 13, 'end': 16}, {'text': 'التاجر', 'label': 'شخص', 'score': 0.6999881863594055, 'start': 23, 'end': 29}]","الرجاء, رقم, توفير, تواصل, التاجر, الشركه, معي, التواصل, قنوات, نحتاج",4
40444184432341899,S25120024,300,"رأيك يهمنا، فضلاً شاركنا تعليق او مقترح يساعد في تحسين التجربة",TEXT_INPUT,الرجاء توفير أرقام تواصل مع الشركة قنوات  وتوفير مندوب خاص لمراقبة الأسعار في السوق,الرجاء توفير ارقام تواصل مع الشركه قنوات وتوفير مندوب خاص لمراقبه الاسعار في السوق,neutral,"[{'text': 'الشركه قنوات', 'label': 'منظمة', 'score': 0.622809886932373, 'start': 28, 'end': 40}, {'text': 'مندوب خاص', 'label': 'شخص', 'score': 0.7258064150810242, 'start': 48, 'end': 57}, {'text': 'الاسعار', 'label': 'حدث', 'score': 0.5679431557655334, 'start': 66, 'end': 73}, {'text': 'السوق', 'label': 'مكان', 'score': 0.7484982013702393, 'start': 77, 'end': 82}]","الرجاء, رقم, توفير, تواصل, التاجر, الشركه, معي, التواصل, قنوات, نحتاج",4
26102846903126701,S25120024,300,"رأيك يهمنا، فضلاً شاركنا تعليق او مقترح يساعد في تحسين التجربة",TEXT_INPUT,الرجاء التواصل معي يوجد لدي مشاكل,الرجاء التواصل معي يوجد لدي مشاكل,neutral,"[{'text': 'الرجاء', 'label': 'شخص', 'score': 0.40990588068962097, 'start': 0, 'end': 6}, {'text': 'لدي', 'label': 'شخص', 'score': 0.4483252167701721, 'start': 24, 'end': 27}, {'text': 'مشاكل', 'label': 'حدث', 'score': 0.5391997694969177, 'start': 28, 'end': 33}]","الرجاء, رقم, توفير, تواصل, التاجر, الشركه, معي, التواصل, قنوات, نحتاج",4
52363896174791844,S25120024,300,"رأيك يهمنا، فضلاً شاركنا تعليق او مقترح يساعد في تحسين التجربة",TEXT_INPUT,الرجاء التواصل معي من قبل مسؤول للاستفسار عن بعض النقلط,الرجاء التواصل معي قبل مسؤول للاستفسار عن بعض النقلط,neutral,"[{'text': 'الرجاء', 'label': 'شخص', 'score': 0.3620271682739258, 'start': 0, 'end': 6}, {'text': 'مسؤول', 'label': 'شخص', 'score': 0.8380510210990906, 'start': 23, 'end': 28}, {'text': 'النقلط', 'label': 'حدث', 'score': 0.504358172416687, 'start': 46, 'end': 52}]","الرجاء, رقم, توفير, تواصل, التاجر, الشركه, معي, التواصل, قنوات, نحتاج",4
22992137324352795,S25120024,300,"رأيك يهمنا، فضلاً شاركنا تعليق او مقترح يساعد في تحسين التجربة",TEXT_INPUT,الرجاء التواصل معي,الرجاء التواصل معي,neutral,"[{'text': 'الرجاء التواصل معي', 'label': 'شخص', 'score': 0.42284977436065674, 'start': 0, 'end': 18}]","الرجاء, رقم, توفير, تواصل, التاجر, الشركه, معي, التواصل, قنوات, نحتاج",4
28014909142808580,S25120024,300,"رأيك يهمنا، فضلاً شاركنا تعليق او مقترح يساعد في تحسين التجربة",TEXT_INPUT,الخدمة ممتازة والمندوب ممتاز ومتعاون جداً,الخدمه ممتازه والمندوب ممتاز ومتعاون جداً,positive,"[{'text': 'الخدمه', 'label': 'منتج', 'score': 0.5957388281822205, 'start': 0, 'end': 6}, {'text': 'والمندوب', 'label': 'شخص', 'score': 0.5640982389450073, 'start': 14, 'end': 22}]","ومتعاون, محترم, متعاون, ويستحق, موظف مثالي, وسريع, والمندوب, مثالي, ومحترم, موظف",0
52738097903986703,S25120024,300,"رأيك يهمنا، فضلاً شاركنا تعليق او مقترح يساعد في تحسين التجربة",TEXT_INPUT,الخدمة سريعه الانجاز شكرااااا,الخدمه سريعه الانجاز شكرااااا,positive,"[{'text': 'الخدمه', 'label': 'منتج', 'score': 0.6491726636886597, 'start': 0, 'end': 6}, {'text': 'سريعه', 'label': 'حدث', 'score': 0.30016443133354187, 'start': 7, 'end': 12}, {'text': 'الانجاز', 'label': 'حدث', 'score': 0.4708738327026367, 'start': 13, 'end': 20}, {'text': 'شكرااااا', 'label': 'شخص', 'score': 0.43359094858169556, 'start': 21, 'end': 29}]","شكرا لكم, لكم, لكم ولكن, سريعه, ماشالله, ولكن يوجد, يوجد ملاحظه, خدمات, رائعه, الخدمه",16
24812249891423105,S25120024,300,"رأيك يهمنا، فضلاً شاركنا تعليق او مقترح يساعد في تحسين التجربة",TEXT_INPUT,‏التعامل ممتاز جدا,التعامل ممتاز جدا,positive,"[{'text': 'التعامل', 'label': 'منتج', 'score': 0.4737502336502075, 'start': 0, 'end': 7}]","التعامل ممتاز, تعامل راقي, جدا ممتاز, رائع جدا, محل, مميز, ممتاز جدا, ممتاز, راقي, رائع",40
60092774425935744,S25120024,300,"رأيك يهمنا، فضلاً شاركنا تعليق او مقترح يساعد في تحسين التجربة",TEXT_INPUT,الاهتمام اكثر بالموزعين  وتوزيع البروشرات عليهم وسماع مقتراحاتهم ,الاهتمام اكثر بالموزعين وتوزيع البروشرات عليهم وسماع مقتراحاتهم,neutral,"[{'text': 'الاهتمام', 'label': 'حدث', 'score': 0.37671276926994324, 'start': 0, 'end': 8}, {'text': 'البروشرات', 'label': 'منتج', 'score': 0.6614587903022766, 'start': 31, 'end': 40}, {'text': 'مقتراحاتهم', 'label': 'حدث', 'score': 0.5621870756149292, 'start': 53, 'end': 63}]",متنوع,-1
22006427031726568,S25120024,300,"رأيك يهمنا، فضلاً شاركنا تعليق او مقترح يساعد في تحسين التجربة",TEXT_INPUT,الاستحابه بطيئه ,الاستحابه بطيئه,negative,"[{'text': 'الاستحابه', 'label': 'منتج', 'score': 0.4200795888900757, 'start': 0, 'end': 9}, {'text': 'بطيئه', 'label': 'حدث', 'score': 0.3135184943675995, 'start': 10, 'end': 15}]","شرايح, لايوجد, بطيئه, مره, الاستحابه, متوفره, اطلب, عدد, مشكله, الشرايح",17
18696640368502469,S25120024,300,"رأيك يهمنا، فضلاً شاركنا تعليق او مقترح يساعد في تحسين التجربة",TEXT_INPUT,الاستاذ محمد الشهراني رجل راقي و محترم ,الاستاذ محمد الشهراني رجل راقي و محترم,positive,"[{'text': 'الاستاذ محمد الشهراني', 'label': 'شخص', 'score': 0.8620189428329468, 'start': 0, 'end': 21}]",متنوع,-1
13188673458601148,S25120024,300,"رأيك يهمنا، فضلاً شاركنا تعليق او مقترح يساعد في تحسين التجربة",TEXT_INPUT,الاستاذ تركي يشكر على جهوده معنا ,الاستاذ تركي يشكر علي جهوده معنا,positive,"[{'text': 'الاستاذ تركي', 'label': 'شخص', 'score': 0.8771122097969055, 'start': 0, 'end': 12}, {'text': 'جهوده', 'label': 'حدث', 'score': 0.4446750581264496, 'start': 22, 'end': 27}]","المندوب تركي, نشكر المندوب, عبدالله علي, تركي عبدالله, المتابعه, علي المتابعه, عبدالله, حتي, المتابعه المستمره, نشكر",65
27897240196160040,S25120024,300,"رأيك يهمنا، فضلاً شاركنا تعليق او مقترح يساعد في تحسين التجربة",TEXT_INPUT,الأخ محمد مكرمي كان رجل  داعم وهو سبب لا اشغل معكم يعطيكم العافيه ,الاخ محمد مكرمي كان رجل داعم وهو سبب لا اشغل معكم يعطيكم العافيه,positive,"[{'text': 'محمد مكرمي', 'label': 'شخص', 'score': 0.855384111404419, 'start': 5, 'end': 15}]",متنوع,-1
,S25120024,300,"رأيك يهمنا، فضلاً شاركنا تعليق او مقترح يساعد في تحسين التجربة",TEXT_INPUT,اكملت 5 اشهر حتى يتفعل اليوزر,اكملت 5 اشهر حتي يتفعل اليوزر,negative,"[{'text': '5 اشهر', 'label': 'وقت', 'score': 0.6457462906837463, 'start': 6, 'end': 12}, {'text': 'اليوزر', 'label': 'منتج', 'score': 0.6509488224983215, 'start': 23, 'end': 29}]","اليوزر, وغير, طلب, تعليق, تعليق اليوزر, لو, متوفره, اشهر, كثره, وضع",72
15113135996890558,S25120024,300,"رأيك يهمنا، فضلاً شاركنا تعليق او مقترح يساعد في تحسين التجربة",TEXT_INPUT,اكثر من اسبوع اطلب شرايح ولايوجد الفرع لدي مغلق منذو ثلاثه ايام من سيعوضني,اكثر اسبوع اطلب شرايح ولايوجد الفرع لدي مغلق منذو ثلاثه ايام سيعوضني,neutral,"[{'text': 'اسبوع', 'label': 'وقت', 'score': 0.5391058921813965, 'start': 5, 'end': 10}, {'text': 'شرايح', 'label': 'منتج', 'score': 0.6443811655044556, 'start': 16, 'end': 21}, {'text': 'الفرع', 'label': 'مكان', 'score': 0.6183491945266724, 'start': 30, 'end': 35}, {'text': 'مغلق', 'label': 'حدث', 'score': 0.3154144585132599, 'start': 40, 'end': 44}, {'text': 'ثلاثه ايام', 'label': 'وقت', 'score': 0.6401095390319824, 'start': 50, 'end': 60}]","ولم, شرائح, نقل, الفرع, الرقم, اطلب, لي, اكثر, او, عرض",1
32670434246504387,S25120024,300,"رأيك يهمنا، فضلاً شاركنا تعليق او مقترح يساعد في تحسين التجربة",TEXT_INPUT,اقدع ناس ,اقدع ناس,positive,"[{'text': 'اقدع', 'label': 'شخص', 'score': 0.3374720811843872, 'start': 0, 'end': 4}, {'text': 'ناس', 'label': 'شخص', 'score': 0.5331414341926575, 'start': 5, 'end': 8}]","افضل, افضل مندوب, موظف, مندوب, , , , , , ",37
14806563500760119,S25120024,300,"رأيك يهمنا، فضلاً شاركنا تعليق او مقترح يساعد في تحسين التجربة",TEXT_INPUT,اقترح وجود دعم فني مباشر صوتي,اقترح وجود دعم فني مباشر صوتي,neutral,"[{'text': 'دعم فني مباشر صوتي', 'label': 'منظمة', 'score': 0.4590533673763275, 'start': 11, 'end': 29}]","الرجاء, رقم, توفير, تواصل, التاجر, الشركه, معي, التواصل, قنوات, نحتاج",4
34063082501168513,S25120024,300,"رأيك يهمنا، فضلاً شاركنا تعليق او مقترح يساعد في تحسين التجربة",TEXT_INPUT,افضل واسرع مندوب توصيل واخلاقه فايف ستار الله يوفقه,افضل واسرع مندوب توصيل واخلاقه فايف ستار الله يوفقه,positive,"[{'text': 'مندوب توصيل', 'label': 'شخص', 'score': 0.530102550983429, 'start': 11, 'end': 22}, {'text': 'فايف ستار', 'label': 'شخص', 'score': 0.652472734451294, 'start': 31, 'end': 40}, {'text': 'الله', 'label': 'شخص', 'score': 0.6977787613868713, 'start': 41, 'end': 45}]","مندوب, افضل, افضل الشركات, الله يوفقه, يوفقه, جدا ممتاز, تعاملت معه, تعاملت, وافضل مندوب, واخلاقه",25
33349881679474574,S25120024,300,"رأيك يهمنا، فضلاً شاركنا تعليق او مقترح يساعد في تحسين التجربة",TEXT_INPUT,افضل موظف في الشركه جدا ممتاز,افضل موظف في الشركه جدا ممتاز,positive,"[{'text': 'افضل موظف', 'label': 'شخص', 'score': 0.7468773722648621, 'start': 0, 'end': 9}, {'text': 'الشركه', 'label': 'منظمة', 'score': 0.7233162522315979, 'start': 13, 'end': 19}, {'text': 'ممتاز', 'label': 'شخص', 'score': 0.41415244340896606, 'start': 24, 'end': 29}]","مندوب, افضل, افضل الشركات, الله يوفقه, يوفقه, جدا ممتاز, تعاملت معه, تعاملت, وافضل مندوب, واخلاقه",25
26378973124978752,S25120024,300,"رأيك يهمنا، فضلاً شاركنا تعليق او مقترح يساعد في تحسين التجربة",TEXT_INPUT,افضل موظف في stc رضاء محمد له جزيل الشكر ,افضل موظف في رضاء محمد له جزيل الشكر,positive,"[{'text': 'افضل موظف', 'label': 'شخص', 'score': 0.601201057434082, 'start': 0, 'end': 9}, {'text': 'رضاء', 'label': 'منظمة', 'score': 0.48354393243789673, 'start': 13, 'end': 17}, {'text': 'محمد', 'label': 'شخص', 'score': 0.818026065826416, 'start': 18, 'end': 22}]","للمندوب, شكرا للمندوب, شكر للمندوب, للمندوب علي, وشكر, علي شكرا, رضاء محمد, سرعه الانجاز, لمندوب, وشكر خاص",10
30520063115649484,S25120024,300,"رأيك يهمنا، فضلاً شاركنا تعليق او مقترح يساعد في تحسين التجربة",TEXT_INPUT,افضل موظف عندكم,افضل موظف عندكم,positive,"[{'text': 'افضل موظف', 'label': 'شخص', 'score': 0.7594616413116455, 'start': 0, 'end': 9}, {'text': 'عندكم', 'label': 'شخص', 'score': 0.4912078380584717, 'start': 10, 'end': 15}]","وافضل مندوب, وافضل, افضل, افضل خدمه, افضل شركه, موزع, مندوب, افضل موظف, افضل مندوب, شركه",32
32175621138929365,S25120024,300,"رأيك يهمنا، فضلاً شاركنا تعليق او مقترح يساعد في تحسين التجربة",TEXT_INPUT,افضل موظف سرعة وانجاز ,افضل موظف سرعه وانجاز,positive,"[{'text': 'افضل موظف', 'label': 'شخص', 'score': 0.6939676403999329, 'start': 0, 'end': 9}, {'text': 'سرعه وانجاز', 'label': 'وقت', 'score': 0.3224653899669647, 'start': 10, 'end': 21}]",متنوع,-1
53000019616398207,S25120024,300,"رأيك يهمنا، فضلاً شاركنا تعليق او مقترح يساعد في تحسين التجربة",TEXT_INPUT,افضل موظف  متواصل معنا على طول,افضل موظف متواصل معنا علي طول,positive,"[{'text': 'افضل موظف', 'label': 'شخص', 'score': 0.7657378911972046, 'start': 0, 'end': 9}, {'text': 'طول', 'label': 'وقت', 'score': 0.3653560280799866, 'start': 26, 'end': 29}]",متنوع,-1
8374704346494917,S25120024,300,"رأيك يهمنا، فضلاً شاركنا تعليق او مقترح يساعد في تحسين التجربة",TEXT_INPUT,افضل موزع شرايح عرفه التاريخ ,افضل موزع شرايح عرفه التاريخ,positive,"[{'text': 'افضل موزع شرايح', 'label': 'منظمة', 'score': 0.5663920044898987, 'start': 0, 'end': 15}, {'text': 'التاريخ', 'label': 'تاريخ', 'score': 0.7120189070701599, 'start': 21, 'end': 28}]","وافضل مندوب, وافضل, افضل, افضل خدمه, افضل شركه, موزع, مندوب, افضل موظف, افضل مندوب, شركه",32
15407332253994987,S25120024,300,"رأيك يهمنا، فضلاً شاركنا تعليق او مقترح يساعد في تحسين التجربة",TEXT_INPUT,افضل مندوب ومحترم جدا والله يستاهل اكثر الله يسعده في لحضات تواصل معي واعطاني الشرائح,افضل مندوب ومحترم جدا والله يستاهل اكثر الله يسعده في لحضات تواصل معي واعطاني الشرائح,positive,"[{'text': 'افضل مندوب', 'label': 'شخص', 'score': 0.6628507375717163, 'start': 0, 'end': 10}, {'text': 'الله', 'label': 'شخص', 'score': 0.6821645498275757, 'start': 40, 'end': 44}, {'text': 'لحضات تواصل', 'label': 'حدث', 'score': 0.4774560034275055, 'start': 54, 'end': 65}, {'text': 'معي', 'label': 'شخص', 'score': 0.31967127323150635, 'start': 66, 'end': 69}, {'text': 'الشرائح', 'label': 'منتج', 'score': 0.5666772127151489, 'start': 78, 'end': 85}]","شيء, طيب, ومحترم, مشاء, مشاء الله, عيد القحطاني, الاخ محمد, عيد, رجل راقي, ودايما",57
33727391141138229,S25120024,300,"رأيك يهمنا، فضلاً شاركنا تعليق او مقترح يساعد في تحسين التجربة",TEXT_INPUT,افضل مندوب مر على الاتصالات ,افضل مندوب مر علي الاتصالات,positive,"[{'text': 'افضل مندوب', 'label': 'شخص', 'score': 0.6710076928138733, 'start': 0, 'end': 10}, {'text': 'الاتصالات', 'label': 'منظمة', 'score': 0.6450645923614502, 'start': 18, 'end': 27}]","مندوب مر, مر, افضل مندوب, علي الاتصالات, مر علينا, يوم, عليه, والله, مندوب, افضل",66
47557682229204614,S25120024,300,"رأيك يهمنا، فضلاً شاركنا تعليق او مقترح يساعد في تحسين التجربة",TEXT_INPUT,افضل مندوب مبيعات الأستاذ محمد الجاسر ,افضل مندوب مبيعات الاستاذ محمد الجاسر,neutral,"[{'text': 'افضل مندوب مبيعات', 'label': 'شخص', 'score': 0.4808448255062103, 'start': 0, 'end': 17}, {'text': 'الاستاذ محمد الجاسر', 'label': 'شخص', 'score': 0.7763962745666504, 'start': 18, 'end': 37}]","مبيعات, سلطان رابح, يحي الرشيدي, موظف متميز, الجاسر, الاستاذ محمد, رابح, تركي المعاوي, يحي, موظف مثالي",58
56207467307166659,S25120024,300,"رأيك يهمنا، فضلاً شاركنا تعليق او مقترح يساعد في تحسين التجربة",TEXT_INPUT,افضل مندوب قد مر عليه,افضل مندوب قد مر عليه,positive,"[{'text': 'افضل مندوب', 'label': 'شخص', 'score': 0.7068794369697571, 'start': 0, 'end': 10}]","مندوب مر, مر, افضل مندوب, علي الاتصالات, مر علينا, يوم, عليه, والله, مندوب, افضل",66
19462665015569591,S25120024,300,"رأيك يهمنا، فضلاً شاركنا تعليق او مقترح يساعد في تحسين التجربة",TEXT_INPUT,افضل مندوب في شركة قنوات الاتصالات علي بن محمد شنيمر,افضل مندوب في شركه قنوات الاتصالات علي بن محمد شنيمر,positive,"[{'text': 'افضل مندوب', 'label': 'شخص', 'score': 0.30693623423576355, 'start': 0, 'end': 10}, {'text': 'شركه قنوات الاتصالات', 'label': 'منظمة', 'score': 0.7644646167755127, 'start': 14, 'end': 34}, {'text': 'علي بن محمد شنيمر', 'label': 'شخص', 'score': 0.741153359413147, 'start': 35, 'end': 52}]","محمد, شركه قنوات, عبدالله العنزي, محمد عبدالله, محمد الزهراني, العنزي للاتصالات, اوصي, دائما, افضل خدمه, الاتصالات علي",80
27229219868150900,S25120024,300,"رأيك يهمنا، فضلاً شاركنا تعليق او مقترح يساعد في تحسين التجربة",TEXT_INPUT,افضل مندوب عرفه التاريخ ,افضل مندوب عرفه التاريخ,positive,"[{'text': 'افضل مندوب', 'label': 'شخص', 'score': 0.699899435043335, 'start': 0, 'end': 10}, {'text': 'التاريخ', 'label': 'تاريخ', 'score': 0.7568468451499939, 'start': 16, 'end': 23}]","وافضل مندوب, وافضل, افضل, افضل خدمه, افضل شركه, موزع, مندوب, افضل موظف, افضل مندوب, شركه",32
2598455087817972,S25120024,300,"رأيك يهمنا، فضلاً شاركنا تعليق او مقترح يساعد في تحسين التجربة",TEXT_INPUT,افضل مندوب الله يوفقك ,افضل مندوب الله يوفقك,positive,"[{'text': 'افضل مندوب', 'label': 'شخص', 'score': 0.6646343469619751, 'start': 0, 'end': 10}, {'text': 'الله', 'label': 'شخص', 'score': 0.4183438718318939, 'start': 11, 'end': 15}]",متنوع,-1
22739402221425853,S25120024,300,"رأيك يهمنا، فضلاً شاركنا تعليق او مقترح يساعد في تحسين التجربة",TEXT_INPUT,افضل مندوب ,افضل مندوب,neutral,"[{'text': 'افضل مندوب', 'label': 'شخص', 'score': 0.6398086547851562, 'start': 0, 'end': 10}]","افضل, افضل مندوب, موظف, مندوب, , , , , , ",37
9473052347966498,S25120024,300,"رأيك يهمنا، فضلاً شاركنا تعليق او مقترح يساعد في تحسين التجربة",TEXT_INPUT,افضل من تعاملت معه إدارة وموظفين . وخاصة منصور الشهراني وعبدالرحمن الشهراني خير من تعاملت معه ,افضل تعاملت معه اداره وموظفين وخاصه منصور الشهراني وعبدالرحمن الشهراني خير تعاملت معه,positive,"[{'text': 'اداره', 'label': 'منظمة', 'score': 0.7559285759925842, 'start': 16, 'end': 21}, {'text': 'منصور الشهراني', 'label': 'شخص', 'score': 0.9007561802864075, 'start': 36, 'end': 50}, {'text': 'الشهراني', 'label': 'شخص', 'score': 0.4209572672843933, 'start': 62, 'end': 70}]",متنوع,-1
29137434483783165,S25120024,300,"رأيك يهمنا، فضلاً شاركنا تعليق او مقترح يساعد في تحسين التجربة",TEXT_INPUT,افضل شركة وافضل مندوب,افضل شركه وافضل مندوب,neutral,"[{'text': 'افضل شركه', 'label': 'منظمة', 'score': 0.6062977313995361, 'start': 0, 'end': 9}, {'text': 'مندوب', 'label': 'شخص', 'score': 0.5799359083175659, 'start': 16, 'end': 21}]","وافضل مندوب, وافضل, افضل, افضل خدمه, افضل شركه, موزع, مندوب, افضل موظف, افضل مندوب, شركه",32
26013527769095253,S25120024,300,"رأيك يهمنا، فضلاً شاركنا تعليق او مقترح يساعد في تحسين التجربة",TEXT_INPUT,افضل شركة stc الفتره الاخيره العمولات تتأخر فيها مشاكل,افضل شركه الفتره الاخيره العمولات تتاخر فيها مشاكل,neutral,"[{'text': 'افضل شركه', 'label': 'منظمة', 'score': 0.6605502963066101, 'start': 0, 'end': 9}, {'text': 'الفتره الاخيره', 'label': 'وقت', 'score': 0.6330176591873169, 'start': 10, 'end': 24}, {'text': 'العمولات', 'label': 'منتج', 'score': 0.6049482226371765, 'start': 25, 'end': 33}, {'text': 'مشاكل', 'label': 'حدث', 'score': 0.4981901943683624, 'start': 45, 'end': 50}]",متنوع,-1
44109334741760497,S25120024,300,"رأيك يهمنا، فضلاً شاركنا تعليق او مقترح يساعد في تحسين التجربة",TEXT_INPUT,افضل خدمه مقدمه من المندوب محمد الزهراني ,افضل خدمه مقدمه المندوب محمد الزهراني,neutral,"[{'text': 'افضل خدمه', 'label': 'منظمة', 'score': 0.48351263999938965, 'start': 0, 'end': 9}, {'text': 'المندوب', 'label': 'شخص', 'score': 0.3962570130825043, 'start': 16, 'end': 23}, {'text': 'محمد الزهراني', 'label': 'شخص', 'score': 0.8046984672546387, 'start': 24, 'end': 37}]","محمد, شركه قنوات, عبدالله العنزي, محمد عبدالله, محمد الزهراني, العنزي للاتصالات, اوصي, دائما, افضل خدمه, الاتصالات علي",80
34764395112219815,S25120024,300,"رأيك يهمنا، فضلاً شاركنا تعليق او مقترح يساعد في تحسين التجربة",TEXT_INPUT,افضل خدمة وافضل مندوب,افضل خدمه وافضل مندوب,neutral,"[{'text': 'افضل خدمه', 'label': 'منظمة', 'score': 0.583591639995575, 'start': 0, 'end': 9}, {'text': 'مندوب', 'label': 'شخص', 'score': 0.5693609118461609, 'start': 16, 'end': 21}]","وافضل مندوب, وافضل, افضل, افضل خدمه, افضل شركه, موزع, مندوب, افضل موظف, افضل مندوب, شركه",32
21272401025088912,S25120024,300,"رأيك يهمنا، فضلاً شاركنا تعليق او مقترح يساعد في تحسين التجربة",TEXT_INPUT,افضل تعامل من المشرف زياد وافضل خدمه منكم ,افضل تعامل المشرف زياد وافضل خدمه منكم,positive,"[{'text': 'المشرف زياد', 'label': 'شخص', 'score': 0.8466776013374329, 'start': 11, 'end': 22}, {'text': 'خدمه', 'label': 'حدث', 'score': 0.45047250390052795, 'start': 29, 'end': 33}]",متنوع,-1
41526405705672222,S25120024,300,"رأيك يهمنا، فضلاً شاركنا تعليق او مقترح يساعد في تحسين التجربة",TEXT_INPUT,اطلع شريح تيشيرة يروح الفرع الموضف يرفض ينقله ع الاقامه ,اطلع شريح تيشيره يروح الفرع الموضف يرفض ينقله ع الاقامه,neutral,"[{'text': 'شريح', 'label': 'شخص', 'score': 0.810973584651947, 'start': 5, 'end': 9}, {'text': 'تيشيره', 'label': 'شخص', 'score': 0.444761723279953, 'start': 10, 'end': 16}, {'text': 'الفرع الموضف', 'label': 'منظمة', 'score': 0.6474289894104004, 'start': 22, 'end': 34}, {'text': 'الاقامه', 'label': 'مكان', 'score': 0.6516311168670654, 'start': 48, 'end': 55}]","ولم, شرائح, نقل, الفرع, الرقم, اطلب, لي, اكثر, او, عرض",1
55853094379117777,S25120024,300,"رأيك يهمنا، فضلاً شاركنا تعليق او مقترح يساعد في تحسين التجربة",TEXT_INPUT,اطلب عدد شرايح كبير ,اطلب عدد شرايح كبير,neutral,"[{'text': 'اطلب', 'label': 'شخص', 'score': 0.41634535789489746, 'start': 0, 'end': 4}, {'text': 'شرايح', 'label': 'منتج', 'score': 0.548263430595398, 'start': 9, 'end': 14}]","شرايح, لايوجد, بطيئه, مره, الاستحابه, متوفره, اطلب, عدد, مشكله, الشرايح",17
,S25120024,300,"رأيك يهمنا، فضلاً شاركنا تعليق او مقترح يساعد في تحسين التجربة",TEXT_INPUT,اطالب بمكينه شحن ولم اتنمكن نن الحصول عليهل,اطالب بمكينه شحن ولم اتنمكن نن الحصول عليهل,neutral,"[{'text': 'اطالب', 'label': 'شخص', 'score': 0.6413400173187256, 'start': 0, 'end': 5}, {'text': 'شحن', 'label': 'منتج', 'score': 0.4738868176937103, 'start': 13, 'end': 16}, {'text': 'اتنمكن', 'label': 'شخص', 'score': 0.4029980003833771, 'start': 21, 'end': 27}, {'text': 'الحصول عليهل', 'label': 'حدث', 'score': 0.3114241361618042, 'start': 31, 'end': 43}]","ولم, شرائح, نقل, الفرع, الرقم, اطلب, لي, اكثر, او, عرض",1
14554794467920567,S25120024,300,"رأيك يهمنا، فضلاً شاركنا تعليق او مقترح يساعد في تحسين التجربة",TEXT_INPUT,اضافه عمولة الشحن لمقدم الخدمه للعميل أثناء الشحن من قبل العميل بكرت في وقت لاحق ,اضافه عموله الشحن لمقدم الخدمه للعميل اثناء الشحن قبل العميل بكرت في وقت لاحق,neutral,"[{'text': 'الشحن', 'label': 'حدث', 'score': 0.5432215332984924, 'start': 12, 'end': 17}, {'text': 'الشحن', 'label': 'حدث', 'score': 0.656700849533081, 'start': 44, 'end': 49}, {'text': 'العميل', 'label': 'شخص', 'score': 0.8817437291145325, 'start': 54, 'end': 60}, {'text': 'وقت لاحق', 'label': 'وقت', 'score': 0.5230284333229065, 'start': 69, 'end': 77}]","الشحن, العميل, شحن, اضافه, قبل, عموله, وقت, للعميل, الخدمه, ",33
58269489958991711,S25120024,300,"رأيك يهمنا، فضلاً شاركنا تعليق او مقترح يساعد في تحسين التجربة",TEXT_INPUT,اضافه عمولة الشحن لمقدم الخدمه للعميل أثناء الشحن من قبل العميل بكرت شحن في وقت لاحق ,اضافه عموله الشحن لمقدم الخدمه للعميل اثناء الشحن قبل العميل بكرت شحن في وقت لاحق,neutral,"[{'text': 'الشحن', 'label': 'حدث', 'score': 0.49493208527565, 'start': 12, 'end': 17}, {'text': 'الشحن', 'label': 'حدث', 'score': 0.646638035774231, 'start': 44, 'end': 49}, {'text': 'العميل', 'label': 'شخص', 'score': 0.8840631246566772, 'start': 54, 'end': 60}, {'text': 'شحن', 'label': 'منتج', 'score': 0.4525674879550934, 'start': 66, 'end': 69}, {'text': 'وقت لاحق', 'label': 'وقت', 'score': 0.5106909275054932, 'start': 73, 'end': 81}]","الشحن, العميل, شحن, اضافه, قبل, عموله, وقت, للعميل, الخدمه, ",33
20326779834775512,S25120024,300,"رأيك يهمنا، فضلاً شاركنا تعليق او مقترح يساعد في تحسين التجربة",TEXT_INPUT,اضافه عمولة الشحن لمقدم الخدمه أثناء شحن الرصيد من قبل العميل بكرت في وقت لاحق ,اضافه عموله الشحن لمقدم الخدمه اثناء شحن الرصيد قبل العميل بكرت في وقت لاحق,neutral,"[{'text': 'عموله الشحن', 'label': 'حدث', 'score': 0.481411337852478, 'start': 6, 'end': 17}, {'text': 'الخدمه', 'label': 'منظمة', 'score': 0.3141626715660095, 'start': 24, 'end': 30}, {'text': 'شحن', 'label': 'حدث', 'score': 0.3272536098957062, 'start': 37, 'end': 40}, {'text': 'الرصيد', 'label': 'منتج', 'score': 0.566292405128479, 'start': 41, 'end': 47}, {'text': 'العميل', 'label': 'شخص', 'score': 0.8673759698867798, 'start': 52, 'end': 58}, {'text': 'وقت لاحق', 'label': 'وقت', 'score': 0.5328323245048523, 'start': 67, 'end': 75}]","الشحن, العميل, شحن, اضافه, قبل, عموله, وقت, للعميل, الخدمه, ",33
35873628711916850,S25120024,300,"رأيك يهمنا، فضلاً شاركنا تعليق او مقترح يساعد في تحسين التجربة",TEXT_INPUT,اضافه عمولة الشحن لمقدم الخدمه أثناء شحن الرصيد من قبل العميل بكرت شحن في وقت لاحق ,اضافه عموله الشحن لمقدم الخدمه اثناء شحن الرصيد قبل العميل بكرت شحن في وقت لاحق,neutral,"[{'text': 'عموله الشحن', 'label': 'حدث', 'score': 0.4825555086135864, 'start': 6, 'end': 17}, {'text': 'الخدمه', 'label': 'منظمة', 'score': 0.31015893816947937, 'start': 24, 'end': 30}, {'text': 'شحن', 'label': 'حدث', 'score': 0.3411983847618103, 'start': 37, 'end': 40}, {'text': 'الرصيد', 'label': 'منتج', 'score': 0.5660309195518494, 'start': 41, 'end': 47}, {'text': 'العميل', 'label': 'شخص', 'score': 0.8776738047599792, 'start': 52, 'end': 58}, {'text': 'شحن', 'label': 'منتج', 'score': 0.41943493485450745, 'start': 64, 'end': 67}, {'text': 'وقت لاحق', 'label': 'وقت', 'score': 0.516240119934082, 'start': 71, 'end': 79}]","الشحن, العميل, شحن, اضافه, قبل, عموله, وقت, للعميل, الخدمه, ",33
54641075042893542,S25120024,300,"رأيك يهمنا، فضلاً شاركنا تعليق او مقترح يساعد في تحسين التجربة",TEXT_INPUT,اضافه عمولة أثناء الشحن من قبل العميل ال,اضافه عموله اثناء الشحن قبل العميل ال,neutral,"[{'text': 'اضافه عموله', 'label': 'حدث', 'score': 0.40791118144989014, 'start': 0, 'end': 11}, {'text': 'الشحن', 'label': 'حدث', 'score': 0.6122027039527893, 'start': 18, 'end': 23}, {'text': 'العميل', 'label': 'شخص', 'score': 0.8105636239051819, 'start': 28, 'end': 34}]","الشحن, العميل, شحن, اضافه, قبل, عموله, وقت, للعميل, الخدمه, ",33
46439407680061467,S25120024,300,"رأيك يهمنا، فضلاً شاركنا تعليق او مقترح يساعد في تحسين التجربة",TEXT_INPUT,اشكركم واشكر المندوب راكان العتيبي على السوبه وتعالمله الراقي,اشكركم واشكر المندوب راكان العتيبي علي السوبه وتعالمله الراقي,positive,"[{'text': 'المندوب', 'label': 'شخص', 'score': 0.3502471148967743, 'start': 13, 'end': 20}, {'text': 'راكان العتيبي', 'label': 'شخص', 'score': 0.8874054551124573, 'start': 21, 'end': 34}, {'text': 'السوبه', 'label': 'منتج', 'score': 0.6041051745414734, 'start': 39, 'end': 45}]",متنوع,-1
46361321781867104,S25120024,300,"رأيك يهمنا، فضلاً شاركنا تعليق او مقترح يساعد في تحسين التجربة",TEXT_INPUT,اشكركم على حسن تعاونكم ,اشكركم علي حسن تعاونكم,positive,"[{'text': 'اشكركم', 'label': 'شخص', 'score': 0.4925277829170227, 'start': 0, 'end': 6}, {'text': 'تعاونكم', 'label': 'حدث', 'score': 0.37680819630622864, 'start': 15, 'end': 22}]","شاكر, حسن تعاملكم, اشكركم علي, تعاملكم شاكر, تعاملكم, اشكركم, علي حسن, حسن, شكرا علي, لكم",85
47069764453003909,S25120024,300,"رأيك يهمنا، فضلاً شاركنا تعليق او مقترح يساعد في تحسين التجربة",TEXT_INPUT,اشكركم على السرعة والاستجابة والدعم المتواصل ,اشكركم علي السرعه والاستجابه والدعم المتواصل,positive,"[{'text': 'اشكركم', 'label': 'شخص', 'score': 0.6624872088432312, 'start': 0, 'end': 6}, {'text': 'السرعه', 'label': 'حدث', 'score': 0.43426916003227234, 'start': 11, 'end': 17}]","سرعه الاستجابه, علي سرعه, الاستجابه والمتابعه, تركي علي, الاستجابه, سرعه, والمتابعه, نشكر, تركي, والمتابعه المستمره",8
26201228294427730,S25120024,300,"رأيك يهمنا، فضلاً شاركنا تعليق او مقترح يساعد في تحسين التجربة",TEXT_INPUT,اشكرك الاستاذ احمد الرشيدي على سرعة الانجاز والتعاون ,اشكرك الاستاذ احمد الرشيدي علي سرعه الانجاز والتعاون,positive,"[{'text': 'الاستاذ احمد الرشيدي', 'label': 'شخص', 'score': 0.8479671478271484, 'start': 6, 'end': 26}, {'text': 'الانجاز', 'label': 'حدث', 'score': 0.5527592301368713, 'start': 36, 'end': 43}]",متنوع,-1
,S25120024,300,"رأيك يهمنا، فضلاً شاركنا تعليق او مقترح يساعد في تحسين التجربة",TEXT_INPUT,اشكرالموظف رضا الشمري على  سرعة تجاوبه ,اشكرالموظف رضا الشمري علي سرعه تجاوبه,positive,"[{'text': 'رضا الشمري', 'label': 'شخص', 'score': 0.8739162087440491, 'start': 11, 'end': 21}, {'text': 'سرعه', 'label': 'حدث', 'score': 0.4136904776096344, 'start': 26, 'end': 30}, {'text': 'تجاوبه', 'label': 'حدث', 'score': 0.45809999108314514, 'start': 31, 'end': 37}]",متنوع,-1
51095495293473320,S25120024,300,"رأيك يهمنا، فضلاً شاركنا تعليق او مقترح يساعد في تحسين التجربة",TEXT_INPUT,اشكر محمد الوهيبي وعبدالمجيد مشرفين منطقة الق,اشكر محمد الوهيبي وعبدالمجيد مشرفين منطقه الق,positive,"[{'text': 'محمد الوهيبي', 'label': 'شخص', 'score': 0.9280064105987549, 'start': 5, 'end': 17}, {'text': 'منطقه الق', 'label': 'مكان', 'score': 0.6897394061088562, 'start': 36, 'end': 45}]","علي تعاونه, تعاونه, محمد, علي حرصه, شكر خاص, المعاوي علي, حرصه, رضاء محمد, الوهيبي, المستمر",48
2677153305858142,S25120024,300,"رأيك يهمنا، فضلاً شاركنا تعليق او مقترح يساعد في تحسين التجربة",TEXT_INPUT,اشكر لكم حسن التعاون وشكر خاص للأستاذ فهد السليماني ,اشكر لكم حسن التعاون وشكر خاص للاستاذ فهد السليماني,positive,"[{'text': 'حسن التعاون', 'label': 'حدث', 'score': 0.40145277976989746, 'start': 9, 'end': 20}, {'text': 'فهد السليماني', 'label': 'شخص', 'score': 0.7549222111701965, 'start': 38, 'end': 51}]",متنوع,-1
46864810043200915,S25120024,300,"رأيك يهمنا، فضلاً شاركنا تعليق او مقترح يساعد في تحسين التجربة",TEXT_INPUT,اشكر سلطان على تعامله السريع وحرصه ,اشكر سلطان علي تعامله السريع وحرصه,positive,"[{'text': 'سلطان', 'label': 'شخص', 'score': 0.9288210272789001, 'start': 5, 'end': 10}, {'text': 'تعامله السريع', 'label': 'حدث', 'score': 0.4894683361053467, 'start': 15, 'end': 28}]","تعامله, حسن تعامله, اشكر الموظف, اشكر, استجابته, الموظف رضا, الشمري علي, رضا الشمري, رضا, علي حسن",11
14679477664227768,S25120024,300,"رأيك يهمنا، فضلاً شاركنا تعليق او مقترح يساعد في تحسين التجربة",TEXT_INPUT,اشكر الموظف نايف سعد العتيبي على مجهوده الطيب و هنيئا لكم على هذا الموظف ,اشكر الموظف نايف سعد العتيبي علي مجهوده الطيب و هنيئا لكم علي هذا الموظف,positive,"[{'text': 'الموظف', 'label': 'شخص', 'score': 0.3342028558254242, 'start': 5, 'end': 11}, {'text': 'نايف سعد العتيبي', 'label': 'شخص', 'score': 0.8844319581985474, 'start': 12, 'end': 28}, {'text': 'مجهوده', 'label': 'حدث', 'score': 0.3810323178768158, 'start': 33, 'end': 39}, {'text': 'الموظف', 'label': 'شخص', 'score': 0.5001674890518188, 'start': 66, 'end': 72}]",متنوع,-1
18953066635198373,S25120024,300,"رأيك يهمنا، فضلاً شاركنا تعليق او مقترح يساعد في تحسين التجربة",TEXT_INPUT,اشكر الموظف رضا الشمري على سرع سرعة الاستجابة ,اشكر الموظف رضا الشمري علي سرع سرعه الاستجابه,positive,"[{'text': 'الموظف', 'label': 'شخص', 'score': 0.32250577211380005, 'start': 5, 'end': 11}, {'text': 'رضا الشمري', 'label': 'شخص', 'score': 0.8657295107841492, 'start': 12, 'end': 22}, {'text': 'سرعه الاستجابه', 'label': 'حدث', 'score': 0.46783316135406494, 'start': 31, 'end': 45}]","العبدلي, الموظف طلال, علي سرعت, سرعت, عبدالكريم, طلال العنزي, الاستجابه اشكر, سرعه الاستجابه, طلال, العنزي",79
36468408186829800,S25120024,300,"رأيك يهمنا، فضلاً شاركنا تعليق او مقترح يساعد في تحسين التجربة",TEXT_INPUT,اشكر الموظف رضا الشمري على حسن تعامله وسرعة استجابته وفقك الله ,اشكر الموظف رضا الشمري علي حسن تعامله وسرعه استجابته وفقك الله,positive,"[{'text': 'الموظف', 'label': 'شخص', 'score': 0.33325284719467163, 'start': 5, 'end': 11}, {'text': 'رضا الشمري', 'label': 'شخص', 'score': 0.889557957649231, 'start': 12, 'end': 22}, {'text': 'تعامله', 'label': 'حدث', 'score': 0.47788065671920776, 'start': 31, 'end': 37}, {'text': 'استجابته', 'label': 'حدث', 'score': 0.3917347490787506, 'start': 44, 'end': 52}]","تعامله, حسن تعامله, اشكر الموظف, اشكر, استجابته, الموظف رضا, الشمري علي, رضا الشمري, رضا, علي حسن",11
26621287214629721,S25120024,300,"رأيك يهمنا، فضلاً شاركنا تعليق او مقترح يساعد في تحسين التجربة",TEXT_INPUT,اشكر الموظف رضا الشمري على حسن تعامله وسرعة استجابته,اشكر الموظف رضا الشمري علي حسن تعامله وسرعه استجابته,positive,"[{'text': 'الموظف', 'label': 'شخص', 'score': 0.3150952458381653, 'start': 5, 'end': 11}, {'text': 'رضا الشمري', 'label': 'شخص', 'score': 0.8723150491714478, 'start': 12, 'end': 22}, {'text': 'تعامله', 'label': 'حدث', 'score': 0.4908338785171509, 'start': 31, 'end': 37}, {'text': 'استجابته', 'label': 'حدث', 'score': 0.3516269326210022, 'start': 44, 'end': 52}]","تعامله, حسن تعامله, اشكر الموظف, اشكر, استجابته, الموظف رضا, الشمري علي, رضا الشمري, رضا, علي حسن",11
18897696689954151,S25120024,300,"رأيك يهمنا، فضلاً شاركنا تعليق او مقترح يساعد في تحسين التجربة",TEXT_INPUT,اشكر الموظف رضا الشمري على حسن تعامله ورحابة صدره الرجل المناسب في المكان المناسب,اشكر الموظف رضا الشمري علي حسن تعامله ورحابه صدره الرجل المناسب في المكان المناسب,positive,"[{'text': 'الموظف', 'label': 'شخص', 'score': 0.37519383430480957, 'start': 5, 'end': 11}, {'text': 'رضا الشمري', 'label': 'شخص', 'score': 0.8796337842941284, 'start': 12, 'end': 22}, {'text': 'حسن', 'label': 'شخص', 'score': 0.4063068926334381, 'start': 27, 'end': 30}, {'text': 'تعامله', 'label': 'حدث', 'score': 0.48142626881599426, 'start': 31, 'end': 37}, {'text': 'الرجل المناسب', 'label': 'حدث', 'score': 0.3702642023563385, 'start': 50, 'end': 63}, {'text': 'المكان المناسب', 'label': 'مكان', 'score': 0.5317912697792053, 'start': 67, 'end': 81}]","تعامله, حسن تعامله, اشكر الموظف, اشكر, استجابته, الموظف رضا, الشمري علي, رضا الشمري, رضا, علي حسن",11
58280769205840403,S25120024,300,"رأيك يهمنا، فضلاً شاركنا تعليق او مقترح يساعد في تحسين التجربة",TEXT_INPUT,اشكر الموظف راكان العتيبي على حسن تعامله وسرعة  الاستجابة ,اشكر الموظف راكان العتيبي علي حسن تعامله وسرعه الاستجابه,positive,"[{'text': 'الموظف', 'label': 'شخص', 'score': 0.36944103240966797, 'start': 5, 'end': 11}, {'text': 'راكان العتيبي', 'label': 'شخص', 'score': 0.8928863406181335, 'start': 12, 'end': 25}, {'text': 'تعامله', 'label': 'حدث', 'score': 0.468796968460083, 'start': 34, 'end': 40}, {'text': 'الاستجابه', 'label': 'حدث', 'score': 0.32414406538009644, 'start': 47, 'end': 56}]","تعامله, حسن تعامله, اشكر الموظف, اشكر, استجابته, الموظف رضا, الشمري علي, رضا الشمري, رضا, علي حسن",11
51193849056656202,S25120024,300,"رأيك يهمنا، فضلاً شاركنا تعليق او مقترح يساعد في تحسين التجربة",TEXT_INPUT,اشكر الموظف راكان العتيبي على حسن تعامله ,اشكر الموظف راكان العتيبي علي حسن تعامله,positive,"[{'text': 'الموظف', 'label': 'شخص', 'score': 0.3400236964225769, 'start': 5, 'end': 11}, {'text': 'راكان العتيبي', 'label': 'شخص', 'score': 0.8924785256385803, 'start': 12, 'end': 25}, {'text': 'حسن', 'label': 'حدث', 'score': 0.34898820519447327, 'start': 30, 'end': 33}, {'text': 'تعامله', 'label': 'حدث', 'score': 0.495890349149704, 'start': 34, 'end': 40}]",متنوع,-1
19472905099190952,S25120024,300,"رأيك يهمنا، فضلاً شاركنا تعليق او مقترح يساعد في تحسين التجربة",TEXT_INPUT,اشكر الموظف القدير الاخ ثابت الحزوبر  على الاخلاق العاليه والاحترافيه في اداء مهامه لكم جزيل الشكر والتقدير,اشكر الموظف القدير الاخ ثابت الحزوبر علي الاخلاق العاليه والاحترافيه في اداء مهامه لكم جزيل الشكر والتقدير,positive,"[{'text': 'الموظف القدير', 'label': 'شخص', 'score': 0.44455260038375854, 'start': 5, 'end': 18}, {'text': 'ثابت الحزوبر', 'label': 'شخص', 'score': 0.7822809815406799, 'start': 24, 'end': 36}]","جزيل, جزيل الشكر, اداء, والخدمه, عيد القحطاني, الرائع, السريعه, تعاملنا, القدير, العاليه",78
13021343072968719,S25120024,300,"رأيك يهمنا، فضلاً شاركنا تعليق او مقترح يساعد في تحسين التجربة",TEXT_INPUT,اشكر المندوب سعود القحطاني على التعامل والخدمه المميزه,اشكر المندوب سعود القحطاني علي التعامل والخدمه المميزه,positive,"[{'text': 'المندوب', 'label': 'شخص', 'score': 0.3188420832157135, 'start': 5, 'end': 12}, {'text': 'سعود القحطاني', 'label': 'شخص', 'score': 0.836199939250946, 'start': 13, 'end': 26}, {'text': 'التعامل', 'label': 'حدث', 'score': 0.3319908082485199, 'start': 31, 'end': 38}]",متنوع,-1
28090231170861766,S25120024,300,"رأيك يهمنا، فضلاً شاركنا تعليق او مقترح يساعد في تحسين التجربة",TEXT_INPUT,اشكر المندوب رضا الشمري على حرصه وحسن تعامله ,اشكر المندوب رضا الشمري علي حرصه وحسن تعامله,positive,"[{'text': 'المندوب', 'label': 'شخص', 'score': 0.3681112825870514, 'start': 5, 'end': 12}, {'text': 'رضا الشمري', 'label': 'شخص', 'score': 0.8374327421188354, 'start': 13, 'end': 23}, {'text': 'حرصه', 'label': 'حدث', 'score': 0.42019087076187134, 'start': 28, 'end': 32}, {'text': 'تعامله', 'label': 'حدث', 'score': 0.3755665421485901, 'start': 38, 'end': 44}]","تعامله, حسن تعامله, اشكر الموظف, اشكر, استجابته, الموظف رضا, الشمري علي, رضا الشمري, رضا, علي حسن",11
48169276777643967,S25120024,300,"رأيك يهمنا، فضلاً شاركنا تعليق او مقترح يساعد في تحسين التجربة",TEXT_INPUT,اشكر المندرب رضاء محمد الشمري على تعاونه المستمر  ,اشكر المندرب رضاء محمد الشمري علي تعاونه المستمر,positive,"[{'text': 'المندرب', 'label': 'شخص', 'score': 0.3996265232563019, 'start': 5, 'end': 12}, {'text': 'محمد الشمري', 'label': 'شخص', 'score': 0.6556139588356018, 'start': 18, 'end': 29}, {'text': 'تعاونه المستمر', 'label': 'حدث', 'score': 0.34376347064971924, 'start': 34, 'end': 48}]","علي تعاونه, تعاونه, محمد, علي حرصه, شكر خاص, المعاوي علي, حرصه, رضاء محمد, الوهيبي, المستمر",48
18759554926538589,S25120024,300,"رأيك يهمنا، فضلاً شاركنا تعليق او مقترح يساعد في تحسين التجربة",TEXT_INPUT,اشكر الاخ مدير منطقة القصيم سلطان العهربي والاخ المشرف عبدالمجيد والاخ المشرف المسداني القدير الوهيبي,اشكر الاخ مدير منطقه القصيم سلطان العهربي والاخ المشرف عبدالمجيد والاخ المشرف المسداني القدير الوهيبي,positive,"[{'text': 'منطقه القصيم', 'label': 'مكان', 'score': 0.6339842081069946, 'start': 15, 'end': 27}, {'text': 'سلطان العهربي', 'label': 'شخص', 'score': 0.7845130562782288, 'start': 28, 'end': 41}, {'text': 'عبدالمجيد', 'label': 'شخص', 'score': 0.7624258399009705, 'start': 55, 'end': 64}, {'text': 'المسداني', 'label': 'منظمة', 'score': 0.3454786241054535, 'start': 78, 'end': 86}, {'text': 'القدير الوهيبي', 'label': 'شخص', 'score': 0.7069225907325745, 'start': 87, 'end': 101}]",متنوع,-1
58360426517593725,S25120024,300,"رأيك يهمنا، فضلاً شاركنا تعليق او مقترح يساعد في تحسين التجربة",TEXT_INPUT,اشكر اخوي عبد الرحمن ماشاء الله سريع في توصيل الطلب,اشكر اخوي عبد الرحمن ماشاء الله سريع في توصيل الطلب,positive,"[{'text': 'اخوي', 'label': 'شخص', 'score': 0.37330442667007446, 'start': 5, 'end': 9}, {'text': 'عبد الرحمن', 'label': 'شخص', 'score': 0.8450984954833984, 'start': 10, 'end': 20}, {'text': 'سريع', 'label': 'حدث', 'score': 0.3256275951862335, 'start': 32, 'end': 36}, {'text': 'الطلب', 'label': 'حدث', 'score': 0.5069602131843567, 'start': 46, 'end': 51}]","الطلب, فهد, الرحمن, اشكر اخوي, اشكره, مشاء, سرعه التواصل, واللنجاز, عبد الرحمن, مشاء الله",55
31708063833552359,S25120024,300,"رأيك يهمنا، فضلاً شاركنا تعليق او مقترح يساعد في تحسين التجربة",TEXT_INPUT,اشكر اخوي خالد على سرعة تجاوبة,اشكر اخوي خالد علي سرعه تجاوبه,positive,"[{'text': 'اخوي', 'label': 'شخص', 'score': 0.38257092237472534, 'start': 5, 'end': 9}, {'text': 'خالد', 'label': 'شخص', 'score': 0.7966214418411255, 'start': 10, 'end': 14}, {'text': 'علي', 'label': 'شخص', 'score': 0.477419376373291, 'start': 15, 'end': 18}, {'text': 'تجاوبه', 'label': 'حدث', 'score': 0.38044869899749756, 'start': 24, 'end': 30}]",متنوع,-1
18168597130580595,S25120024,300,"رأيك يهمنا، فضلاً شاركنا تعليق او مقترح يساعد في تحسين التجربة",TEXT_INPUT,اشكر احمد على حسن التعامل ,اشكر احمد علي حسن التعامل,positive,"[{'text': 'احمد علي حسن', 'label': 'شخص', 'score': 0.8825494050979614, 'start': 5, 'end': 17}, {'text': 'التعامل', 'label': 'حدث', 'score': 0.4321146011352539, 'start': 18, 'end': 25}]","حسن, تعاونه, تعمل ممتاز, حسن تعاملكم, شاكر, تعاملكم شاكر, لكم حسن, حسن التعاون, وشكرا علي, تعاملكم",28
53343559064974653,S25120024,300,"رأيك يهمنا، فضلاً شاركنا تعليق او مقترح يساعد في تحسين التجربة",TEXT_INPUT,اسعار الاشتراك غاليه مقارنه بالشركات الثانيه,اسعار الاشتراك غاليه مقارنه بالشركات الثانيه,neutral,"[{'text': 'اسعار الاشتراك', 'label': 'منتج', 'score': 0.46435219049453735, 'start': 0, 'end': 14}]","زياده, كبيره, اسعار, الطلب, وشكرا لكم, اللي, الشركات الاخري, بي, الشرائح, الباقات",24
,S25120024,300,"رأيك يهمنا، فضلاً شاركنا تعليق او مقترح يساعد في تحسين التجربة",TEXT_INPUT,اريد زيادة الشرايح الاتصال واريد تغير المندوب,اريد زياده الشرايح الاتصال واريد تغير المندوب,neutral,"[{'text': 'الشرايح', 'label': 'منتج', 'score': 0.4761214256286621, 'start': 11, 'end': 18}, {'text': 'الاتصال', 'label': 'منتج', 'score': 0.5484034419059753, 'start': 19, 'end': 26}, {'text': 'المندوب', 'label': 'شخص', 'score': 0.784035861492157, 'start': 38, 'end': 45}]","ولم, شرائح, نقل, الفرع, الرقم, اطلب, لي, اكثر, او, عرض",1
59440629270075776,S25120024,300,"رأيك يهمنا، فضلاً شاركنا تعليق او مقترح يساعد في تحسين التجربة",TEXT_INPUT,ارجوا توفير العدد المطلوب من الشرايع ,ارجوا توفير العدد المطلوب الشرايع,neutral,"[{'text': 'ارجوا', 'label': 'شخص', 'score': 0.38191846013069153, 'start': 0, 'end': 5}, {'text': 'العدد المطلوب', 'label': 'شخص', 'score': 0.3592403829097748, 'start': 12, 'end': 25}, {'text': 'الشرايع', 'label': 'منتج', 'score': 0.5030114054679871, 'start': 26, 'end': 33}]","الرجاء, رقم, توفير, تواصل, التاجر, الشركه, معي, التواصل, قنوات, نحتاج",4
39976423567409452,S25120024,300,"رأيك يهمنا، فضلاً شاركنا تعليق او مقترح يساعد في تحسين التجربة",TEXT_INPUT,ارجو اضافات عرض عمولات الستين في المئةوايضا نقل ملكية من الرقم الحدود إلى الاقامة,ارجو اضافات عرض عمولات الستين في المئهوايضا نقل ملكيه الرقم الحدود الي الاقامه,neutral,"[{'text': 'ارجو اضافات', 'label': 'شخص', 'score': 0.3944673240184784, 'start': 0, 'end': 11}, {'text': 'عمولات', 'label': 'حدث', 'score': 0.3628584146499634, 'start': 16, 'end': 22}, {'text': 'الستين في المئهوايضا', 'label': 'حدث', 'score': 0.4622367024421692, 'start': 23, 'end': 43}, {'text': 'ملكيه', 'label': 'حدث', 'score': 0.3748072683811188, 'start': 48, 'end': 53}, {'text': 'الرقم الحدود', 'label': 'منتج', 'score': 0.45623892545700073, 'start': 54, 'end': 66}, {'text': 'الاقامه', 'label': 'مكان', 'score': 0.6253464221954346, 'start': 71, 'end': 78}]","ولم, شرائح, نقل, الفرع, الرقم, اطلب, لي, اكثر, او, عرض",1
17300410466867901,S25120024,300,"رأيك يهمنا، فضلاً شاركنا تعليق او مقترح يساعد في تحسين التجربة",TEXT_INPUT,ادارة ومناديب كلهم محترمين,اداره ومناديب كلهم محترمين,positive,"[{'text': 'اداره', 'label': 'منظمة', 'score': 0.7042670845985413, 'start': 0, 'end': 5}, {'text': 'محترمين', 'label': 'شخص', 'score': 0.39190545678138733, 'start': 19, 'end': 26}]","ومتعاون, محترم, متعاون, ويستحق, موظف مثالي, وسريع, والمندوب, مثالي, ومحترم, موظف",0
12651352737139366,S25120024,300,"رأيك يهمنا، فضلاً شاركنا تعليق او مقترح يساعد في تحسين التجربة",TEXT_INPUT,احسن موظف,احسن موظف,positive,"[{'text': 'احسن موظف', 'label': 'شخص', 'score': 0.6945025324821472, 'start': 0, 'end': 9}]","افضل, افضل مندوب, موظف, مندوب, , , , , , ",37
20289566255085234,S25120024,300,"رأيك يهمنا، فضلاً شاركنا تعليق او مقترح يساعد في تحسين التجربة",TEXT_INPUT,احتكار شركة قنوات وعدم وجود منافس لها سبب رئيس في تباطوء عملية الاستجابه مع مشاكل التجار ,احتكار شركه قنوات وعدم وجود منافس لها سبب رئيس في تباطوء عمليه الاستجابه مع مشاكل التجار,negative,"[{'text': 'احتكار', 'label': 'حدث', 'score': 0.5101436376571655, 'start': 0, 'end': 6}, {'text': 'شركه قنوات', 'label': 'منظمة', 'score': 0.6804680228233337, 'start': 7, 'end': 17}, {'text': 'منافس', 'label': 'شخص', 'score': 0.5235435962677002, 'start': 28, 'end': 33}, {'text': 'عمليه الاستجابه', 'label': 'حدث', 'score': 0.5566111207008362, 'start': 57, 'end': 72}, {'text': 'مشاكل التجار', 'label': 'حدث', 'score': 0.5519053936004639, 'start': 76, 'end': 88}]","وعدم, ولا, بشكل, تم, بسبب, قنوات, ان, شريحه, الان, التجار",2
28803233452072709,S25120024,300,"رأيك يهمنا، فضلاً شاركنا تعليق او مقترح يساعد في تحسين التجربة",TEXT_INPUT,"احب ان اوجه شكري وتقديري للموظف خالد المطيري في محافظة المجمعة ، فهو خير مثال للتعاون والخدمة السريعة تعاملنا سويا اكثر من اربع سنوات اوجه له شكري الجزيل ","احب ان اوجه شكري وتقديري للموظف خالد المطيري في محافظه المجمعه ، فهو خير مثال للتعاون والخدمه السريعه تعاملنا سويا اكثر اربع سنوات اوجه له شكري الجزيل",positive,"[{'text': 'شكري', 'label': 'حدث', 'score': 0.4361589252948761, 'start': 12, 'end': 16}, {'text': 'خالد المطيري', 'label': 'شخص', 'score': 0.9061666131019592, 'start': 32, 'end': 44}, {'text': 'محافظه المجمعه', 'label': 'مكان', 'score': 0.7930506467819214, 'start': 48, 'end': 62}, {'text': 'اربع سنوات', 'label': 'وقت', 'score': 0.5705947279930115, 'start': 120, 'end': 130}, {'text': 'شكري', 'label': 'حدث', 'score': 0.5278017520904541, 'start': 139, 'end': 143}]","جزيل, جزيل الشكر, اداء, والخدمه, عيد القحطاني, الرائع, السريعه, تعاملنا, القدير, العاليه",78
14813252648525888,S25120024,300,"رأيك يهمنا، فضلاً شاركنا تعليق او مقترح يساعد في تحسين التجربة",TEXT_INPUT,اتمنى فيه الالتزام بالمسابقه وتسليم الجايئه فور اتتهاء المسابقه واعلان الفايز لانه في تعب شديد حصلنا في المسابقه على المنطقه الجنوبيه والى الان تهاون في الموضوع ولم يتم الاعلان,اتمني فيه الالتزام بالمسابقه وتسليم الجايئه فور اتتهاء المسابقه واعلان الفايز لانه في تعب شديد حصلنا في المسابقه علي المنطقه الجنوبيه والي الان تهاون في الموضوع ولم يتم الاعلان,negative,"[{'text': 'الجايئه', 'label': 'شخص', 'score': 0.5516132116317749, 'start': 36, 'end': 43}, {'text': 'المسابقه', 'label': 'حدث', 'score': 0.784568190574646, 'start': 55, 'end': 63}, {'text': 'الفايز', 'label': 'شخص', 'score': 0.6032794713973999, 'start': 71, 'end': 77}, {'text': 'المسابقه', 'label': 'حدث', 'score': 0.8036221861839294, 'start': 104, 'end': 112}, {'text': 'المنطقه الجنوبيه', 'label': 'مكان', 'score': 0.7892130613327026, 'start': 117, 'end': 133}, {'text': 'الان', 'label': 'وقت', 'score': 0.3018191158771515, 'start': 139, 'end': 143}, {'text': 'الاعلان', 'label': 'حدث', 'score': 0.5012949109077454, 'start': 169, 'end': 176}]","وعدم, ولا, بشكل, تم, بسبب, قنوات, ان, شريحه, الان, التجار",2
25587488912189480,S25120024,300,"رأيك يهمنا، فضلاً شاركنا تعليق او مقترح يساعد في تحسين التجربة",TEXT_INPUT,اتمنى في تكون معامله خاصه ومميزات للعملاء الاكثر مبيعا مثل خدمات ترفر المفوترر ومثلا خاصيه نقل المشغل  اتمنى تنظاف ,اتمني في تكون معامله خاصه ومميزات للعملاء الاكثر مبيعا مثل خدمات ترفر المفوترر ومثلا خاصيه نقل المشغل اتمني تنظاف,positive,"[{'text': 'اتمني', 'label': 'شخص', 'score': 0.3661113977432251, 'start': 0, 'end': 5}, {'text': 'معامله خاصه', 'label': 'حدث', 'score': 0.3031874895095825, 'start': 14, 'end': 25}, {'text': 'المفوترر', 'label': 'منتج', 'score': 0.5982194542884827, 'start': 70, 'end': 78}, {'text': 'خاصيه نقل المشغل', 'label': 'منتج', 'score': 0.45472437143325806, 'start': 85, 'end': 101}]",متنوع,-1
29997421486462262,S25120024,300,"رأيك يهمنا، فضلاً شاركنا تعليق او مقترح يساعد في تحسين التجربة",TEXT_INPUT,اتمنى صرف أجهزة تفعيل او تاب بسعر رمزي. او تنزيل البرنامج ع الآيفون ,اتمني صرف اجهزه تفعيل او تاب بسعر رمزي او تنزيل البرنامج ع الايفون,neutral,"[{'text': 'اتمني', 'label': 'شخص', 'score': 0.3928813636302948, 'start': 0, 'end': 5}, {'text': 'اجهزه تفعيل او تاب', 'label': 'منتج', 'score': 0.5656812787055969, 'start': 10, 'end': 28}, {'text': 'رمزي', 'label': 'حدث', 'score': 0.32086390256881714, 'start': 34, 'end': 38}, {'text': 'البرنامج', 'label': 'منتج', 'score': 0.6292398571968079, 'start': 48, 'end': 56}, {'text': 'الايفون', 'label': 'منتج', 'score': 0.582260251045227, 'start': 59, 'end': 66}]","او, تفعيل, تنزيل, تم تفعيل, سعر, جديده, ولم تنزل, تنزل, صرف, تكون",49
14227208220605752,S25120024,300,"رأيك يهمنا، فضلاً شاركنا تعليق او مقترح يساعد في تحسين التجربة",TEXT_INPUT,اتمنى تنزيل في نظام كويك بلس بعض الجنسيات الي ماهي متواجده مثل حصر ح وحصر ب  وحصر د في عملاء كثير راحو علينا ,اتمني تنزيل في نظام كويك بلس بعض الجنسيات الي ماهي متواجده مثل حصر ح وحصر ب وحصر د في عملاء كثير راحو علينا,neutral,"[{'text': 'تنزيل', 'label': 'حدث', 'score': 0.4291512370109558, 'start': 6, 'end': 11}, {'text': 'نظام كويك بلس', 'label': 'منظمة', 'score': 0.6775125861167908, 'start': 15, 'end': 28}, {'text': 'الجنسيات', 'label': 'شخص', 'score': 0.727420449256897, 'start': 33, 'end': 41}, {'text': 'حصر ح', 'label': 'حدث', 'score': 0.6020848155021667, 'start': 63, 'end': 68}, {'text': 'عملاء', 'label': 'شخص', 'score': 0.7701218128204346, 'start': 86, 'end': 91}]",متنوع,-1
47059987067623663,S25120024,300,"رأيك يهمنا، فضلاً شاركنا تعليق او مقترح يساعد في تحسين التجربة",TEXT_INPUT,اتعامل مع الاخ محمد يشهد الله رجل راقي ولا يتأخر في خدمتنا حتى خارج اوقات الدوام ,اتعامل مع الاخ محمد يشهد الله رجل راقي ولا يتاخر في خدمتنا حتي خارج اوقات الدوام,positive,"[{'text': 'الاخ محمد', 'label': 'شخص', 'score': 0.7976717948913574, 'start': 10, 'end': 19}, {'text': 'يشهد الله', 'label': 'شخص', 'score': 0.5007726550102234, 'start': 20, 'end': 29}, {'text': 'خدمتنا', 'label': 'حدث', 'score': 0.4853063225746155, 'start': 52, 'end': 58}, {'text': 'اوقات الدوام', 'label': 'وقت', 'score': 0.6008360981941223, 'start': 68, 'end': 80}]","شيء, طيب, ومحترم, مشاء, مشاء الله, عيد القحطاني, الاخ محمد, عيد, رجل راقي, ودايما",57
36298908964307076,S25120024,300,"رأيك يهمنا، فضلاً شاركنا تعليق او مقترح يساعد في تحسين التجربة",TEXT_INPUT,ابونايف الله يسعده متجاوب سريع,ابونايف الله يسعده متجاوب سريع,positive,"[{'text': 'ابونايف الله', 'label': 'شخص', 'score': 0.8296941518783569, 'start': 0, 'end': 12}]","ابو, الله يعطيه, يوفقه, انتم, الله يوفقه, جميع, يعطيه, المندوب تركي, احمد, الله يسعده",56
28608850611690126,S25120024,300,"رأيك يهمنا، فضلاً شاركنا تعليق او مقترح يساعد في تحسين التجربة",TEXT_INPUT,ابو نايف تعامله ممتاز وسريع الاستجابه,ابو نايف تعامله ممتاز وسريع الاستجابه,positive,"[{'text': 'ابو نايف', 'label': 'شخص', 'score': 0.9343111515045166, 'start': 0, 'end': 8}, {'text': 'ممتاز', 'label': 'حدث', 'score': 0.3635016679763794, 'start': 16, 'end': 21}, {'text': 'الاستجابه', 'label': 'حدث', 'score': 0.3539985418319702, 'start': 28, 'end': 37}]","وسريع, جدا راقي, والاخلاق, المندوب تعامله, الممتاز, وسرعه بالانجاز, وسريع الاستجابه, وخلوق, بالانجاز, موزع",14
52487306906907894,S25120024,300,"رأيك يهمنا، فضلاً شاركنا تعليق او مقترح يساعد في تحسين التجربة",TEXT_INPUT,ابو عبدالله الجاسر ونعم الرجل ,ابو عبدالله الجاسر ونعم الرجل,positive,"[{'text': 'ابو عبدالله الجاسر', 'label': 'شخص', 'score': 0.8818582892417908, 'start': 0, 'end': 18}, {'text': 'الرجل', 'label': 'شخص', 'score': 0.3383176624774933, 'start': 24, 'end': 29}]",متنوع,-1
24824742055555272,S25120024,300,"رأيك يهمنا، فضلاً شاركنا تعليق او مقترح يساعد في تحسين التجربة",TEXT_INPUT,اا,اا,negative,"[{'text': 'اا', 'label': 'منظمة', 'score': 0.38340938091278076, 'start': 0, 'end': 2}]","60, , , , , , , , , ",46
50406990421056465,S25120024,300,"رأيك يهمنا، فضلاً شاركنا تعليق او مقترح يساعد في تحسين التجربة",TEXT_INPUT,ا,ا,neutral,"[{'text': 'ا', 'label': 'منظمة', 'score': 0.5204023122787476, 'start': 0, 'end': 1}]","60, , , , , , , , , ",46
13621134810198745,S25120024,300,"رأيك يهمنا، فضلاً شاركنا تعليق او مقترح يساعد في تحسين التجربة",TEXT_INPUT,أن يتم أخذ التقييم بعين الإعتبار,ان يتم اخذ التقييم بعين الاعتبار,neutral,"[{'text': 'التقييم', 'label': 'حدث', 'score': 0.586158275604248, 'start': 11, 'end': 18}]",متنوع,-1
25597033819229485,S25120024,300,"رأيك يهمنا، فضلاً شاركنا تعليق او مقترح يساعد في تحسين التجربة",TEXT_INPUT,ألف شكر ,الف شكر,positive,"[{'text': 'الف شكر', 'label': 'شخص', 'score': 0.5091380476951599, 'start': 0, 'end': 7}]","الف, الف الف, الف شكرا, يعطيك, يعطيك العافيه, العافيه, الله يعطيك, الف شكر, الله, اخ",3
47466340370825895,S25120024,300,"رأيك يهمنا، فضلاً شاركنا تعليق او مقترح يساعد في تحسين التجربة",TEXT_INPUT,إعادة العمولة كما كانت سابقًا 60٪ا ,اعاده العموله كما كانت سابقًا 60٪ا,negative,"[{'text': 'اعاده العموله', 'label': 'حدث', 'score': 0.647499680519104, 'start': 0, 'end': 13}, {'text': 'سابقًا', 'label': 'وقت', 'score': 0.3236503601074219, 'start': 23, 'end': 29}]","كما, اعاده, العموله, 60, , , , , , ",64
41949370006371867,S25120024,300,"رأيك يهمنا، فضلاً شاركنا تعليق او مقترح يساعد في تحسين التجربة",TEXT_INPUT,إعادة العمولة كما كانت سابقًا ,اعاده العموله كما كانت سابقًا,negative,"[{'text': 'اعاده العموله', 'label': 'حدث', 'score': 0.6295080184936523, 'start': 0, 'end': 13}, {'text': 'سابقًا', 'label': 'وقت', 'score': 0.34711623191833496, 'start': 23, 'end': 29}]","كما, اعاده, العموله, 60, , , , , , ",64
54081262884753862,S25120024,300,"رأيك يهمنا، فضلاً شاركنا تعليق او مقترح يساعد في تحسين التجربة",TEXT_INPUT,إضافة خدمة التفعيل الذاتي ,اضافه خدمه التفعيل الذاتي,neutral,"[{'text': 'اضافه', 'label': 'منتج', 'score': 0.5321590304374695, 'start': 0, 'end': 5}, {'text': 'خدمه التفعيل الذاتي', 'label': 'منتج', 'score': 0.5668565630912781, 'start': 6, 'end': 25}]","الرجاء, رقم, توفير, تواصل, التاجر, الشركه, معي, التواصل, قنوات, نحتاج",4
49127511587281774,S25120024,300,"رأيك يهمنا، فضلاً شاركنا تعليق او مقترح يساعد في تحسين التجربة",TEXT_INPUT,أشكرك المندوب فالح,اشكرك المندوب فالح,positive,"[{'text': 'المندوب فالح', 'label': 'شخص', 'score': 0.688269853591919, 'start': 6, 'end': 18}]","اشكرك, نشكر المندوب, الغامدي, المندوب, نشكر, شكرا, , , , ",69
44610351085097064,S25120024,300,"رأيك يهمنا، فضلاً شاركنا تعليق او مقترح يساعد في تحسين التجربة",TEXT_INPUT,أشكر عبدالكريم العبدلي على سرعت التجاوب,اشكر عبدالكريم العبدلي علي سرعت التجاوب,positive,"[{'text': 'عبدالكريم العبدلي', 'label': 'شخص', 'score': 0.894155740737915, 'start': 5, 'end': 22}, {'text': 'التجاوب', 'label': 'حدث', 'score': 0.4507756233215332, 'start': 32, 'end': 39}]","العبدلي, الموظف طلال, علي سرعت, سرعت, عبدالكريم, طلال العنزي, الاستجابه اشكر, سرعه الاستجابه, طلال, العنزي",79
18967963806389972,S25120024,300,"رأيك يهمنا، فضلاً شاركنا تعليق او مقترح يساعد في تحسين التجربة",TEXT_INPUT,أشكر الموظف على إجتهاده وتفاعله وسرعة استجابته للتجار شكرا للموظف يحي الرشيدي,اشكر الموظف علي اجتهاده وتفاعله وسرعه استجابته للتجار شكرا للموظف يحي الرشيدي,positive,"[{'text': 'الموظف', 'label': 'شخص', 'score': 0.6762489676475525, 'start': 5, 'end': 11}, {'text': 'للتجار', 'label': 'حدث', 'score': 0.35073718428611755, 'start': 47, 'end': 53}, {'text': 'يحي الرشيدي', 'label': 'شخص', 'score': 0.8238189220428467, 'start': 66, 'end': 77}]","رحابه, رضا الشمري, يحي, القلب للموظف, رحابه صدره, للموظف رضا, يحي الرشيدي, علي رحابه, الموظف علي, رضا",63
58249236719574981,S25120024,300,"رأيك يهمنا، فضلاً شاركنا تعليق او مقترح يساعد في تحسين التجربة",TEXT_INPUT,‏أحتاج توفير رقم خدمة,احتاج توفير رقم خدمه,neutral,"[{'text': 'رقم خدمه', 'label': 'منظمة', 'score': 0.4203329086303711, 'start': 12, 'end': 20}]","الرجاء, رقم, توفير, تواصل, التاجر, الشركه, معي, التواصل, قنوات, نحتاج",4
18878477628117629,S25120024,300,"رأيك يهمنا، فضلاً شاركنا تعليق او مقترح يساعد في تحسين التجربة",TEXT_INPUT,We are need more stc sim ,,neutral,[],غير محدد,-1
60604593205920719,S25120024,300,"رأيك يهمنا، فضلاً شاركنا تعليق او مقترح يساعد في تحسين التجربة",TEXT_INPUT,kindly provide us the sim cards on time. wr don't have any stc sim cards from last 4 days. although sending order we don't received any sim cards. kindly send the sim cards as soon as possible.  thanks,4,neutral,"[{'text': '4', 'label': 'وقت', 'score': 0.47957512736320496, 'start': 0, 'end': 1}]","10, , , , , , , , , ",12
29141694015234312,S25120024,300,"رأيك يهمنا، فضلاً شاركنا تعليق او مقترح يساعد في تحسين التجربة",TEXT_INPUT,Good cop-rate ,-,neutral,"[{'text': '-', 'label': 'شخص', 'score': 0.36165717244148254, 'start': 0, 'end': 1}]","شك, جيد, لايوجد, شكرا, , , , , , ",21
52470104451070460,S25120024,300,"رأيك يهمنا، فضلاً شاركنا تعليق او مقترح يساعد في تحسين التجربة",TEXT_INPUT,60%,60,neutral,"[{'text': '60', 'label': 'وقت', 'score': 0.5343500971794128, 'start': 0, 'end': 2}]","60, , , , , , , , , ",46
56178650382080593,S25120024,300,"رأيك يهمنا، فضلاً شاركنا تعليق او مقترح يساعد في تحسين التجربة",TEXT_INPUT,548482091,548482091,neutral,"[{'text': '548482091', 'label': 'منظمة', 'score': 0.5136433243751526, 'start': 0, 'end': 9}]",متنوع,-1
24702719237249407,S25120024,300,"رأيك يهمنا، فضلاً شاركنا تعليق او مقترح يساعد في تحسين التجربة",TEXT_INPUT,100/100,100100,neutral,"[{'text': '100100', 'label': 'منظمة', 'score': 0.41234511137008667, 'start': 0, 'end': 6}]",متنوع,-1
21416784688371002,S25120024,300,"رأيك يهمنا، فضلاً شاركنا تعليق او مقترح يساعد في تحسين التجربة",TEXT_INPUT,10,10,neutral,"[{'text': '10', 'label': 'وقت', 'score': 0.505804717540741, 'start': 0, 'end': 2}]","10, , , , , , , , , ",12
56024324707810910,S25120024,300,"رأيك يهمنا، فضلاً شاركنا تعليق او مقترح يساعد في تحسين التجربة",TEXT_INPUT,1,1,neutral,"[{'text': '1', 'label': 'وقت', 'score': 0.4154953956604004, 'start': 0, 'end': 1}]",", , , , , , , , , ",23
60957770372829129,S25120024,300,"رأيك يهمنا، فضلاً شاركنا تعليق او مقترح يساعد في تحسين التجربة",TEXT_INPUT,0548482091,0548482091,neutral,"[{'text': '0548482091', 'label': 'شخص', 'score': 0.662102997303009, 'start': 0, 'end': 10}]",متنوع,-1
32414306652907580,S25120024,300,"رأيك يهمنا، فضلاً شاركنا تعليق او مقترح يساعد في تحسين التجربة",TEXT_INPUT,. حوافز لشركاء النجاح معكم,حوافز لشركاء النجاح معكم,positive,"[{'text': 'حوافز', 'label': 'منتج', 'score': 0.41126373410224915, 'start': 0, 'end': 5}, {'text': 'النجاح', 'label': 'منظمة', 'score': 0.491662859916687, 'start': 13, 'end': 19}]",متنوع,-1
15387395028035052,S25120024,300,"رأيك يهمنا، فضلاً شاركنا تعليق او مقترح يساعد في تحسين التجربة",TEXT_INPUT,",من افضل",افضل,positive,"[{'text': 'افضل', 'label': 'منتج', 'score': 0.46929091215133667, 'start': 0, 'end': 4}]",متنوع,-1
4866463364696428,S25120024,300,"رأيك يهمنا، فضلاً شاركنا تعليق او مقترح يساعد في تحسين التجربة",TEXT_INPUT, خط ساخن للدعم الفني ,خط ساخن للدعم الفني,neutral,"[{'text': 'خط ساخن للدعم الفني', 'label': 'منظمة', 'score': 0.6475712060928345, 'start': 0, 'end': 19}]",متنوع,-1
14679313066594349,S25120024,300,"رأيك يهمنا، فضلاً شاركنا تعليق او مقترح يساعد في تحسين التجربة",TEXT_INPUT, توقفات متكرره في اليوزر  عند استخراج  شريحة ,توقفات متكرره في اليوزر عند استخراج شريحه,neutral,"[{'text': 'توقفات متكرره', 'label': 'حدث', 'score': 0.5937702655792236, 'start': 0, 'end': 13}, {'text': 'اليوزر', 'label': 'منتج', 'score': 0.6214767098426819, 'start': 17, 'end': 23}, {'text': 'استخراج', 'label': 'حدث', 'score': 0.43293091654777527, 'start': 28, 'end': 35}, {'text': 'شريحه', 'label': 'منتج', 'score': 0.640405535697937, 'start': 36, 'end': 41}]","استخراج, اليوزر, بدون, مستمر, رد, متكرره, وقت, خلال, شريحه, فيه",81
4347518170981476,S25120024,300,"رأيك يهمنا، فضلاً شاركنا تعليق او مقترح يساعد في تحسين التجربة",TEXT_INPUT, امل اعادة النظر لمندوب المبيعات لعدم التجاوب معانا في طلبات الشرايح وعدم اخبارنا عن وجود مسابقات ,امل اعاده النظر لمندوب المبيعات لعدم التجاوب معانا في طلبات الشرايح وعدم اخبارنا عن وجود مسابقات,negative,"[{'text': 'امل', 'label': 'شخص', 'score': 0.4315301179885864, 'start': 0, 'end': 3}, {'text': 'المبيعات', 'label': 'منظمة', 'score': 0.4681353271007538, 'start': 23, 'end': 31}, {'text': 'الشرايح', 'label': 'منتج', 'score': 0.5053055882453918, 'start': 60, 'end': 67}, {'text': 'مسابقات', 'label': 'حدث', 'score': 0.726438045501709, 'start': 89, 'end': 96}]","النظر, طلبات, التجاوب معانا, لمندوب, اخبارنا, وجود مسابقات, وعدم اخبارنا, عده, الشرايح وعدم, مسابقات",92
49285193873175575,S25120024,300,"رأيك يهمنا، فضلاً شاركنا تعليق او مقترح يساعد في تحسين التجربة",TEXT_INPUT, المندوب جداا مميز وسرعه بالانجاز,المندوب جداا مميز وسرعه بالانجاز,positive,"[{'text': 'المندوب', 'label': 'شخص', 'score': 0.884787917137146, 'start': 0, 'end': 7}]","وسريع, جدا راقي, والاخلاق, المندوب تعامله, الممتاز, وسرعه بالانجاز, وسريع الاستجابه, وخلوق, بالانجاز, موزع",14
12646372910569941,S25120024,300,"رأيك يهمنا، فضلاً شاركنا تعليق او مقترح يساعد في تحسين التجربة",TEXT_INPUT, الاكترونيه إضافة الشرائح ,الاكترونيه اضافه الشرائح,neutral,"[{'text': 'الاكترونيه', 'label': 'منتج', 'score': 0.6607500910758972, 'start': 0, 'end': 10}, {'text': 'اضافه الشرائح', 'label': 'منتج', 'score': 0.5107182860374451, 'start': 11, 'end': 24}]",متنوع,-1
12646372910569941,S25120024,300,"رأيك يهمنا، فضلاً شاركنا تعليق او مقترح يساعد في تحسين التجربة",TEXT_INPUT, إضافة الشرائح ا,اضافه الشرائح ا,neutral,"[{'text': 'اضافه', 'label': 'شخص', 'score': 0.34381502866744995, 'start': 0, 'end': 5}, {'text': 'الشرائح', 'label': 'منتج', 'score': 0.4463035762310028, 'start': 6, 'end': 13}, {'text': 'ا', 'label': 'منتج', 'score': 0.3359369933605194, 'start': 14, 'end': 15}]",متنوع,-1
46841941133838673,S25120024,300,"رأيك يهمنا، فضلاً شاركنا تعليق او مقترح يساعد في تحسين التجربة",TEXT_INPUT, %60 إعادة العمولة كما كانت سابقًا ,60 اعاده العموله كما كانت سابقًا,neutral,"[{'text': '60', 'label': 'وقت', 'score': 0.4639156460762024, 'start': 0, 'end': 2}, {'text': 'اعاده العموله', 'label': 'حدث', 'score': 0.5891297459602356, 'start': 3, 'end': 16}, {'text': 'سابقًا', 'label': 'وقت', 'score': 0.3999081254005432, 'start': 26, 'end': 32}]","كما, اعاده, العموله, 60, , , , , , ",64
2.74437E+16,S25120024,300,"رأيك يهمنا، فضلاً شاركنا تعليق او مقترح يساعد في تحسين التجربة",TEXT_INPUT,الله يجزا الموظف رضا الشمري علئ رحابه صدره واهتمامه الدائم ,الله يجزا الموظف رضا الشمري علئ رحابه صدره واهتمامه الدائم,positive,"[{'text': 'الله', 'label': 'منظمة', 'score': 0.44348523020744324, 'start': 0, 'end': 4}, {'text': 'الموظف', 'label': 'شخص', 'score': 0.32471978664398193, 'start': 10, 'end': 16}, {'text': 'رضا الشمري', 'label': 'شخص', 'score': 0.9156575202941895, 'start': 17, 'end': 27}, {'text': 'رحابه صدره', 'label': 'حدث', 'score': 0.38044026494026184, 'start': 32, 'end': 42}]","رحابه, رضا الشمري, يحي, القلب للموظف, رحابه صدره, للموظف رضا, يحي الرشيدي, علي رحابه, الموظف علي, رضا",63
4.01024E+16,S25120024,300,"رأيك يهمنا، فضلاً شاركنا تعليق او مقترح يساعد في تحسين التجربة",TEXT_INPUT,شكرا للمندوب رضاء على اهتمامه وتعاونه,شكرا للمندوب رضاء علي اهتمامه وتعاونه,positive,"[{'text': 'شكرا', 'label': 'شخص', 'score': 0.4359397888183594, 'start': 0, 'end': 4}, {'text': 'للمندوب', 'label': 'شخص', 'score': 0.6495807766914368, 'start': 5, 'end': 12}, {'text': 'اهتمامه', 'label': 'حدث', 'score': 0.39473363757133484, 'start': 22, 'end': 29}]",متنوع,-1
4.00183E+16,S25120024,300,"رأيك يهمنا، فضلاً شاركنا تعليق او مقترح يساعد في تحسين التجربة",TEXT_INPUT,شكرًا للأح تركي على أخلاقه العالية وتجاوبه السريع وخدمته لنا بشكل رائع وسريع ومُميّز,شكرًا للاح تركي علي اخلاقه العاليه وتجاوبه السريع وخدمته لنا بشكل رائع وسريع ومُميّز,positive,"[{'text': 'للاح تركي', 'label': 'شخص', 'score': 0.7116773724555969, 'start': 6, 'end': 15}, {'text': 'اخلاقه العاليه', 'label': 'حدث', 'score': 0.3134973645210266, 'start': 20, 'end': 34}]","تعامله, حسن تعامله, اشكر الموظف, اشكر, استجابته, الموظف رضا, الشمري علي, رضا الشمري, رضا, علي حسن",11
3.9774E+16,S25120024,300,"رأيك يهمنا، فضلاً شاركنا تعليق او مقترح يساعد في تحسين التجربة",TEXT_INPUT,اشكر الموظف تركي عبدالله المعاوي لحسن تعامله وسرعة تنفيذ الطلب ,اشكر الموظف تركي عبدالله المعاوي لحسن تعامله وسرعه تنفيذ الطلب,positive,"[{'text': 'الموظف', 'label': 'شخص', 'score': 0.33286917209625244, 'start': 5, 'end': 11}, {'text': 'تركي عبدالله المعاوي', 'label': 'شخص', 'score': 0.8318276405334473, 'start': 12, 'end': 32}, {'text': 'تعامله', 'label': 'حدث', 'score': 0.31721097230911255, 'start': 38, 'end': 44}, {'text': 'تنفيذ', 'label': 'حدث', 'score': 0.39208200573921204, 'start': 51, 'end': 56}, {'text': 'الطلب', 'label': 'حدث', 'score': 0.542198896408081, 'start': 57, 'end': 62}]","تعامله, حسن تعامله, اشكر الموظف, اشكر, استجابته, الموظف رضا, الشمري علي, رضا الشمري, رضا, علي حسن",11
2.7548E+16,S25120024,300,"رأيك يهمنا، فضلاً شاركنا تعليق او مقترح يساعد في تحسين التجربة",TEXT_INPUT,كل الشكر والثناء للاستاذ تركي عبدالله على حسن التعامل والرد في جميع الاوراق ,كل الشكر والثناء للاستاذ تركي عبدالله علي حسن التعامل والرد في جميع الاوراق,positive,"[{'text': 'تركي عبدالله علي حسن', 'label': 'شخص', 'score': 0.7854964733123779, 'start': 25, 'end': 45}, {'text': 'الاوراق', 'label': 'منتج', 'score': 0.46426570415496826, 'start': 68, 'end': 75}]","المستمره نشكر, المستمره, نشكر الاخ, والتواصل, علي المتابعه, المتابعه, الاخ تركي, نشكر, تركي علي, والمتابعه المستمره",44
2.75488E+16,S25120024,300,"رأيك يهمنا، فضلاً شاركنا تعليق او مقترح يساعد في تحسين التجربة",TEXT_INPUT,الله يبيض وجه والله يسعده دنيا واخره والله مايقصر في شي ,الله يبيض وجه والله يسعده دنيا واخره والله مايقصر في شي,positive,"[{'text': 'الله', 'label': 'شخص', 'score': 0.7660998702049255, 'start': 0, 'end': 4}, {'text': 'وجه', 'label': 'مكان', 'score': 0.40327540040016174, 'start': 10, 'end': 13}, {'text': 'دنيا واخره', 'label': 'مكان', 'score': 0.49697592854499817, 'start': 26, 'end': 36}]","يسعده, بيض, الله, الله يسعده, والله, الله يعطيه, شي, وليد, الاخلاق, يعطيه العافيه",19
4.00181E+16,S25120024,300,"رأيك يهمنا، فضلاً شاركنا تعليق او مقترح يساعد في تحسين التجربة",TEXT_INPUT,نشكر الأستاذ تركي المعاوي على حسن تعامله وتعاونه معنا في كل ما نحتاجه ,نشكر الاستاذ تركي المعاوي علي حسن تعامله وتعاونه معنا في كل ما نحتاجه,positive,"[{'text': 'الاستاذ تركي المعاوي', 'label': 'شخص', 'score': 0.8424198627471924, 'start': 5, 'end': 25}, {'text': 'تعامله', 'label': 'حدث', 'score': 0.3464185297489166, 'start': 34, 'end': 40}, {'text': 'نحتاجه', 'label': 'منظمة', 'score': 0.37575554847717285, 'start': 63, 'end': 69}]","تعامله, حسن تعامله, اشكر الموظف, اشكر, استجابته, الموظف رضا, الشمري علي, رضا الشمري, رضا, علي حسن",11
4.00181E+16,S25120024,300,"رأيك يهمنا، فضلاً شاركنا تعليق او مقترح يساعد في تحسين التجربة",TEXT_INPUT,نشكر الاستاذ تركي عبدالله المعاوي على تعاونه معنا ,نشكر الاستاذ تركي عبدالله المعاوي علي تعاونه معنا,positive,"[{'text': 'الاستاذ تركي عبدالله المعاوي', 'label': 'شخص', 'score': 0.8134709000587463, 'start': 5, 'end': 33}]","علي تعاونه, تعاونه, محمد, علي حرصه, شكر خاص, المعاوي علي, حرصه, رضاء محمد, الوهيبي, المستمر",48
4.01894E+16,S25120024,300,"رأيك يهمنا، فضلاً شاركنا تعليق او مقترح يساعد في تحسين التجربة",TEXT_INPUT,شكراً على البشاشة والاهتمام والتعليم والمتابعة الله يعطيك العافية,شكراً علي البشاشه والاهتمام والتعليم والمتابعه الله يعطيك العافيه,positive,"[{'text': 'شكرا', 'label': 'شخص', 'score': 0.5643078088760376, 'start': 0, 'end': 4}, {'text': 'البشاشه', 'label': 'حدث', 'score': 0.5069189667701721, 'start': 10, 'end': 17}]",متنوع,-1
4.01937E+16,S25120024,300,"رأيك يهمنا، فضلاً شاركنا تعليق او مقترح يساعد في تحسين التجربة",TEXT_INPUT,نامل منكم خفض اسعار البيانات ,نامل منكم خفض اسعار البيانات,negative,"[{'text': 'نامل', 'label': 'شخص', 'score': 0.6067984700202942, 'start': 0, 'end': 4}, {'text': 'منكم', 'label': 'شخص', 'score': 0.4036291241645813, 'start': 5, 'end': 9}, {'text': 'البيانات', 'label': 'منتج', 'score': 0.5155484676361084, 'start': 20, 'end': 28}]",متنوع,-1
